review_id,user_name,rating,title,review_text,app_version,vote_sum,review_date,app_name,app_slug,platform,store_id
14457629448,Drtdrtstv,1,mau cek history transaki transfer antar bank tidak ada.,"mestinya semua mbanking pasti ada history transaksi antar bank, semisal lupa ss, bisa buka lagi list transaksi transfer. tp di history tidak muncul, yg muncul hanya tfr ke dana,gojek, token payment.. tp jejal transfer antar bank NOTHING!! uda ikutin saran admin.. reinstall tp tetep gk muncul, yg muncul hanya di email, sdngkn sy butuh sama sprti pas muncul ketika transfer buktinya.",1.53.64,0,2026-08-21T23:31:54-07:00,Allo Bank,allo_bank,app_store,1591223632
14457615290,vdjaksx,5,bermanfaat bgtt,"allo bank punya banyak promoo guysss enak bgtt,pengajuan paylater nya pun cepett dan tarik tunaii berkalu bahkan dana atau qrisss",1.53.64,0,2026-08-21T23:25:43-07:00,Allo Bank,allo_bank,app_store,1591223632
14457430913,allobank not worth it,1,tidak taat ojk,"dilaporkan ke ojk malah ngeles kalo sudah ke alamat domisili..kata penagih,,alamat domisili merupakah opsi",1.53.64,0,2026-08-21T22:03:11-07:00,Allo Bank,allo_bank,app_store,1591223632
14457014409,Eishabil,5,Allo grow,"Skrng ga perlu pusing mikirin cara buat manage uang kebutuhan sehari-hari , ada allo grow , yang applikasinya sangat mudah dipahami, prosesnya cepat. 👍🏻✨",1.53.64,0,2026-08-21T19:08:36-07:00,Allo Bank,allo_bank,app_store,1591223632
14456840582,Dimsky89,1,Crash Terus dan Susah mengajukan limit,"Mau ganti no Hp crash terus, kebanyakan bugs.
Sudah lama ajukan limit paylater di reject terakhir agustus 2025, masa iseng download dan coba ajukan ga bisa juga? Belum update data dll langsung ga bisa aja",1.53.64,0,2026-08-21T18:00:13-07:00,Allo Bank,allo_bank,app_store,1591223632
14452840921,nova fadillah,2,allo bank keren,jujur suka banget pakai allo bank ini,1.53.64,0,2026-08-20T17:42:22-07:00,Allo Bank,allo_bank,app_store,1591223632
14449753752,febrina anatasya,5,allo bank is the best,Menurutku allobank ini sih yang aman bgt dan bisa dipercaya,1.53.64,0,2026-08-19T23:55:11-07:00,Allo Bank,allo_bank,app_store,1591223632
14448744815,Analuvye,5,Allo Bank,"Pake allo deposito disini cukup praktis, bunga di allo deposito dijelaskan secara rinci, informasi untuk tenor nya juga dijelaskan secara detail, jadi jangan ragu untuk buka allo deposito.",1.53.64,0,2026-08-19T17:05:24-07:00,Allo Bank,allo_bank,app_store,1591223632
14447191058,Deaz from indonesia,1,Hati Hati dengan iming2 bunga 0%,"Pinjam 1jt biaya adm 60ribu
Total yang diterima 940ribu
Pelunasa Bayar Tagihan 1jt 50 ribu
Iming iming 0% setelah dicairkan total bunga 10% gila",1.53.64,0,2026-08-19T08:11:32-07:00,Allo Bank,allo_bank,app_store,1591223632
14446242661,Wisnu14_,5,Allo Deposito from Allo Bank,"Suka sama pilihan tenor di Allo Deposito. Prosesnya cepat, praktis, dan aman dalam satu genggaman aplikasi",1.53.64,0,2026-08-19T03:18:52-07:00,Allo Bank,allo_bank,app_store,1591223632
14441859177,khoirunnisa amalia salsabila,5,allo bank,"allo bank Fitur transfernya mudah digunakan, prosesnya praktis dan tampilannya sederhana,Sejauh ini cukup nyaman untuk transaksi sehari-hari.",1.53.64,0,2026-08-18T00:48:43-07:00,Allo Bank,allo_bank,app_store,1591223632
14441650410,j721ul,1,makin gajelas,"skrng udh login malah kelogout lagi, mau transfer lemot bacaannya koneksi jelek padahal koneksi bagus",1.53.64,0,2026-08-17T23:18:30-07:00,Allo Bank,allo_bank,app_store,1591223632
14441625658,Eka Ryan,5,Allo bank,Allo bank punya banyak fitur yang menarik cocok buat kalian yang mau nabung dan masi banyak fitur yang bisa saya gunakan contoh nya fitur paylater,1.53.64,0,2026-08-17T23:07:32-07:00,Allo Bank,allo_bank,app_store,1591223632
14440550045,Kirucute,5,Allo grow,"Allo grow sangat memudahkan kita banget untuk bisa mengembangkan dana kita tanpa ribet. Apalagi jaman skrg, jadi kita butuh yang cepat, aman dan tanpa ribet",1.53.64,0,2026-08-17T15:55:51-07:00,Allo Bank,allo_bank,app_store,1591223632
14434332022,Aftardhan,5,Allo grow,Pakai allo grow enak banget banyak promo,1.53.64,0,2026-08-16T03:59:02-07:00,Allo Bank,allo_bank,app_store,1591223632
14432286941,Reza Keren320,5,keren,"bagus bgt,memudahkan pengguna karna ada fitur virtual debit cardnya,jadi tidak perlu repot repot bawa dompet kemana mana.",1.53.64,0,2026-08-15T14:09:29-07:00,Allo Bank,allo_bank,app_store,1591223632
14431338585,Apk Taek Anjlng,2,Sangat mahal,Suku bunga dana tunainya yg di tawarkan sangat sangat mahal,1.53.64,0,2026-08-15T08:59:57-07:00,Allo Bank,allo_bank,app_store,1591223632
14429989108,nonameee03,4,sulit,hanya bisa untuk bayar angsuran 1 akun. klo mau bayar angsuran lain gk bisa gagal terus. sering pembaruan tapi ya ga gaada perubahan,1.53.64,0,2026-08-15T01:42:49-07:00,Allo Bank,allo_bank,app_store,1591223632
14429774604,Penguna indosat,1,Kecewa,"Nyesel daftarin playlter di allo bank
Semenjak daftar playlter jadi banyak pinjol yg tlp tolong dong data org di jaga walapun gak di kasih limit tapi se gak nya data di jaga",1.53.64,0,2026-08-15T00:14:09-07:00,Allo Bank,allo_bank,app_store,1591223632
14426003343,Faisur12,5,Allo grow,"Pengalaman menggunakan Allo Bank
sangat memuaskan! Aplikasi mudah dipakai, transaksi cepat, dan layanannya responsif. Sangat mendukung semangat Allo Grow-tumbuh dan berkembang bersama dalam kemudahan layanan keuangan yang terpercaya.",1.53.64,0,2026-08-14T02:17:18-07:00,Allo Bank,allo_bank,app_store,1591223632
14424895459,Vhalldy,5,Promo,"Gak perlu ribet lagi, allo bank sudah memiliki Virtual Debit Card untuk pembayaran online",1.53.64,0,2026-08-13T18:42:42-07:00,Allo Bank,allo_bank,app_store,1591223632
14420815958,labubuuuy,5,Allobank,"Allo Deposito beneran gampang banget! Bunga kompetitif, prosesnya cepat, dan aman. Rekomended. Baru coba dan puas banget. Cairin bunganya fleksibel, aplikasinya juga gak ribet.",1.53.64,0,2026-08-12T18:32:54-07:00,Allo Bank,allo_bank,app_store,1591223632
14418919837,Alxs666,1,Bobrok,Aplikasi bobrok dungu bego buka dikit langsung close. Buka dikit network error. Tolol,1.53.64,0,2026-08-12T07:40:39-07:00,Allo Bank,allo_bank,app_store,1591223632
14417321304,dilorr1234&@,5,Allo Deposito,"apk keren, allo bank memudahkan transaksi, deposito dan juga tabungan.",1.53.64,0,2026-08-11T22:05:20-07:00,Allo Bank,allo_bank,app_store,1591223632
14412898118,cacabtrsz,1,tlfn tdk d knl,app gjls sepenjak download ini ada tlfn ga di knl trus udh di blok tpi gnti gnti trs nomernya,1.53.64,0,2026-08-10T19:52:03-07:00,Allo Bank,allo_bank,app_store,1591223632
14408555872,CarinaNurFirdaus,5,Penilaian,"Dengan Virtual Debit Card mempermudah pembayaran online, tanpa harus ribet ngambil dompet. Dan juga praktis",1.53.64,0,2026-08-09T17:26:26-07:00,Allo Bank,allo_bank,app_store,1591223632
14402185164,zsnisehebd usishwjan,1,Dana instan dan paylater,"Peraturan model apa kek gini, mau ngajukan yg nasabah harus top up dulu, sama aja minjam atau paylater pakai uang kita sendiri sementara keuntungannya untuk allo bank, sangat tidak rekomendasi dan tidak seperti aplikasi lainnya.",1.53.64,0,2026-08-08T02:36:08-07:00,Allo Bank,allo_bank,app_store,1591223632
14397039287,Nad17ward,5,Allo bank,"Apk bagus, allo deposito, allo grow dan virtual debit card yang bagus.",1.53.64,0,2026-08-06T18:04:05-07:00,Allo Bank,allo_bank,app_store,1591223632
14393851504,sang mister,1,Testimoni,"Jangan sampe terjebak sama aplikasi ini. Marketing nya getol nawarin. Kirain bank resmi.
Ternyata sama aja dengan PINJOL ILEGAL. Bunga nya besar. Admin nya gilak KEBESARAN. Besar banget admin nya. 
Terus ya DENDA NYA YA. Telat sehari doang dendanya BESAR BANGET. Gak masuk akal. Sumpah jgn download aplikasi ini. Bukan bank. Ini pinjol ilegal.",1.53.64,0,2026-08-05T23:34:43-07:00,Allo Bank,allo_bank,app_store,1591223632
14393068526,may fahriza,5,ALLO BANK THE BEST,"keren bangettt,aku nyoba buka allo deposito ternyata emang sat set dan sepraktis itu,apalagi kita bisa liat tenor dan bunga dengan jelas jugaa,pokonya the best dehh allo bank",1.53.64,0,2026-08-05T18:14:49-07:00,Allo Bank,allo_bank,app_store,1591223632
14392594297,Fanyrastania,5,Allo grow,"Keren nih apk, pake Allo Grow gampang banget gapake biaya admin tambahan juga sangat membantu buat kaum mendang mending kaya aku",1.53.64,0,2026-08-05T15:10:10-07:00,Allo Bank,allo_bank,app_store,1591223632
14389597591,zahra alya maharani,5,bagus,"saya belanja pakai allo bank banyak banget promo yang berlaku, trus bener”cepet approveval sewaktu saya daftar. lebih lagi saya sering tarik tunai pakai allo bank🥰",1.53.64,0,2026-08-04T22:08:46-07:00,Allo Bank,allo_bank,app_store,1591223632
14389310208,ynawlyh,5,ynawlyh,"di allo bank tidak dipotong biaya admin perbulannya, di allo bank juga proses buka rekeningnya cepat hanya hitungan menit dan bisa lewat hp, banyak fitur fitur menarik yang disediakan di allo bank seperti paylater bayar praktis dll",1.53.64,0,2026-08-04T20:10:33-07:00,Allo Bank,allo_bank,app_store,1591223632
14385902304,24;9&8,5,Allo Bank,dana instan bisa narik berkali kalii bes banyak bgt promonya,1.53.64,0,2026-08-04T00:55:54-07:00,Allo Bank,allo_bank,app_store,1591223632
14385331412,mr junnaa,5,ok,ok,1.53.64,0,2026-08-03T20:56:04-07:00,Allo Bank,allo_bank,app_store,1591223632
14385190007,53 LLY,5,Payllater,"Baik bgt si, walaupun masi ada pinjaman selagi limitnya ada dipake lagi bisa dan tdk mempersulit. Krn aku jg amanah slalu byr. Terima kasi allo.",1.53.64,0,2026-08-03T20:00:57-07:00,Allo Bank,allo_bank,app_store,1591223632
14372871368,Jokogdb,5,Bagus,Aplikasi perbankan digital paling andal! Di dalamnya banyak promo seru dan diskon menarik yang lumayan banget buat menghemat pengeluaran belanja mingguan saya,1.53.64,0,2026-07-31T19:06:42-07:00,Allo Bank,allo_bank,app_store,1591223632
14370125709,cakranohan,1,Aplikasi sampah,"Ribet banget mau tranfer aja connection lost trus padahal pake internetan aman, gak sekali 2 kali tp keseringan kayak gini, emang waktunya balik ke seabank aja enak",1.53.64,0,2026-07-31T04:02:15-07:00,Allo Bank,allo_bank,app_store,1591223632
14368849552,Ayunisya,5,Allo grow,Keren banget di fitur allo grow bisa dapatin hadiah waktu buka tabungan dan juga ada asuransi perlindungannya,1.53.64,0,2026-07-30T19:32:23-07:00,Allo Bank,allo_bank,app_store,1591223632
14364261738,satriaazka,5,allo bank,"allo deposito sangat praktis, informasi tenor dan bunga yang ditampilkan sangat jelas",1.53.64,0,2026-07-29T16:13:36-07:00,Allo Bank,allo_bank,app_store,1591223632
14357587102,Tikaaaja,5,Allo deposito,Allo bank sangat memudahkan pengguna. Dimana fiturnya bagus dan memudahkan pengguna apalagi yang baru pakai. Dengan fitur paylater yang memudahkan pengguna,1.53.52,0,2026-07-28T01:46:15-07:00,Allo Bank,allo_bank,app_store,1591223632
14357580948,mochichees,1,CRASH TERUS,sumpah nguras tenaga bgt ini aplikasi. bnrbnr crash terus mau transaksi qris di toko jd malu krn sesusah itu login aplikasi dan transaksinya CRASH terus. gimana mau jd nasabah loyal klo aplikasinya sejelek ini? team IT-nya kerja ga si?,1.53.52,0,2026-07-28T01:43:45-07:00,Allo Bank,allo_bank,app_store,1591223632
14357323112,Pebriynt,5,Allo deposito,"Best bngt nih ccok untuk deposito dsini, lancar mudah digunakan.",1.53.52,0,2026-07-27T23:57:17-07:00,Allo Bank,allo_bank,app_store,1591223632
14354419771,Suharto77,3,Performa aplikasi,"Overall uda bagus tapi ada kekurangan yg mengganggu saat penggunaan sehari-hari, yaitu: 1. Deteksi wajah sangat lambat dan tidak akurat, apalagi pencahayaan kurang, sering bulak balik login keluar lagi jadi cukup mengganggu, apalaginketika mau bayar cepat pakai qris. 2. Untuk koneksi di kota sih cukup oke gak gangguan, kalo di luar kota atau lg liburan dekat gunung sinyal ya gak lambat amat,nah disini aplikasi jadi ngeselin, susah login kalo mau bayar pake qris ditempat wisata.",1.53.52,0,2026-07-27T06:55:13-07:00,Allo Bank,allo_bank,app_store,1591223632
14354419671,Dimas2003_,2,Mohon diperbaiki lagi nih aplikasi,"Ga jelas sering keluar"" sendiri sama selalu gaada jaringan jelas"" jaringan nya bagus makin kesini makin ga jelas",1.53.52,0,2026-07-27T06:55:12-07:00,Allo Bank,allo_bank,app_store,1591223632
14354264901,sarahaklaimaaa,1,review jujur,"jelek banget cok, loading parah padahal koneksi internet lancar aman jaya. tolong lah diperbaiki masalah yang kaya gini, bikin pengguna keribetan klo mau tf duit sat set. padahal fiturnya udah mantep loh? minus minus minus bgt di loading parah aja.",1.53.52,0,2026-07-27T06:10:27-07:00,Allo Bank,allo_bank,app_store,1591223632
14349136944,sasasisi722,5,bagus,"Pelayanannya bagus dan fiturnya lengkap. Saya suka Allo Deposito, Allo Grow, dan Virtual Debit Card yang praktis digunakan. Sebagai bagian dari CT Crop, Allo Bank semakin memudahkan kebutuhan finansial sehari-hari.",1.53.52,0,2026-07-25T22:44:28-07:00,Allo Bank,allo_bank,app_store,1591223632
14347762244,mrdwn6148,5,"sudah 1 tahun pake ini , nikmatnya transfer tanpa biaya admin",mantap,1.53.52,0,2026-07-25T13:26:21-07:00,Allo Bank,allo_bank,app_store,1591223632
14345396569,hhegshs,1,GAK JELAS,"APLIKASI TERJELEK!PELAYANAN KURANG,RIBET,BANYAK POTONGAN YG TIDAK KONSISTEN,JANGAN MAU PAKE APLIKASI INI.",1.53.52,0,2026-07-24T23:54:23-07:00,Allo Bank,allo_bank,app_store,1591223632
14345112489,Peyaaa2311,5,allow,"Baru coba pakai Allow Bank dan sejauh ini pengalaman saya cukup memuaskan. Aplikasi mudah digunakan, prosesnya cepat, dan tampilannya simpel. Yang paling menarik adalah fitur Allow Grow, yang bikin dana bisa berkembang dengan lebih praktis sambil tetap mudah dipantau. Cocok buat yang ingin mulai mengelola keuangan dengan lebih bijak. Sejauh ini puas menggunakan Allow Bank!",1.53.52,0,2026-07-24T21:52:19-07:00,Allo Bank,allo_bank,app_store,1591223632
14344847930,Allo bank sampah,1,Aplikasi bank babi,Ga masuk akal orng top up pake duit sendiri dan qris duit top up sendiri terakhir di suruh bayar tagihan lawak aplikasi ni kek mana mau besar allo bank ni pake cara nipuiin,1.53.52,0,2026-07-24T20:02:42-07:00,Allo Bank,allo_bank,app_store,1591223632
14341761131,dera elvira,5,Allobank sangat memudahkan,"Allobank sangat memudahkan sekali transaksi online, pendaftaran nya mudah, allo deposito nya fleksibel saat pencairan, aman dan terdaftar resmi, proses buka deposito nya juga cepat, cocok buat dana darurat atau dana yang belum mau di pakai",1.53.52,0,2026-07-24T02:21:54-07:00,Allo Bank,allo_bank,app_store,1591223632
14340862126,Yuuuuuuuuuhhhhu,5,Good,Recomend,1.53.52,0,2026-07-23T20:07:38-07:00,Allo Bank,allo_bank,app_store,1591223632
14340459491,amelcintalestari,5,keuntungan memakai allobank,"Pengalaman pribadi saya  menggunakan Allo Bank sangat baik. Proses registrasi mudah, transaksi lancar, dan aplikasinya responsif. Fitur Allo Deposito juga sangat membantu karena menawarkan cara menabung yang praktis dan nyaman. Sangat direkomendasikan untuk kebutuhan transaksi dan keuangan sehari-hari.",1.53.52,0,2026-07-23T17:34:29-07:00,Allo Bank,allo_bank,app_store,1591223632
14334279408,mas yudis,5,allo bank,semenjak pakai allobank semua jadi mudah untuk transaksi mulai dari warung sampai e-commers,1.53.52,0,2026-07-22T06:00:08-07:00,Allo Bank,allo_bank,app_store,1591223632
14333532437,fatihatusyura,5,Allow grow,aplikasi tepercaya bagus sekali saya suka,1.53.52,0,2026-07-22T01:31:37-07:00,Allo Bank,allo_bank,app_store,1591223632
14329332800,Jasonelf,1,Ribet,"Penutupan akun atau bahkan sekedar nonaktifkan paylater harus isi form tanda tangan dengan materai 10rb
Heran banget, kesannya pengen banget nasabah nya ga bisa nonaktifkan paylater supaya bisa kejebak, tombol paylater nya juga sengaja dipopup iklannya berkali kali, sekali keklik langsung jadi akun paylaternya padahal kita ga may buat
Najis",1.53.52,0,2026-07-21T00:22:05-07:00,Allo Bank,allo_bank,app_store,1591223632
14328810832,Chasaa_,1,Pelayanan,"Jelek pelayanannya muter2, udah telpon disuruh ke gmail, pas di gmail ga dibalas balas. Padahal saya transfer dari pihak lain udah konfirmasi bahwa sudah kekirim tapi saldo ga masuk di Allo bank nya.",1.53.52,0,2026-07-20T20:38:39-07:00,Allo Bank,allo_bank,app_store,1591223632
14324903483,Jessica Vernanda,5,Allo Bank,"No ribet ribet club. Virtual Debit Card jadi penyelamat buat belanja online sih, fix kepake terus.",1.53.52,0,2026-07-19T21:05:15-07:00,Allo Bank,allo_bank,app_store,1591223632
14319219420,Indmhrni,5,Sangat membantu,Allo bank punya fitur paylatter yang ngebantu aku banget pas butuh dana mendesak. Qrisnya juga bisa dipakai dari warung sampai e-commerce,1.53.52,0,2026-07-18T10:48:50-07:00,Allo Bank,allo_bank,app_store,1591223632
14313469591,Apriliyano,5,Aplikasi Allo Bank Memuaskan sekali untuk tarik dana instan,"Pengalaman tarik dana instan dengan menggunakan Allo Bank sangat memuaskan. Transaksinya lancar, cepat diproses, dan tidak ribet.",1.53.52,0,2026-07-17T01:51:32-07:00,Allo Bank,allo_bank,app_store,1591223632
14312783347,siskaverlita,2,ALLO BANK RECOMMENDED,"sejak pakai Allo Bank, ngatur keuangan jadi lebih praktis. Allo Bank jadi salah satu aplikasi keuangan favoritku karena fiturnya lengkap dan mudah digunakan. Allo Grow bikin semangat menabung karena lebih fleksibel, sementara Allo Deposito cocok untuk menyimpan dana dengan bunga yang kompetitif. Aku juga sering memakai Virtual Debit Card untuk belanja online karena praktis dan terasa lebih aman. Ditambah banyak promo dan cashback yang bikin transaksi makin hemat. Aplikasinya simpel, fiturnya lengkap, dan Sangat recommended!",1.53.52,0,2026-07-16T21:07:43-07:00,Allo Bank,allo_bank,app_store,1591223632
14311464980,Sansi setia permana,4,Limit paylatter,Sudah dilunasin malah 0rp limitnya gimana nih min ?,1.53.52,0,2026-07-16T12:51:35-07:00,Allo Bank,allo_bank,app_store,1591223632
14308718299,valmanda02,5,allow deposit,"cari cari bank yang ada depositnya tapi aman ketemu allobank ternyata punya juga Allo Deposit, bakal tetep pake aplikasi ini siih rekomen banget, tenang banget pokok keren siih aplikasinya",1.53.52,0,2026-07-15T20:57:00-07:00,Allo Bank,allo_bank,app_store,1591223632
14308530552,Ttptptptptopr,5,Allo Deposit,Keuangan saya jdi aman karna deposit di Allo Deposit penggunaanya juga mudah dan gampang bngt tenornya pun bisa kita pilih sesuai yg kita mau,1.53.52,0,2026-07-15T19:42:39-07:00,Allo Bank,allo_bank,app_store,1591223632
14306528008,Bsidbxixo,1,buruk banget,"buruk banget. uang udah ditransfer, saldo juga udah kepotong, tapi sama sekali nggak ada yang masuk. udah dilaporin ke cs juga, bahkan udah lebih dari 1 bulan, tapi sampai sekarang nggak ada kejelasan atau tindak lanjut sama sekali.",1.53.52,0,2026-07-15T08:09:41-07:00,Allo Bank,allo_bank,app_store,1591223632
14305556637,susie fedora,5,Mantap,Banyak sekali promo menarik yang ditawarkan oleh Allo Bank jadi hemat untuk berbelanja online maupun offline,1.53.52,0,2026-07-15T03:09:07-07:00,Allo Bank,allo_bank,app_store,1591223632
14302171097,kivnaniatnz,1,scam,demi tuhan aku ga ikhlas ya. nyediain option buat beli 17 jelly weverse dm tapi ternyata gabisa dipake buat subscribe dm di hp maupun dm di web. 60k tuh bisa buat makan 3x. bank nugu sok2an mau collab ama weverse,1.53.52,0,2026-07-14T06:47:12-07:00,Allo Bank,allo_bank,app_store,1591223632
14302163505,cliudyxz,1,najiss,"scam bgt sialan, yg katanya ada promo pas digunain gabisa",1.53.52,0,2026-07-14T06:45:04-07:00,Allo Bank,allo_bank,app_store,1591223632
14301794368,kukukaka111,2,.,"aduhh banyak banget kayaknya yg perlu di benerin, sering banget eror loading ga jelas, bisa buka aplikasi tapi gabisa di pake apa2 padahal sinyal bagus",1.53.52,0,2026-07-14T04:53:46-07:00,Allo Bank,allo_bank,app_store,1591223632
14289156831,PendoPhukiPhuki,1,Masalah jaringan sampai kiamat,"Setiap mau buka allo bnk selalu muncul masalah jaringan dari bulan lalu sampai sekarang begitu teruss ngk ada perubahan, padahal jaringan di hp gue bagus mungkin aplikasinya yg ngk bagus lol tolol",1.53.52,0,2026-07-11T00:26:26-07:00,Allo Bank,allo_bank,app_store,1591223632
14286619003,trans bobrok,1,Aplikasi gk jelas,Ini saya sudah chat cs nya dibalas seminggu kemudian. saya setiap kali login bolak balik ada iklan ada pembaharuan data saya klik pembaharuan gk bisa rubah gk bisa di klik emosiiii. setiap kali di klik masukin password balik lgi balik lgi pembaharuan data bolak balik,1.53.52,0,2026-07-10T08:49:39-07:00,Allo Bank,allo_bank,app_store,1591223632
14285742809,Anis9203,3,Eror mulu,"Aneh ya sinyal ada tapi keluar sendiri dan bilang tidak ada koneksi melulu, sangat tidak nyaman",1.53.52,0,2026-07-10T04:34:16-07:00,Allo Bank,allo_bank,app_store,1591223632
14276469679,Vezry,5,Transaksi Digital Praktis,"Aplikasinya mudah digunakan, proses transaksi cepat, dan fiturnya lengkap",1.53.31,0,2026-07-07T20:19:45-07:00,Allo Bank,allo_bank,app_store,1591223632
14276108165,Prily22,5,Allo bank mantapp,Wow Allo bank udah punya virtual debit card. Membantu banget buat gen z yang males bawa fisik card,1.53.31,0,2026-07-07T18:02:31-07:00,Allo Bank,allo_bank,app_store,1591223632
14273628102,mellyrizki anggiasfuji,1,penipuan,"ga pernah setuju asuransi apapun tiba"" saldo hilang 170 an buat asuransi. dia ga mau tanggung jawab katanya sama bank mega sama aja ga ada tanggung jawabnya.",1.53.31,0,2026-07-07T04:27:01-07:00,Allo Bank,allo_bank,app_store,1591223632
14272575579,Allo groww🤩🤩✨,5,ALLOWWW GROWW🤩🤩🤩🤩🤩,"Dengan adanya Allo Grow, saya merasa lebih mudah mengatur dana untuk tujuan finansial. Prosesnya praktis dan fiturnya cukup menarik",1.53.31,0,2026-07-06T21:08:48-07:00,Allo Bank,allo_bank,app_store,1591223632
14269068167,munamadwildan,5,Sangat bagus,Suka banget sama tampilan aplikasinya yang modern dan gampang dipahami. Fitur Allo Grow nya sangat membantu buat ngatur keuangan bulanan biar ga boros. Sangat direkomendasikan,1.53.31,0,2026-07-06T00:53:14-07:00,Allo Bank,allo_bank,app_store,1591223632
14269014492,Gusald,1,Buruk,"Mau registrasi susah ,otp gak dikirim2 , berkali2 malah ditolak hadeuh",1.53.31,0,2026-07-06T00:29:44-07:00,Allo Bank,allo_bank,app_store,1591223632
14268303425,Belertinus,4,Allo Deposito,Aplikasi bank digital yang digunakan untuk daily,1.53.31,0,2026-07-05T19:24:23-07:00,Allo Bank,allo_bank,app_store,1591223632
14264556269,Cristina nikita lasape,1,Payah,Selalu spam telpon buat ajukan pinjaman abis diajukan langsunng tolak apk pembohong,1.53.31,0,2026-07-04T21:13:39-07:00,Allo Bank,allo_bank,app_store,1591223632
14264464408,Novtsd,4,Mantap dan praktis,"Suka sama fitur Allo Grow, tampilannya simpel dan bikin lebih mudah buat ngatur dana tanpa ribet.",1.53.31,0,2026-07-04T20:35:16-07:00,Allo Bank,allo_bank,app_store,1591223632
14262179198,Gak perlu kau tau!!!,1,Penipuan,"Masa katanya gratis tf ke semua bank, padahal biaya tf nya 6.500, lalu katanya kalau mau pinjaman bisa naikkan limit dari top up rekening, ehh taunya uang kita yg di top itu, itu yg jadi pinjaman kita, dan uang kita gabisa di tarik lagi. Memang aplikasi gak jelas, pantas tiap selesnya nawarin orang ga tertarikkkkk!!!
Aplikasi Penipuuu!!!!

Tunggu aja kau ku viralkan aplikasi bodonggg!!!",1.53.31,0,2026-07-04T06:57:59-07:00,Allo Bank,allo_bank,app_store,1591223632
14258724455,kepoHhh,2,PENIPU,"Kalo CS gak 24 jam gak usah claim 24 jam. Bikin org nunggu tp gak ada hasil. Aplikasi lu berkendala gua yg pusing gak bisa bayar tagihan ini gimana????? Saya gak mau bayar denda ya. Udah saya email, whatsapp, telfon gak ada respon sama sekali",1.53.31,0,2026-07-03T09:59:15-07:00,Allo Bank,allo_bank,app_store,1591223632
14258384514,nihcait,3,aplikasi error,aplikasi sering bug dan error sangat merepotkan dan merugikan jika butuh transaksi secara cepat,1.53.31,0,2026-07-03T08:24:16-07:00,Allo Bank,allo_bank,app_store,1591223632
14256169558,narayricoremon,1,Pay leter tai,Uang ku di taru di paylater pas mau tarik di suru ngutang pake bunga dan potongan lagi,1.53.31,0,2026-07-02T19:30:22-07:00,Allo Bank,allo_bank,app_store,1591223632
14254883370,Aida Rosiyani,5,Sangat memudahkan,Allo grow bank digital yang sangat mudah dengan fitur gratis biaya transfer dan masih banyak lain nya,1.53.31,0,2026-07-02T11:49:40-07:00,Allo Bank,allo_bank,app_store,1591223632
14246188693,Purba2,1,Limit terlalu kecil,Data kol 1 penggunaan aktif dan pembayaran lancar tapi ngk pernah naik limit nya,1.53.31,0,2026-06-30T11:12:31-07:00,Allo Bank,allo_bank,app_store,1591223632
14246184797,MQS2190,1,Aplikasi aneh,Ini Seriusan pakai paylater pakai uang sendiri? Terus sudah bayar uang paylater nya terus suruh pinjem lagi uang sendiri yang awal nya nabung terus semakin banyak atau beberapa kali pakai atau ambil paylatter berulang baru naik limit. Serius ini sih aplikasi numpang duit tabungan sendiri. Apalagi potongan paylatter kepotong lumayan belum tf juga bayar dari saldo. Asli sumpah kompak aplikasi nya. Yang tau cara biar balikin ke dompet nya gimana sih ? Biar ga ambil pinjaman lagi? Ini kan asli nya duit kita. APLIKASI KAGAK MODAL,1.53.31,0,2026-06-30T11:11:20-07:00,Allo Bank,allo_bank,app_store,1591223632
14239225263,Rrrvin28,5,Allo bank,"Seneng banget pake allo bank karena selalu banyak promo saat transaksi, untuk approvalnya juga cepet banget jadi sat set transaksinya, easy to use banget kalo buat tarik uang berkali-kali bener bener mempermudah segalanya apalagi tarik dana instan intinya ini salah satu cara mempermudah hidup dalam bertransaksi",1.53.31,0,2026-06-28T19:57:21-07:00,Allo Bank,allo_bank,app_store,1591223632
14231806447,arcwjy,1,Bad Service,Proses Laporan dan Refund dari Transaksi Gagal Terlalu LAMA,1.53.31,0,2026-06-27T00:39:54-07:00,Allo Bank,allo_bank,app_store,1591223632
14228699521,Abraham samad,1,Phising data pribadi,Lu mau cari nasabah atau cari masalah ini bank mega malah bikin ribet contact dan data kita dipake buat debt collector buat cari orang lain,1.53.31,0,2026-06-26T06:42:20-07:00,Allo Bank,allo_bank,app_store,1591223632
14227073278,Nananananannananannana,1,aplikasi penjebak,hati hati yang mau download aplikasi ini paylaternya nya disuruh kita topup buat nambah saldo pas narik bukannya untung malah rugi jadinya duit bukan nambah malah berkurang dan paylaternya bayar pake uang kita sendiri,1.53.31,0,2026-06-25T20:32:35-07:00,Allo Bank,allo_bank,app_store,1591223632
14226382851,Restiandariiii,5,AlloBank,Untuk pendaftaran mudah dan punya banyak promo menarik yang bikin hemat saat berbelanja,1.53.31,0,2026-06-25T16:04:33-07:00,Allo Bank,allo_bank,app_store,1591223632
14224859049,Monton anjing!!,3,Lemot!,Aplikasi ini sangat lambat !,1.53.31,0,2026-06-25T07:38:19-07:00,Allo Bank,allo_bank,app_store,1591223632
14224663187,shanty pragita,1,aneh,aplikasi ter gak jelasss,1.53.31,0,2026-06-25T06:42:41-07:00,Allo Bank,allo_bank,app_store,1591223632
14219071251,mfdadelia,5,Bagus,"Aplikasi Allo Bank top banget! UI-nya gampang dipakai, transfer cepat, dan yang paling aku suka banyak promo tiap bulan. Udah tarik berkali-kali di ATM tanpa drama, saldonya masuk real-time. Recommended buat yang mau nabung + cari cuan dari promo",1.53.31,0,2026-06-23T20:16:09-07:00,Allo Bank,allo_bank,app_store,1591223632
14218700873,Asbilaa,5,Allo bank sangat membantu,Allo bank punya fitur playlater yang sangat membantu aku banget pas butuh dana mendesak . Dan sangat mudah buat bertransaksi online setiap saat apalagi kalo dalam keadaan darurat apalagi csnya sangat responsif sekali,1.53.31,0,2026-06-23T17:45:48-07:00,Allo Bank,allo_bank,app_store,1591223632
14216709811,Kotekmj,3,Kotekmj,Habis update malah berat😆,1.53.31,0,2026-06-23T06:28:50-07:00,Allo Bank,allo_bank,app_store,1591223632
14215470773,Danilas06,1,Kecewa,Tiba tiba akun saya di bekukan mana lagi ada saldo nya banyak sudah hubungi tim nya respon tidak ada,1.53.31,0,2026-06-22T21:55:44-07:00,Allo Bank,allo_bank,app_store,1591223632
14215139460,Yesbimzz,4,Paylater,Saya suka bnget sama apk ini karna pelayanan yang sangat bagus dan di waktu saya membutuhkan dana mendadak bisa paylater dengan cepat good job pokonamah,1.53.31,0,2026-06-22T19:30:53-07:00,Allo Bank,allo_bank,app_store,1591223632
14211292373,niraa077,5,terima kasih allo bank,"smnjak pake allo bank, aku ngerasa bisa lbh hemat, krna bnyak promonya, jadi ngebantu banget buat aku yg sering belanja online",1.53.31,0,2026-06-21T19:28:10-07:00,Allo Bank,allo_bank,app_store,1591223632
14210204504,Adindaa__,5,allo bank,"allo bank, aplikasi yang sangat membantu sekali, mudah digunakan dan banyak promoo, tentunya sangat bermanfaat untuk mempermudah transaksi topp",1.53.31,0,2026-06-21T12:17:18-07:00,Allo Bank,allo_bank,app_store,1591223632
14203733699,Mars Ctk,1,"apps scam, anti kritik","bikin evet dari tahun ke tahun bukannya makin bagus malah makin bobrok. dikasih kritik gamau didengerin, ga sesuai ekspektasi, jelek bgt kualitasnya",1.53.31,0,2026-06-19T20:34:06-07:00,Allo Bank,allo_bank,app_store,1591223632
14200699148,udin dembele,1,permuk tidak bisa,kenpa pas saat permuk tidak bisa terus?,1.53.31,0,2026-06-19T03:07:25-07:00,Allo Bank,allo_bank,app_store,1591223632
14199962783,akbaaaaay,1,Scam,Scam allobank 2026 gak sesuai sestplan!!,1.53.31,0,2026-06-18T21:40:09-07:00,Allo Bank,allo_bank,app_store,1591223632
14199890534,naga-user18,1,Aplikasi penipu,Allobank terkenal sering membekukan akun pangguna tanpa ada alasan yang jelas,1.53.31,0,2026-06-18T21:08:31-07:00,Allo Bank,allo_bank,app_store,1591223632
14199788609,dailyianaa,1,scam,"scammmm!! SETIAP NGADAIN FESTIVAL SELALU SCAMM DAN DI TAUN INI HARGANYA SELANGIT TAPI GATAU DIRI!! #BOIKOTALLOBANK APKNYA JUGA B AJA MAKIN NYAMPAH AJASI??!! APUS AJA APUS, MINIMAL KALO APK B AJA GAUSAH JADI SCAMMERR JUGA DONGG ANJ BANGET!!",1.53.31,0,2026-06-18T20:24:55-07:00,Allo Bank,allo_bank,app_store,1591223632
14199701890,Eliana Maharani,5,Kerenn sii,"Aplikasi Allo Bank dengan antarmuka yang modern dan mudah digunakan. Mekanisme serta Proses pembukaan rekening tidak memakan waktu lama,trusss  verifikasi berjalan dengan baik. Transaksi seperti transfer dan pembayaran dapat dilakukan dengan cepat tanpa kendala berarti. Selain itu, sering tersedia promo menarik yang menjadi nilai tambah bagi pengguna. Semoga ke depannya fitur-fitur yang ada semakin lengkap dan performa aplikasi tetap stabil.",1.53.31,0,2026-06-18T19:49:39-07:00,Allo Bank,allo_bank,app_store,1591223632
14199501484,febbybonte,2,allo kredit,Tolong dong bunga nya di perkecil 😓,1.53.31,0,2026-06-18T18:31:51-07:00,Allo Bank,allo_bank,app_store,1591223632
14199244806,shuafishz,1,"bkn hanya aplikasi nya yang bobrok, TP CARA PENANGANNYA, DN MUNGKIN ORANG ORANG DISANA JG BOBROK(?)","allo, sekarang aku udah ga masalahin aplikasinya. yang aku pertanyakan justru cara kalian memperlakukan customer. orang-orang rela keluar uang lebih buat beli section pink karena percaya akan dapet experience yang lebih baik. tapi setelah lihat realitanya, jujur aja rasanya kayak dibohongi sama ekspektasi yang kalian bangun sendiri.
coba pikir, uang yang udah dikeluarin customer itu sebenarnya buat apa? karena kalau hasil akhirnya cuma dapet stage sekecil upil, rasanya sulit buat bilang kalau harga yang dibayar sebanding dengan apa yang diterima. people don’t pay premium just to get the bare minimum.
yang lebih mengecewakan lagi bukan cuma soal section-nya, tapi soal respons kalian. customer udah nyampein keluhan berkali-kali, tapi yang kerasa malah minim empati dan minim solusi. seakan-akan setelah transaksi selesai, suara customer udah ga penting lagi.
kalau suatu saat rating aplikasi ini turun atau dipenuhi review negatif, jujur aja ga perlu bingung cari penyebabnya. bukan karena customer terlalu banyak maunya, tapi karena customer capek merasa ga dihargai. kalian mungkin lihat ini cuma sebagai satu keluhan, tapi di balik satu review buruk ada banyak orang yang ngerasa kecewa dengan pengalaman yang sama.
customer datang bawa uang, kepercayaan, dan ekspektasi. sayangnya, yang dibalikin malah rasa kecewa. and that’s exactly why people leave bad ratings.
kalau rating aplikasi ini jelek, jangan salahkan customer yang memberi bintang 1. salahkan alasan yang membuat mereka merasa tidak punya pilihan selain memberi bintang 1. ⭐️🙂‍↔️",1.53.31,0,2026-06-18T16:53:22-07:00,Allo Bank,allo_bank,app_store,1591223632
14199170456,syifaul,1,ALLO FESTIVAL SCAM,TOLONG KONSISTEN STAGENY!! SETIDAKNYA SESUAI DENGAN SEATPLAN YANG DIJADIKAN SEJAK AWAL,1.53.31,0,2026-06-18T16:23:43-07:00,Allo Bank,allo_bank,app_store,1591223632
14198843462,Triyawahyni,1,OWNERNYA SCAM,"Upgrade stage allobank festival atau kita kasih rating 1 
Ini masih permulaan",1.53.31,0,2026-06-18T14:16:42-07:00,Allo Bank,allo_bank,app_store,1591223632
14197499006,allobank scam,1,Allofest,"Bikin festival scam, ubah stage seenaknya, anti kritik.",1.53.31,0,2026-06-18T07:12:33-07:00,Allo Bank,allo_bank,app_store,1591223632
14197494369,allobank scammer,5,SCAMMER.,"penipuan terhadap nasabah. sumpah yaa buat kalian yang mau nonton FESTIVAL JELEK ini tahun depan mending JANGAN. festival berkedok scammer. penipuan, awalnya plan A pas h-2 malah plan B. JANGAN PERNAH ADA YANG PAKE ALLOBANK PENIPUAN, tolong hati hati, terimakasih.",1.53.31,0,2026-06-18T07:11:13-07:00,Allo Bank,allo_bank,app_store,1591223632
14197490289,Kyy12765,1,Aneh,Festival abal2 udah bayar mahal stage di ubah2,1.53.31,0,2026-06-18T07:10:04-07:00,Allo Bank,allo_bank,app_store,1591223632
14197476455,akxnsjshsjsj,1,APLIKASI JELEK,"festival nipu stage beda jauh bgt sm seatplan awal, qn gede2, kebanyakan giveaway, harga tiket overprice, semuanya ngecewain gausah didownload pansos mulu lewat artis kpop, ga bawa kpop ga rame yah😚minimal bebenah diri allo jangan nyawit mulu tiap tahun, tonedeaf final boss.",1.53.31,0,2026-06-18T07:06:10-07:00,Allo Bank,allo_bank,app_store,1591223632
14197417020,Ovinariesta,5,Mantap,Bagus,1.53.31,0,2026-06-18T06:48:56-07:00,Allo Bank,allo_bank,app_store,1591223632
14196292284,Aldaayy,4,Allogrow bug,Menu allo grow tidak bisa scroll ke bawah pada ipad mini 5,1.53.31,0,2026-06-17T23:35:44-07:00,Allo Bank,allo_bank,app_store,1591223632
14193021035,Tasyaaaaulia,5,Bagusss,"Bank mega doang yg bisa tf gratis ke bank lain, hemat biaya 👍🏼 Untuk kartu kredit dan tabungannya lengkap",1.53.31,0,2026-06-17T04:15:14-07:00,Allo Bank,allo_bank,app_store,1591223632
14186062854,paedullah,1,upgrade allo prime,saya sangat kecewa cs tidak bisa membantu sama sekali ketika saya ada masalah di upgrade allo prime,1.53.31,0,2026-06-15T08:38:32-07:00,Allo Bank,allo_bank,app_store,1591223632
14183498464,jihanhallana,5,allo bank,allo bank punya banyak promo yang bikin lebih hemat saat belanja online maupun offline.,1.53.31,0,2026-06-14T15:53:18-07:00,Allo Bank,allo_bank,app_store,1591223632
14182216508,mmmiiiiittttt,2,susah login,"awal pakai lancar aja, makin kesini login aja susah padahal pakai wifi pakai paket data tetap aja susah.",1.53.31,0,2026-06-14T08:45:49-07:00,Allo Bank,allo_bank,app_store,1591223632
14180704534,rian-jj,1,nipu,masa pay later di suru top up dulu giliran udah di top up ga bisa di ambil lagi di tulisan nya jelas2 bisa di tarik kapan pun pas di tarik malah di jadikan cicilan gila uang kita sendiri kita tarik di potong adm eh malah di jadikan cicilan harus kan di lapor ke OJK,1.53.31,0,2026-06-13T23:38:02-07:00,Allo Bank,allo_bank,app_store,1591223632
14177211283,bussious ini,1,jelek parah,cs nya di call 7x semuanya di putusin di tengah permbicaraan. allo paylater di setujui tanpa konfirmasi konsumen. saya cuma mau daftar allo prime email yg masuk malah allo paylater disetujui gajelas dah. mau tutup akun csnya begitu semua,1.53.12,0,2026-06-13T02:45:17-07:00,Allo Bank,allo_bank,app_store,1591223632
14174820132,ilham nur alif,5,"Aplikasi lengkap, promo melimpah, dan tarik tunai instan tanpa drama","Allo Bank Ternyata berbeda dari aplikasi bank digital lainnya. Promonya banyak dan terus diperbarui, setiap buka aplikasi selalu ada penawaran baru yang gamudah buat dilewatkan. Saya juga sering manfaatin fitur tarik dana instan prosesnya mudah, tidak ada potongan biaya tersembunyi, dan dana langsung tersedia di rekening tujuan.",1.53.12,0,2026-06-12T11:06:45-07:00,Allo Bank,allo_bank,app_store,1591223632
14160578253,Panggi saja marimar perez,1,Kerugian,Ada tf otomatis ke mega asurance padahal saya ga ikut asuransi apapun,1.53.12,0,2026-06-08T19:16:11-07:00,Allo Bank,allo_bank,app_store,1591223632
14160566472,tutolp,5,qris cepat,suka pake allo bank karna transaksi qris nya gampang trus cepet juga.. best pokonyaa😍😍,1.53.12,0,2026-06-08T19:11:30-07:00,Allo Bank,allo_bank,app_store,1591223632
14160497532,Fogslazyy,3,Menu pembayaran,Mungkin di menu pembayarannya bisa ditambahkan menu untuk pembayaran PDAM,1.53.12,0,2026-06-08T18:43:59-07:00,Allo Bank,allo_bank,app_store,1591223632
14158450339,S fadhilah siti,1,Aplikasi gk jls,"Gak ada bagusnya aplikasi ini teman saya 3 org sudah ngalamin tiba2 teblokir di cht CS tanggapannya cuma tidak ada penyelesaian ,itu koh duit di dalamnya masih hak org bukan hak mreka payah aplikasi gila",1.53.12,0,2026-06-08T06:57:23-07:00,Allo Bank,allo_bank,app_store,1591223632
14150815230,mandanihy,1,PELAYANAN JELEK,Ribet bnget untuk upgrade alloprimenya.katanya ktp saya ga memenuhi kriteria bank trs pas saya buat akun baru maah dibilang ktp saya sudah terpakai. saya hubungi csnya lewat Wa tpi ga dikasih solusi yag benar2 bisa mengatasi masalah. Csnya balas chat ga ontime trs sekalinya balas chat cepat bgt diakhiri chatnya. Aduhh bank yg penawaran bonusnya banyak tapi pelayanannya gak banget,1.53.12,0,2026-06-06T07:02:46-07:00,Allo Bank,allo_bank,app_store,1591223632
14145448180,Herismulliani,5,Banyak promo,"Selama pake allobank aku dapet banyak promo, dari buy 1 get 1, point belanja, dan promo lainnya. Apk rekomendasi buat para genz yang ga suka pegang cash",1.53.12,0,2026-06-04T21:35:56-07:00,Allo Bank,allo_bank,app_store,1591223632
14142804081,APK SAMPAH !!!!!!,1,BURUK,UANG KITA JADI TAGIHAN HAHAHAHAHA BODOH,1.53.12,0,2026-06-04T05:48:29-07:00,Allo Bank,allo_bank,app_store,1591223632
14139409013,rpnzlrara,1,keluhan,"udh beberapa kali kalau mau transfer suka pending dan saldo tetap kepotong ujung”nya ga kekirim padahal tulisannya dari proses ke berhasil dan saldo ga balik lagi, udh lapor dan urusnya rada ribet harus email 1-2x dan diurusnya lama banget harus nunggu 22 hari kerja jadi kalo lagi urgent butuh duitnya sangat sangat menyusahkan, dan duitnya juga belum pasti kembali harusnya bisa ditingkatkan lagi sistemnya karna di bank lain kalau ada saldo nyangkut ngurus refundnya cpt hanya butuh 1-2 hari aja ga berminggu” atau bahkan hampir sebulan",1.53.12,0,2026-06-03T07:58:31-07:00,Allo Bank,allo_bank,app_store,1591223632
14134825162,Jangan download lah,1,Jangan mau,"Jangan ampe gila gara2 app ini h-10 udah di tagih terus2an dari mulai bangun tidur,kerja sampai balik kerja terus-terusan di telpon walaupun 10 hari lagi dengan nominal yang gak nyampe 100ribu di teror terus2an pagi siang malam padahal masih 10 hari lagi ingat masih 10 hari lagi,bukan gak mau bayar sebelum waktu nya tapi tulisan yang tertera aja bayar tepat waktu bukan bayar sebelum waktunya,kalo ada program bayar sebelum waktu nya dapet diskon sih gak masalah yang ada malah di telponin doang..",1.53.12,0,2026-06-02T04:28:33-07:00,Allo Bank,allo_bank,app_store,1591223632
14114751243,femirhmwty31,5,bagus,limit yg besar dan mekanisme nya langsung dibantu,1.53.12,0,2026-05-28T00:58:37-07:00,Allo Bank,allo_bank,app_store,1591223632
14114231222,Karizmaw,3,Terlalu sering update versi baru,"Terlalu sering update versi baru, pernah versi barunya ga masuk ke ios, jadi harus update ios dulu baru bisa update versi terbaru, jangan keseringan update versi",1.53.12,0,2026-05-27T20:51:55-07:00,Allo Bank,allo_bank,app_store,1591223632
14111097998,FakhrudinAzhar,1,Aplikasi bobrok,Sering kendala dan admin nya tidak memberi petunjuk yang benar,1.53.12,0,2026-05-27T01:39:36-07:00,Allo Bank,allo_bank,app_store,1591223632
14110220784,Andri0501,1,Refund,"Bank digital tapi sistem refundnya masih seperti bank koperasi, tidak bisa cek payment yang sudah di void/cancel. Malah minta bukti refund. Lalu uang saya kemana? Hilang dimakan jin?",1.53.12,0,2026-05-26T18:49:28-07:00,Allo Bank,allo_bank,app_store,1591223632
14110012355,xliaaaazy,5,memuaskan,Saya sangat puas menggunakan allobank karena fiturnya lengkap dan mudah digunakan. allo deposito menjadi salah satu fitur favorit saya karena prosesnya cepat dan praktis langsung dari aplikasi. Selain itu allo grow membantu saya lebih disiplin dalam mengatur tabungan harian.,1.53.12,0,2026-05-26T17:25:18-07:00,Allo Bank,allo_bank,app_store,1591223632
14106995519,Allobank kampret,1,Scamming berkedok perbankan,"Limit paylater kosong, kita harus top up sendiri untuk dapat paylater. Lucunya top up duit sendiri saat pelunasan dikenakan admin, duit kita terkunci, biaya adminnya saat pelunasan lebih besar daripada bonus pelunasannya yang hanya 2%, padahal 2% itu duit kita sendiri. Makna dari paylater itu apa ? Masa iya kita top up sendiri, pakai duit sendiri eh ditagih dan bayar admin saat pelunasan. Wa de fak. Klo misalkan pay laternya duit kalian yang saya pinjam lalu kalian tagih dan kena bunga boleh, lha ini duit saya sendiri, kalian nagih dan 
minta biaya admin pula setiap transaksi weleh weleh",1.53.12,0,2026-05-25T22:38:35-07:00,Allo Bank,allo_bank,app_store,1591223632
14098832001,Alnovva Irwanto putri,5,Responsif,"Allo deposit cepet banget buat transaksi, cs nya responsif, bisa transfer dan tarik dana sangat membantu bagi pengguna allo bank👍🏻",1.52.55,0,2026-05-23T18:27:26-07:00,Allo Bank,allo_bank,app_store,1591223632
14091715876,rafan hanif halza,5,sangat membantu,"mekanisme membatu banget 
cepat dan tidak lelet aman juga dan di percayai jadi nyaman tf” kemana pun.ngebantu bgt punya fitur playleter jadi klo bu bisa di ajuin deh",1.52.55,0,2026-05-21T21:48:25-07:00,Allo Bank,allo_bank,app_store,1591223632
14091715164,Mallmalla,5,suka banget pakai allo bank,"Suka banget pakai Allo Bank! Fiturnya lengkap dan ngebantu banget buat mantau kondisi keuangan. Yang paling oke, kita juga bisa dapet info soal skor kredit dengan gampang di aplikasinya. Berguna banget sebelum mutusin buat ajuin paylater atau pinjaman!""",1.52.55,0,2026-05-21T21:48:03-07:00,Allo Bank,allo_bank,app_store,1591223632
14087675450,cecetbaivskhscyen,5,allo bank,"allo bank ngebantu aku banget nii mudah dan praktis ,di saat butuh banyk dana pencairannya cepet dan ga ribet dan banyak promoo",1.52.55,0,2026-05-20T18:39:01-07:00,Allo Bank,allo_bank,app_store,1591223632
14087636657,idakhoiriyah,5,ida,"Sejauh ini pengalaman menggunakan Allo Bank sangat memuaskan. Proses pendaftaran akun terbilang cepat dan mudah, bahkan untuk pengguna baru sekalipun. Tampilan aplikasinya modern, sederhana, dan mudah dipahami sehingga nyaman digunakan untuk berbagai kebutuhan transaksi sehari-hari. Fitur-fitur yang tersedia juga cukup lengkap, mulai dari transfer, pembayaran tagihan, top up e-wallet, hingga berbagai promo cashback yang menarik.
Yang paling saya suka adalah proses transaksi yang cepat dan praktis tanpa kendala berarti. Notifikasi transaksi juga masuk secara real time sehingga membuat pengguna merasa lebih aman dan nyaman saat menggunakan aplikasi. Selain itu, promo dan penawaran yang diberikan cukup membantu untuk menghemat pengeluaran, terutama saat berbelanja atau melakukan pembayaran digital.
Secara keseluruhan, Allo Bank cocok digunakan bagi siapa saja yang ingin menikmati layanan perbankan digital yang praktis, modern, dan efisien. Semoga ke depannya aplikasi ini terus berkembang dan memberikan pelayanan yang semakin baik untuk para penggunanya",1.52.55,0,2026-05-20T18:23:11-07:00,Allo Bank,allo_bank,app_store,1591223632
14087040322,ANJFSMDNEJD,1,parah,"promonya scam smua, katanya cashback, sampe konfirmasi ke cs ditunggu 20 hari gamasuk2, ktnya kuota full, s&k ga nyantumin apa2 emng sengaja buat ngejebak doang",1.52.55,0,2026-05-20T14:16:53-07:00,Allo Bank,allo_bank,app_store,1591223632
14084132642,nauraaisya,5,ulasanku ttg allo bank,"seneng sih Allobank punya banyak promo lebih hemat juga pas belanja online atau offline,
pengajuan paylater nya juga approvalnya cepet langsung di setujui,
tarik uang juga bisa berkali kali,
tarik dana instan juga bisa ternyata pakai qris bisa buat bayar apa aja",1.52.55,0,2026-05-19T19:28:07-07:00,Allo Bank,allo_bank,app_store,1591223632
14083448722,shafakl,5,.,"Allo Bank menurut aku cukup bagus karena banyak promo yang bikin untung, mulai dari cashback sampai diskon di berbagai merchant. Proses approval nya cepat, jadi nggak perlu nunggu lama buat mulai pakai. Selain itu, fitur tarik dana instan juga sangat membantu, bahkan bisa berkali kali tarik tanpa ribet. Cocok banget buat yang butuh transaksi cepat dan praktis setiap hari.",1.52.55,0,2026-05-19T14:41:10-07:00,Allo Bank,allo_bank,app_store,1591223632
14080151294,Arrojab,5,Banyak promo,Makan mewah di restoran favorit jadi makin hemat karena pakai Allo Bank lagi banyak promo,1.52.55,0,2026-05-18T16:40:54-07:00,Allo Bank,allo_bank,app_store,1591223632
14077337617,nanaakayin,5,bagus,Allo Bank adalah bank digital dari Mega Corpora yang menawarkan layanan perbankan praktis dan terintegrasi dengan ekosistem CT Corp,1.52.55,0,2026-05-17T22:36:32-07:00,Allo Bank,allo_bank,app_store,1591223632
14076495744,Adi pradana prasetyo,5,Allo bank,Allo bank sangat ngebantu saya saat saya lg butuh uang allo bank tidak ribet yul langsung di download aja skrng,1.52.55,0,2026-05-17T16:12:17-07:00,Allo Bank,allo_bank,app_store,1591223632
14075524402,laylatul nz,5,aplikasinya bagus banget terpercaya,"Aplikasinya ringan dan jarang lag. Proses registrasi dan upgrade ke Allo Prime juga gampang banget, nggak pakai lama. Fitur top up dan bayar-bayar kebutuhan harian semuanya bisa dilakukan di satu aplikasi. Sangat merekomendasikan aplikasi ini buat yang cari bank digital terpercaya.",1.52.55,0,2026-05-17T10:16:11-07:00,Allo Bank,allo_bank,app_store,1591223632
14073517627,bbymx01,5,Keren,"Allobank aplikasi yang bagus, mudah digunakan dan ada fitur pinjaman juga. 
aplikasi uang mudah di mengerti.",1.52.55,0,2026-05-16T22:01:12-07:00,Allo Bank,allo_bank,app_store,1591223632
14073262162,wahidmuhamad,5,Apply terbaik dan sat set,Apply yang sangat mudah di gunakan..qris nya juga bisa di pake di warung2..apalagi sekarang wArung2 sudah pakai qris..transakai cepat lancar..apalagi kalo lagi kebutuhan mendadak..allo paylater bisa jadi solusi,1.52.55,0,2026-05-16T20:07:49-07:00,Allo Bank,allo_bank,app_store,1591223632
14073162269,gajjd bm,5,review,"Upgrade Allo cepat, daftar gampang, apply sat-set, tarik dana juga cepat, transaksi Allo selalu lancar deh. Allo PayLater fleksibel, QRIS Allo
bisa di mana aja, banyak pilihan tenor sampai 36 bulan, gratis transfer Allo, Allo Grow/kantong buat budgeting, deposito Allo mudah & bisa buka banyak sekaligus. Bunga deposito Allo juga tinggi sampai 7.5%, bunga tabungan tetap jalan meski saldo diam, cicilan 0%, cashback & diskon, promo Allo PayLater. CS Allo responsif, proses cepat,
cocok buat budgeting, nabung receh, simpan uang dingin, simulasi bunga jelas, limit awal lumayan & bisa naik. Dipakai dari e-commerce sampai warung, QRIS Allo hampir di mana-mana, gratis transfer tiap hari, Allo PayLater berguna untuk kebutuhan harian sampai momen besar",1.52.55,0,2026-05-16T19:26:58-07:00,Allo Bank,allo_bank,app_store,1591223632
14071758539,andika010,5,bagus,allo bank punya fitur paylater yang ngebantu aku banget pas butuh dana mendesak. Qrisnya juga bisa dipakai dr warung sampai e-commerce,1.52.55,0,2026-05-16T10:24:02-07:00,Allo Bank,allo_bank,app_store,1591223632
14069908424,giel ang,5,allo,"daftar allo gampang bangettttttt. bisa dipake di semua perangkat dan bisa qris juga aplikasi fleksibel gratis transfer pula bunga deposito allo tinggi sampai 7,5% cs allo sangat cepat merespon saya prosesnya jadi sangat cepat di pake diwarung aja bisa lohhhh di alfamart supermarket kemana mana bisa pokonyaa allo paling best dehh",1.52.55,0,2026-05-15T23:38:22-07:00,Allo Bank,allo_bank,app_store,1591223632
14069552908,Sea bank buruk,1,Bank lemot,"Allo bank dari dulu paling lemot, sekarang malah tambah lemot",1.52.55,0,2026-05-15T20:53:17-07:00,Allo Bank,allo_bank,app_store,1591223632
14062584585,firriall,5,allo,"Upgrade Allo cepat, daftar gampang, apply sat set, tarik dana cepat, transaksi di Allo selalu lancar dan mudah",1.52.55,0,2026-05-14T00:23:16-07:00,Allo Bank,allo_bank,app_store,1591223632
14059327412,Najwa Gina,5,Aplikasi Bank Terpercaya,"1. Allo sangat memudahkan transaksi harian. Transfer cepat, QRIS lancar, dan aplikasinya mudah digunakan. Banyak promo menarik juga.
2. Suka banget sama fitur budgeting dan tabungannya. Tampilan aplikasi simpel, prosesnya cepat, dan cocok buat mengatur keuangan.
3. Pengalaman pakai Allo sejauh ini bagus. Top up dan pembayaran jadi praktis, apalagi ada cashback dan cicilan yang membantu.
4. Aplikasi ringan dan responsif. Upgrade akun gampang, transfer tanpa ribet, serta banyak fitur yang berguna untuk kebutuhan sehari-hari.
5. Allo mempermudah pembayaran di mana saja karena QRIS-nya bisa dipakai hampir di semua merchant. Pelayanannya juga cepat dan nyaman dipakai 👍",1.52.53,0,2026-05-13T03:16:10-07:00,Allo Bank,allo_bank,app_store,1591223632
14058973814,Bububb Nanazz,5,bagusss,bagus banget dan sangaat amat membantuuu,1.52.53,0,2026-05-13T00:25:53-07:00,Allo Bank,allo_bank,app_store,1591223632
14058674057,lalaurennes,5,paylater,"allo paylater fleksibel, qris bisa dimana saja, mantap banget pakai allo bank",1.52.53,0,2026-05-12T21:53:23-07:00,Allo Bank,allo_bank,app_store,1591223632
14058616196,wajiluby,3,Acc,Cs ga respon di WA,1.52.53,0,2026-05-12T21:24:36-07:00,Allo Bank,allo_bank,app_store,1591223632
14058361063,Riyan sabputra,1,Kendala upgrade di allo prime,Saya sudah email dan chat wa namun respon nya sangat lama,1.52.53,0,2026-05-12T19:25:29-07:00,Allo Bank,allo_bank,app_store,1591223632
14056653047,irfanView,1,Bunga rentenir jangan mau pinjam,Babi kau serakah sekali ngasih bunga gila-gilaan serakah kau kaya babi,1.52.53,0,2026-05-12T08:38:25-07:00,Allo Bank,allo_bank,app_store,1591223632
14053563463,dioprrtm,1,CUKIIIII,"BANK ANEH KESERINGAN MAINTENANCE, GA WORTH IT",1.52.53,0,2026-05-11T11:37:16-07:00,Allo Bank,allo_bank,app_store,1591223632
14053344404,Mba ita,1,Lupa password tpi gaada solusi,"Lupa password tpi giliran klik menu “lupa password” bukannya ngebantu bikin password baru, malah suruh masukin pw yg lama, aneh banget",1.52.53,0,2026-05-11T10:21:17-07:00,Allo Bank,allo_bank,app_store,1591223632
14048784943,huhuhuninini,1,susah,susah banget pake aplikasinya dengan update terbaru.. berkali2 gagal update os dan ga bisa masuk ke aplikasi krn os harus diupdate.. bikin frustasi,1.52.53,0,2026-05-10T05:28:59-07:00,Allo Bank,allo_bank,app_store,1591223632
14048270886,ngurah edi,5,update,tdk bisa buka aplikasi allobank,1.52.41,0,2026-05-10T02:08:37-07:00,Allo Bank,allo_bank,app_store,1591223632
14043749941,nfzaaaa,5,allo bank terbaik,"Aplikasinya menurutku enak banget dipakai. Proses upgrade akun cepat, daftar juga simpel, dan buat pengajuan fitur-fiturnya nggak ribet sama sekali. Penarikan dana juga terasa instan, jadi transaksi harian sampai kebutuhan mendadak tetap lancar tanpa hambatan.

Fitur PayLater-nya cukup fleksibel, bisa dipakai di banyak tempat pakai QRIS, bahkan sudah jarang banget nemu merchant yang nggak support. Pilihan tenor juga variatif sampai jangka panjang, jadi bisa disesuaikan kebutuhan. Transfer antar bank juga sering gratis, lumayan banget buat hemat biaya.

Untuk yang suka ngatur keuangan, ada fitur budgeting dan “kantong” yang membantu banget buat pisahin uang. Nabung juga bisa mulai dari receh, dan deposito bisa dibuka beberapa sekaligus dengan proses yang gampang. Bunga tabungannya cukup kompetitif, bahkan tetap jalan walau saldo lagi nggak dipakai, dan ada promo cashback serta diskon yang lumayan sering muncul.

CS juga responsif kalau ada kendala, jadi nggak bikin nunggu lama. Limit awalnya juga cukup oke dan masih bisa naik kalau pemakaian bagus. Overall, cocok banget buat kebutuhan sehari-hari sampai pengelolaan keuangan yang lebih teratur 👍",1.52.53,0,2026-05-08T20:14:56-07:00,Allo Bank,allo_bank,app_store,1591223632
14043618375,nabilaaynayyah,5,keren,"- Keren Upgrade Allo cepat, daftar gampang, apply sat-set, tarik dana cepat, transaksi Allo selalu lancar
- Ini Allo PayLater fleksibel, QRIS Allo bisa di mana saja, banyak pilihan tenor sampai 36 bulan, gratis transfer Allo, Allo Grow/kantong buat budgeting, deposito Allo mudah & bisa buka banyak sekaligus
- Bunga deposito Allo tinggi sampai 7.5%, bunga tabungan tetap jalan meski saldo diam, cicilan 0%, cashback & diskon, promo Allo PayLater",1.52.53,0,2026-05-08T19:17:02-07:00,Allo Bank,allo_bank,app_store,1591223632
14041935183,Arissmm,1,Tenor 1 bulan hilang,Kenapa tenor 1 bulan 0% nya gada ? Kenapa ? Makin kesini makin mahal aja percuma limit gede tapi mahal dah kyak pinjol,1.52.53,0,2026-05-08T08:27:17-07:00,Allo Bank,allo_bank,app_store,1591223632
14039960600,Angel06_,5,Allo bank,"Aplikasi yang memuaskan, bagus ada fitur paylater nya dan bisa membantu aku pas lagi membutuhkan uang mendesak",1.52.53,0,2026-05-07T18:43:30-07:00,Allo Bank,allo_bank,app_store,1591223632
14037761917,ZonyQ,1,Jebakan Allo,"Aku allo adik saya di minta top up untuk mendapatkan limit. Setelah di top up status dana di tarik lagi malah jadi utang.

Jadi kita ngasih utang diri kita sendiri. Dengan uang top up kita??? Waahhh ide setannn dari allo bank..",1.52.53,0,2026-05-07T05:00:12-07:00,Allo Bank,allo_bank,app_store,1591223632
14036618461,Noviara12,5,Allo bank Aplikasi yang membantu,"Upgrade Allo Bank makin cepat dan simpel. Daftarnya gak ribet, proses pengajuan juga sat-set banget. Tarik dana lancar tanpa kendala, transaksi harian selalu aman dan nyaman dipakai Suka banget sama fitur Allo PayLater yang fleksibel dan pilihan tenornya panjang sampai 36 bulan. QRIS bisa dipakai hampir di semua tempat, transfer gratis juga membantu banget buat transaksi sehari-hari Bunga deposito di Allo Bank cukup tinggi dan menarik. Tabungan tetap dapat bunga walau saldo didiamkan. Banyak promo cashback serta cicilan 0% yang bikin transaksi jadi lebih hemat Customer service responsif dan prosesnya cepat. Cocok buat yang lagi belajar budgeting, nabung receh, atau simpan uang dingin. Simulasi bunga jelas dan limit awal PayLater lumayan besar Sekarang hampir semua pembayaran pakai QRIS Allo karena mudah dipakai dari marketplace sampai warung dekat rumah. Gratis transfer tiap hari dan fitur PayLater sangat membantu untuk kebutuhan mendadak maupun belanja bulanan",1.52.53,0,2026-05-06T19:54:58-07:00,Allo Bank,allo_bank,app_store,1591223632
14031632514,mlbbtoolol,5,review,bagus banget,1.52.53,0,2026-05-05T10:22:21-07:00,Allo Bank,allo_bank,app_store,1591223632
14026029423,Celine bebo,5,Bagus,"Bagus, transfer juga gratis",1.52.53,0,2026-05-03T20:24:21-07:00,Allo Bank,allo_bank,app_store,1591223632
14025433300,Massimawan,1,Bunga tak wajar,"Kalo tarifin bunga mbok yo sewajarnya rasa kemanusiaan gitu, bunga tinggi potongan juga tinggi",1.52.48,0,2026-05-03T16:06:29-07:00,Allo Bank,allo_bank,app_store,1591223632
14025252900,Eleanor0911,1,Scam,Duit ketahan,1.52.48,0,2026-05-03T14:48:41-07:00,Allo Bank,allo_bank,app_store,1591223632
14023332497,NeffPepp,2,Confusing,"The app dont let me go in, it kept saying i have no internet connection when it’s clearly has. 
And no call center to contact to fix this.",1.52.48,0,2026-05-03T03:57:29-07:00,Allo Bank,allo_bank,app_store,1591223632
14004463307,blubookbluebook,5,top,"nabung biaya adminnya 0 dan dapat bunga, plus transaksi qris langsung dpt cashbacjk",1.52.41,0,2026-04-27T19:56:03-07:00,Allo Bank,allo_bank,app_store,1591223632
13998529778,Winda_12321,5,Bagus,Allobank cinta treasure good,1.52.41,0,2026-04-26T03:40:43-07:00,Allo Bank,allo_bank,app_store,1591223632
13998491158,Maulidah 47,5,Review,Allobank aplikasi yang sangat fungsional dan kereen,1.52.41,0,2026-04-26T03:23:28-07:00,Allo Bank,allo_bank,app_store,1591223632
13998488183,Fiyo darmawan,5,Top,Transfer kemana aja bebas biaya admin,1.52.41,0,2026-04-26T03:22:07-07:00,Allo Bank,allo_bank,app_store,1591223632
13998483979,Gracefelli,5,Baguss,Mudah digunakan,1.52.41,0,2026-04-26T03:20:14-07:00,Allo Bank,allo_bank,app_store,1591223632
13998478052,Saaaayfaaaa,5,🦋,Bagus bangett buat yang mau nabung,1.52.41,0,2026-04-26T03:17:32-07:00,Allo Bank,allo_bank,app_store,1591223632
13998463557,etioleva,5,amanda,allobank the best,1.52.41,0,2026-04-26T03:11:11-07:00,Allo Bank,allo_bank,app_store,1591223632
13998460103,pitrinessa,5,review,aplikasinya yang asik buat kamu,1.52.41,0,2026-04-26T03:09:38-07:00,Allo Bank,allo_bank,app_store,1591223632
13998448928,Tkatram02,5,Promonya mantap,Best bgt allo bank suka kasih promo & cashback,1.52.41,0,2026-04-26T03:04:36-07:00,Allo Bank,allo_bank,app_store,1591223632
13998441064,Wrdnt,5,Untung banget!,transfer kemana aja gratis biaya adminnya,1.52.41,0,2026-04-26T03:01:06-07:00,Allo Bank,allo_bank,app_store,1591223632
13998437504,Farashahnaz,5,"Bagus, keren",Keren,1.52.41,0,2026-04-26T02:59:27-07:00,Allo Bank,allo_bank,app_store,1591223632
13998427451,1231@@@@&@@@,5,NE,"Bagus app nya, BA treasure dong matap",1.52.41,0,2026-04-26T02:54:55-07:00,Allo Bank,allo_bank,app_store,1591223632
13998416278,itsbie_Hyunsuk,5,allo bank,makasih allo bank🫶🏻,1.52.41,0,2026-04-26T02:49:55-07:00,Allo Bank,allo_bank,app_store,1591223632
13998400601,Sedjaraaa,5,Mantap,"Bagus, sudah lama pakai ini dan mempermudah",1.52.41,0,2026-04-26T02:42:52-07:00,Allo Bank,allo_bank,app_store,1591223632
13998356994,Srii 09,5,Allobank pas buat kamu,Allobank pas buat kamu,1.52.41,0,2026-04-26T02:23:03-07:00,Allo Bank,allo_bank,app_store,1591223632
13998356904,asaaa 4711,5,Allobank pas buat kamu,Allobank pas buat kamu,1.52.41,0,2026-04-26T02:23:01-07:00,Allo Bank,allo_bank,app_store,1591223632
13998354051,vyhartanto,5,Allo Grow,Sudah pakai allo grow 3 tahun. Bunganya gede bgt. Terus bisa tarik kapan aja. Puas bgt,1.52.41,0,2026-04-26T02:21:44-07:00,Allo Bank,allo_bank,app_store,1591223632
13998309577,Okta 10,5,Allobank pas buat kamu,Allobank pas buat kamu,1.52.41,0,2026-04-26T02:01:20-07:00,Allo Bank,allo_bank,app_store,1591223632
13998249303,Cupacupapa,5,Allo Bank,"Pakai allo bank, transaksi jadi mudah",1.52.41,0,2026-04-26T01:33:46-07:00,Allo Bank,allo_bank,app_store,1591223632
13998194261,mutiafdlh,5,review,mantap promo terus dan selalu oke,1.52.41,0,2026-04-26T01:08:12-07:00,Allo Bank,allo_bank,app_store,1591223632
13998154233,chs 777,5,allobank pas buat kamu,allobank pas buat kamu,1.52.41,0,2026-04-26T00:49:36-07:00,Allo Bank,allo_bank,app_store,1591223632
13998119031,Ervina Meme,5,Allobank pas buat kamu,Allobank pas buat kamu,1.52.41,0,2026-04-26T00:32:52-07:00,Allo Bank,allo_bank,app_store,1591223632
13998099903,Chocopaai,5,Tris H,Allobank jjang!!,1.52.41,0,2026-04-26T00:23:59-07:00,Allo Bank,allo_bank,app_store,1591223632
13998087719,ula 1234,5,review,aplikasi allo bank pas buat kamu,1.52.41,0,2026-04-26T00:18:12-07:00,Allo Bank,allo_bank,app_store,1591223632
13998070152,ntapsouuuullls,5,Bagus bgt ga ribet,Bagus,1.52.41,0,2026-04-26T00:09:54-07:00,Allo Bank,allo_bank,app_store,1591223632
13998061757,Xxwwinn,5,Allo,Efisienn ada tabungannyaaa jugaa,1.52.41,0,2026-04-26T00:05:52-07:00,Allo Bank,allo_bank,app_store,1591223632
13998051977,Flo firdausy,5,Review,Allobank kerennn banyakin feativalnya bawain grupngrup kpop keren,1.52.41,0,2026-04-26T00:01:19-07:00,Allo Bank,allo_bank,app_store,1591223632
13998035777,nabila hasna,5,Revieww,Aplikasi allobank sangat mudah digunakan,1.52.41,0,2026-04-25T23:53:27-07:00,Allo Bank,allo_bank,app_store,1591223632
13998034987,jeongwoo04,5,pulse on tour,keren bgtttt!!!!!,1.52.41,0,2026-04-25T23:53:05-07:00,Allo Bank,allo_bank,app_store,1591223632
13998031710,dilla 81,5,review,allo bank oke banget dpake,1.52.41,0,2026-04-25T23:51:31-07:00,Allo Bank,allo_bank,app_store,1591223632
13997985374,dewilee9,5,App mudah digunakan,App mudah digunakan,1.52.41,0,2026-04-25T23:29:16-07:00,Allo Bank,allo_bank,app_store,1591223632
13997979872,ereenda,5,Review,Aplikasi allobank mudah digunakan gratis biaya admin,1.52.41,0,2026-04-25T23:26:34-07:00,Allo Bank,allo_bank,app_store,1591223632
13997923618,putri laras14,5,ini review,aplikasi the best,1.52.41,0,2026-04-25T22:59:10-07:00,Allo Bank,allo_bank,app_store,1591223632
13997911176,Audi86,5,Cashback,Dapet cashback tiap transaksi QRIS. Thx Allobank!,1.52.41,0,2026-04-25T22:52:55-07:00,Allo Bank,allo_bank,app_store,1591223632
13997899403,baby.valerie,5,bagus,"bagus pelayanannya, semoga jadi rajin nabung",1.52.41,0,2026-04-25T22:47:13-07:00,Allo Bank,allo_bank,app_store,1591223632
13997868337,Christineeee16,5,Review,Transfer no admin🫶🏻,1.52.41,0,2026-04-25T22:31:43-07:00,Allo Bank,allo_bank,app_store,1591223632
13997867119,hijaubiru,5,User friendly,Ok. Mudah digunakan,1.52.41,0,2026-04-25T22:31:07-07:00,Allo Bank,allo_bank,app_store,1591223632
13997738448,Yap You Lee,2,BUNGA GILA BGT GEDENYA,"1st time user, pake Allo 3x transaksi dan gw itung2 bunganya per transaksi 17% wehhh!! lu gile ya charge bunga segitu gede?? parah! klo ga kepepet mending kalian jgn pake dah…

1x transaski di indomar, bill aslinya cuma 146.600, di bill allo gw di charge nya 170.056. edan ga tuh?? 😅",1.52.41,0,2026-04-25T21:26:49-07:00,Allo Bank,allo_bank,app_store,1591223632
13995064619,alpukatt,5,Gooa apps,Tempat nabung praktis,1.52.41,0,2026-04-25T04:21:08-07:00,Allo Bank,allo_bank,app_store,1591223632
13995047246,sherinank,5,ALLOBANK VERY VERY USEFULLLL!!,"mudah digunakan, warnanyaaa kuning kayak album treasure!! ><",1.52.41,0,2026-04-25T04:14:10-07:00,Allo Bank,allo_bank,app_store,1591223632
13995044496,Widyadari,5,ok,kereenn,1.52.41,0,2026-04-25T04:13:03-07:00,Allo Bank,allo_bank,app_store,1591223632
13994946751,dyhhrisnja,5,review,allobank mantap sekali i love you,1.52.41,0,2026-04-25T03:31:53-07:00,Allo Bank,allo_bank,app_store,1591223632
13994936126,adeliaris,5,baguusss,aplikasinya bagus worth untuk keuangan,1.52.41,0,2026-04-25T03:27:14-07:00,Allo Bank,allo_bank,app_store,1591223632
13994905866,rafachra,5,Keren,Aplikasinya pecinta KPOP,1.52.41,0,2026-04-25T03:13:54-07:00,Allo Bank,allo_bank,app_store,1591223632
13994902843,Laviaaaaaaaaa,5,AlloBank,Mantap sekali saya sudah pakai,1.52.41,0,2026-04-25T03:12:33-07:00,Allo Bank,allo_bank,app_store,1591223632
13994889352,Riri I 23,5,"Keren, aplikasi mudah digunakan",aplikasi mudah digunakan,1.52.41,0,2026-04-25T03:06:33-07:00,Allo Bank,allo_bank,app_store,1591223632
13994842384,Arliyana,5,Review,"Aplikasi allobank pas buat kamu , asli keren",1.52.41,0,2026-04-25T02:45:29-07:00,Allo Bank,allo_bank,app_store,1591223632
13994805968,pipin 23,5,review,aplikasi pass buat kamuuu mantapppp,1.52.41,0,2026-04-25T02:28:47-07:00,Allo Bank,allo_bank,app_store,1591223632
13994795380,🎶🎵👫💃👯,5,Allo bank best,Allo bank best,1.52.41,0,2026-04-25T02:23:53-07:00,Allo Bank,allo_bank,app_store,1591223632
13994633614,veabigail,5,Yuhuu,Mantul,1.52.41,0,2026-04-25T01:09:02-07:00,Allo Bank,allo_bank,app_store,1591223632
13994613113,tashifuuu,5,bestttt,bestttt,1.52.41,0,2026-04-25T00:59:30-07:00,Allo Bank,allo_bank,app_store,1591223632
13994585311,Vionnadinda,5,Thank you,Super easy app to use! Transaction with no worries Thanks allobank✨,1.52.41,0,2026-04-25T00:46:27-07:00,Allo Bank,allo_bank,app_store,1591223632
13994511004,gyuvincy,5,bagusss,bagus,1.52.41,0,2026-04-25T00:11:34-07:00,Allo Bank,allo_bank,app_store,1591223632
13994496694,stjia,5,Allobank,"Thanks allobank udah bawa treasure tahun lalu, selain itu pake allobank promonya banyak.",1.52.41,0,2026-04-25T00:04:52-07:00,Allo Bank,allo_bank,app_store,1591223632
13994496230,Osda yolanda,5,Allo bank,Setiap transaksi ada cashback!,1.52.41,0,2026-04-25T00:04:38-07:00,Allo Bank,allo_bank,app_store,1591223632
13994463859,vionaalfyyy,5,waw,the best bank,1.52.41,0,2026-04-24T23:49:06-07:00,Allo Bank,allo_bank,app_store,1591223632
13994463519,nikey 8,5,infinity banget,the best bank ever ga ribet,1.52.41,0,2026-04-24T23:48:55-07:00,Allo Bank,allo_bank,app_store,1591223632
13994462288,chenlliii,5,cool,keren kaliii,1.52.41,0,2026-04-24T23:48:20-07:00,Allo Bank,allo_bank,app_store,1591223632
13994458199,iphuseras,5,Allobank,Allobank fleksibel dan pas buat kamu!!!,1.52.41,0,2026-04-24T23:46:22-07:00,Allo Bank,allo_bank,app_store,1591223632
13994403158,milozed_,5,REVIEW!!!,"sebagai pengguna byk digital bank, allo sangat membantu sekali dan banya fitur beserta promonyaaa♥️",1.52.41,0,2026-04-24T23:20:03-07:00,Allo Bank,allo_bank,app_store,1591223632
13994401159,qodiqkIanqjiavbeb,5,Tentang Allobank,Mantapppp,1.52.41,0,2026-04-24T23:19:04-07:00,Allo Bank,allo_bank,app_store,1591223632
13994348001,Yumi131,5,Review,Aplikasinya bagus terus fleksibel dan mudah digunakan,1.52.41,0,2026-04-24T22:53:03-07:00,Allo Bank,allo_bank,app_store,1591223632
13994336181,bila 13,5,review,aplikasi so good mantap i like kicau mania,1.52.41,0,2026-04-24T22:47:12-07:00,Allo Bank,allo_bank,app_store,1591223632
13994315151,Haru 27,5,Haru27,Appnya mudah untuk menabung dan fleksibel,1.52.41,0,2026-04-24T22:36:47-07:00,Allo Bank,allo_bank,app_store,1591223632
13994310322,Putri Widya 20,5,Review,Apps nya sangat bagus dan flexible,1.52.41,0,2026-04-24T22:34:23-07:00,Allo Bank,allo_bank,app_store,1591223632
13994270570,Taufikkkkkkkkk,5,Review,Sangat bagus,1.52.41,0,2026-04-24T22:14:44-07:00,Allo Bank,allo_bank,app_store,1591223632
13979743025,peachan77,5,Banyak promo,"Aplikasi bank digital dengan promo paling oke. Paling suka promo tiket bioskopnya, sangat membantu buat yang suka nonton tapi mau tetap irit. 😍Registrasi mudah dan aplikasinya lancar!",1.52.41,0,2026-04-20T15:42:00-07:00,Allo Bank,allo_bank,app_store,1591223632
13969677141,aloobak,5,acakep,"Upgrade Allo cepat, daftar gampang, apply sat-set, tarik dana cepat, transaksi Allo selalu lancar",1.52.41,0,2026-04-17T20:55:26-07:00,Allo Bank,allo_bank,app_store,1591223632
13952940486,aq_~\t,1,Uang yang di lock tidak bisa kembali,"Itu uang pribadi, saat ingin di tarik tidak bisa, padahal tagihan sudah lunas. Bahaya.",1.52.41,0,2026-04-13T02:06:54-07:00,Allo Bank,allo_bank,app_store,1591223632
13945672024,rlimu,1,TIDAK MENGIKUTI KEHENDAKAN HAK,"kecewa banget, mau besar gmn, tapi admin sangat sangat slow, di oper ke sana sini, pas wa disuruh nelfon, pas nelfon suruh wa, terus admin ig juga suruh nelfon, ga jelas bgt ini ga kompak sama sekali, susah banget dapet info dari bank ini, bahkan bank yang udah besar ga sesusah ini loh, gila emng, mana pas penutupan akun ga bisa, harus ttd basah,  sedangkan aku ga pernah transaksi apapun? top up jg ga pernah, tapi info ktp diambil, bahkan ga bisa di tarik? gila loh bca aja bisa ditarik data ktp, ga menghormat data privasi yang udh jadi hak kita",1.52.41,0,2026-04-11T01:23:29-07:00,Allo Bank,allo_bank,app_store,1591223632
13928932389,Ade Andika,1,Transfer Dana Tidak Masuk,Mentransfer dana tidak masuk me akun Allobank dan proses refundnya ribet berbelit belit,1.52.41,0,2026-04-06T07:45:15-07:00,Allo Bank,allo_bank,app_store,1591223632
13928189588,by.khsnl,1,Spam,Tolong stop spam call nawarin allo paylater.,1.52.41,0,2026-04-06T03:20:06-07:00,Allo Bank,allo_bank,app_store,1591223632
13927798144,lobankgblk,1,paylater,"aplikasi goblok penipuan,suruh masukin uang tapi kena bunga,paylater tapi pake uang sendiri+kena bunga",1.52.41,0,2026-04-06T00:15:31-07:00,Allo Bank,allo_bank,app_store,1591223632
13927252979,1akun,5,Allo good,"Suprise bgt ternyata CS Allo responsif, proses cepat, cocok buat budgeting, nabung receh, simpan uang dingin, simulasi bunga jelas, limit awal lumayan & bisa naik , jadi cocok untuk pemula .",1.52.41,0,2026-04-05T19:46:22-07:00,Allo Bank,allo_bank,app_store,1591223632
13912006442,Sarinatih,5,Ulasan,Sangattt bangusss sekalii,1.52.23,0,2026-04-01T14:09:40-07:00,Allo Bank,allo_bank,app_store,1591223632
13910568192,GLADISTI,1,JELEKK BANGET,demi allah lu dzolim setan allobank masa gue topup duit gue terus gue ambil duit gue dan itu jadi hutang gue ke allo bank sinting monyet dasar,1.52.23,0,2026-04-01T06:05:41-07:00,Allo Bank,allo_bank,app_store,1591223632
13907283970,ppdvsvehshs,1,p,saya gak minjem apa apa tiba tiba ada tagihan aneh,1.52.23,0,2026-03-31T08:18:28-07:00,Allo Bank,allo_bank,app_store,1591223632
13905315765,Davigateguh,1,Dipaksa download,Salesnya maksa banget download. padahal lagi main padel,1.52.23,0,2026-03-30T18:18:38-07:00,Allo Bank,allo_bank,app_store,1591223632
13893226542,Hgfoucas,1,Pay later,Knp pas tambah limit pake saldo sndiri trs pas di tarik disuruh bayar tagihan aneh bgt pdhl uang sndiri,1.52.23,0,2026-03-27T10:02:40-07:00,Allo Bank,allo_bank,app_store,1591223632
13891408595,amalovegood,1,HARGA TIKET CORTIS GA NGOTAK,"Sekelas festival harganya sampe 5juta, mending world tour yah adik adik 😜",1.52.23,0,2026-03-26T21:58:01-07:00,Allo Bank,allo_bank,app_store,1591223632
13884713352,Jurhan jurblan,2,Sudah banget login verifikasi wajah,Tolong dong di perbaiki,1.52.23,0,2026-03-25T01:44:13-07:00,Allo Bank,allo_bank,app_store,1591223632
13877628078,Stopspammingggg,1,Stop annoying!!!,"The app spams bot calls about a debt that isn’t even due yet. Very annoying. Useless. I’ve emailed them, but there’s no response.",1.52.23,0,2026-03-22T23:35:01-07:00,Allo Bank,allo_bank,app_store,1591223632
13863583432,Suzyy1994,1,MAHAL,bulan 2 lalu aku pakai bunganya kecil banget eh sekarang bunganya gede banget jadi 9% perbulan. Klo 12 bulan bunganya bisa lebih dari pinjamannya wkwkwk lebih mahal dr pinjol pinjol yang banyak beredar,1.52.23,0,2026-03-18T23:32:25-07:00,Allo Bank,allo_bank,app_store,1591223632
13863135284,BlueFinWhale,1,Glitch dan ga bisa QRIS,"pake apa sih AlloBank? kenapa aplikasi nya kayak gini, kalian udah mah kapitalis banget maksa bayar parkir pake allobank tapi pas dipake jelek banget ux nya....kalian banyak bug...liat qris nya coba kalian QA sendiri, ini sampe kena omel orang orang perkara mau pake produk kalian buat bayar parkir doang sampe ngemis gue ke orang buat nalangin dulu",1.52.23,0,2026-03-18T19:40:57-07:00,Allo Bank,allo_bank,app_store,1591223632
13853302432,Ndageeee,5,Sangat mudah,"Upgradenya cepat,daftar gampang,aplay satset,tarik dana cepat,sangat memudahkan kehidupan sehari2 yang maunya cepat dan satset.",1.52.23,0,2026-03-15T23:24:02-07:00,Allo Bank,allo_bank,app_store,1591223632
13832015987,Ahmedbbaahha,5,Review jujur,"Verifikasi Digital (Liveness Detection): Kamu cuma perlu scan KTP dan foto selfie. Sistem mereka biasanya cepat banget memproses data, jadi akun Allo Prime bisa aktif dalam hitungan menit saja.
Mau top up jam 2 pagi buat bayar ojek online atau tengah malam buat belanja flash sale? Bisa banget! Layanan ini aktif 24 jam penuh tanpa ada jam ""offline"" yang kaku.",1.52.23,1,2026-03-09T18:29:18-07:00,Allo Bank,allo_bank,app_store,1591223632
13830348168,underwoRLd princess,1,Terjebak spg,"Terjebak spg di transmart dengan iming-imingi diskon, dijebak diaktifkan paylater,lalu nutup akunnya ribet 😔😔",1.52.23,0,2026-03-09T07:34:06-07:00,Allo Bank,allo_bank,app_store,1591223632
13829733731,anggun pebriyani,5,ulasan,aplikasi nya sangat bagus membantu sekali buat tf uang,1.52.23,0,2026-03-09T03:39:28-07:00,Allo Bank,allo_bank,app_store,1591223632
13829383558,"Jack…,",1,Paylater pakai uang sendiri,"Sudah lama pakai berbagai bank. Kebodohan saya temukan disini, jadi paylater disuruh Top Up dengan uang kota lalu Paylater dibungakan. Jadi kota pinjam uang kita sendiri",1.52.23,0,2026-03-09T00:33:53-07:00,Allo Bank,allo_bank,app_store,1591223632
13827444551,Bayy0305,4,Aplikasi Sangat Bagus,Aplikasinya mudah dipahami dan mudah dimengerti sangat cocok untuk mengirim uang atau tempat menyimpan uang,1.51.36,0,2026-03-08T10:15:18-07:00,Allo Bank,allo_bank,app_store,1591223632
13818983043,safafafaa,2,Nice,Sangat saya butuhkan dan aplikasi komplit mudah di gunakan,1.51.36,0,2026-03-06T01:05:49-07:00,Allo Bank,allo_bank,app_store,1591223632
13817878536,Ajipiece,4,Login susah,Perbaikan saat log in bisa dengan wifi tanpa harus pakai kartu internet yang di daftarkan. Terima kasih,1.51.36,0,2026-03-05T16:03:16-07:00,Allo Bank,allo_bank,app_store,1591223632
13817187389,Tanzil Abdana,2,Tidak bisa transaksi,"Tolong update aplikasinya
Tidak bisa di pakai buat transaksi apapun selain transfer 🤦🏻‍♂️🤦🏻‍♂️",1.51.36,0,2026-03-05T11:17:17-07:00,Allo Bank,allo_bank,app_store,1591223632
13815263652,Hilda mailida,1,Tidak jelas,"Tidak puas dengan aplikasi allobank, daftar paylatter dan dapat limit tapi tidak dapat voucer sociolla!!! Sudah email cs nya tapi jawaban tidak ada yang memuaskan",1.51.36,0,2026-03-04T22:12:53-07:00,Allo Bank,allo_bank,app_store,1591223632
13811539896,nadivaaaa,5,aloo,"Aplikasi Allo PayLater fleksibel, QRIS Allo bisa di mana saja, banyak pilihan tenor sampai 36 bulan, gratis transfer Allo, Allo Grow/kantong buat budgeting, deposito Allo mudah & bisa buka banyak sekaligus
Memiliki Bunga deposito Allo tinggi sampai 7.5%, bunga tabungan tetap jalan meski saldo diam, cicilan 0%, cashback & diskon, promo Allo PayLater 
CS Allo responsif, proses cepat, cocok buat budgeting, nabung receh, simpan uang dingin, simulasi bunga jelas, limit awal lumayan & bisa naik",1.51.36,1,2026-03-03T19:22:57-07:00,Allo Bank,allo_bank,app_store,1591223632
13810982406,IndahBeautySalon,5,Allobank ini Cepat dan mudah di pahami,"Bunga deposito Allo tinggi sampai 7.5%, bunga tabungan tetap jalan meski saldo diam, cicilan hanya 0%, cashback & diskon,",1.51.36,0,2026-03-03T15:26:00-07:00,Allo Bank,allo_bank,app_store,1591223632
13810900238,auul23,5,Review,"Sangat mudah dipakai, proses yang sangat cepat, cocok untuk budgeting seperti nabung uang receh, dan limit untuk awal lumayan juga bisa naik.",1.51.36,0,2026-03-03T14:51:01-07:00,Allo Bank,allo_bank,app_store,1591223632
13808338942,Thelesya,4,Servis cepat hasil hebat,"Allo Bank emang juara! Pelayanannya cepat, ramah, dan hasilnya rapi banget. Ban jadi aman, perjalanan makin nyaman. Recommended!",1.51.36,0,2026-03-02T21:28:52-07:00,Allo Bank,allo_bank,app_store,1591223632
13793850563,Anak santri,5,Sangat bermanfaat,Alhamdulillah semenjak pakai allo bank jdi lebih mudah untuk tf nya semoga allo bank lebih baik lg fiturnya lebih bagus maanfaat bangett😍😍,1.51.36,0,2026-02-26T22:33:10-07:00,Allo Bank,allo_bank,app_store,1591223632
13792968528,Gitaaaa31,5,Pengalaman pakai allobank,"- Upgrade Allo cepat, daftar gampang, apply sat-set, tarik dana cepat, transaksi Allo selalu lancar
- Allo PayLater fleksibel, QRIS Allo bisa di mana saja, banyak pilihan tenor sampai 36 bulan, gratis transfer Allo, Allo Grow/kantong buat budgeting, deposito Allo mudah & bisa buka banyak sekaligus
- Bunga deposito Allo tinggi sampai 7.5%, bunga tabungan tetap jalan meski saldo diam, cicilan 0%, cashback & diskon, promo Allo PayLater
- CS Allo responsif, proses cepat, cocok buat budgeting, nabung receh, simpan uang dingin, simulasi bunga jelas, limit awal lumayan & bisa naik
- Dipakai dari e-commerce sampai warung, QRIS Allo hampir di mana-mana, gratis transfer tiap hari, Allo PayLater berguna untuk kebutuhan harian sampai momen besar",1.51.36,0,2026-02-26T16:09:16-07:00,Allo Bank,allo_bank,app_store,1591223632
13792422332,syarif1111,1,apk tai,"hati2 jangan tergiur top up di aplikasi ini untuk naik limit nantii ujung2nya uang kita jadi tagihann sendiri 
HATI HATI",1.51.36,1,2026-02-26T12:27:26-07:00,Allo Bank,allo_bank,app_store,1591223632
13789853049,Megumi2310,5,Digital bank,Nice,1.51.36,1,2026-02-25T19:25:39-07:00,Allo Bank,allo_bank,app_store,1591223632
13786248770,rhevina natasha,5,Allo Bank cepat dan terpercaya!,"- Upgrade Allo sangat cepat, daftar nya mudah, apply sat-set, tarik dana cepat, dan ketika melakukan transaksi Allo selalu lancar
- Allo PayLater fleksibel, QRIS Allo bisa di mana saja sehingga banyak pilihan tenor sampai 36 bulan, gratis transfer Allo, Allo Grow/kantong buat budgeting, deposito Allo mudah bahkan bisa buka banyak sekaligus
- Bunga deposito Allo tinggi sampai 7.5%, bunga tabungan tetap jalan meski saldo tidak terpakai, cicilan 0%, cashback,  diskon, dan promo Allo PayLater sangat banyak
- CS Allo responsif, sehingga proses nya cepat, sangat cocok buat budgeting, nabung uang, simpan uang dingin, simulasi bunga sangat transparan, limit awal lumayan dan bahkan bisa bertambah 
- Dipakai dari e-commerce seperti warung QRIS Allo hampir di mana-mana, dan juga gratis transfer tiap hari",1.51.36,0,2026-02-24T20:14:58-07:00,Allo Bank,allo_bank,app_store,1591223632
13786186691,rraaaaaw,5,allobank,"Aplikasi Allo sangat membantu! Proses upgrade cepat dan pendaftarannya nggak ribet. Transaksi selalu lancar dan tarik dana juga praktis. Fitur PayLater fleksibel dengan pilihan tenor yang banyak, cocok untuk kebutuhan mendadak maupun bulanan. QRIS bisa dipakai hampir di semua tempat jadi makin gampang bayar apa saja.",1.51.36,1,2026-02-24T19:46:11-07:00,Allo Bank,allo_bank,app_store,1591223632
13778416730,Nawbela,5,Mudah digunakan,"Daftar mudah, penggunaan juga mudah, tersedia qris, cocok untuk budgeting dan nabung kecil-kecilan. Yang paling penting sih gratis transfer jadi gausah worry ada fee untuk tf",1.51.36,0,2026-02-22T14:22:35-07:00,Allo Bank,allo_bank,app_store,1591223632
13760791570,ufeii,5,review,"setelah menggunakan aplikasi ini 2 tahun, yang saya dapatkan adalah upgrade Allo berlangsung cepat, pendaftaran sangat mudah, aplikasi dapat dilakukan segera, penarikan dana juga cepat, dan transaksi di Allo selalu lancar. Allo PayLater menawarkan fleksibilitas, QRIS Allo dapat digunakan di berbagai lokasi, dengan pilihan tenor hingga 36 bulan, transfer gratis setiap hari melalui Allo, serta adanya fitur Allo Grow/kantong untuk mengatur anggaran. Pembukaan deposito Allo pun mudah dan dapat dilakukan secara bersamaan. Suku bunga deposito Allo mencapai 7,5%, sementara bunga tabungan tetap berjalan meskipun saldo tidak digunakan, dengan cicilan 0% serta adanya cashback dan diskon dari promo Allo PayLater. Layanan pelanggan Allo sangat responsif dan prosesnya cepat, membuatnya ideal untuk pengelolaan anggaran, menabung sedikit-sedikit, menyimpan uang cadangan, serta memberikan simulasi bunga yang jelas. Limit awalnya cukup menarik dan bisa meningkat. Digunakan di berbagai platform, mulai dari e-commerce hingga warung, QRIS Allo tersedia hampir di mana saja, memberikan kemudahan transfer gratis setiap hari, dan Allo PayLater sangat bermanfaat untuk kebutuhan sehari-hari serta acara besar.",1.51.36,2,2026-02-17T16:42:31-07:00,Allo Bank,allo_bank,app_store,1591223632
13753619699,aalsdhhf,1,scam dan penipuan,"allobank membuka freelance cara dpt cuan cuma dg download app, dan disuruh ngasih bintang 5 dan ulasan terbaik. hati-hati buat kalian semua",1.51.36,1,2026-02-15T16:01:01-07:00,Allo Bank,allo_bank,app_store,1591223632
13744327002,apalahye,1,Aplikasi jelek gembel gak berkualitas,"Aplikasi gembel! Face ID menyulitkan sekali. Mau nahan saldo org apa gimana ini bank. Setiap mau transaksi di persulit sm Face ID gembel. 
Bank Gembel! Gak ada guna! Balikin saldo saya",1.51.36,0,2026-02-13T03:51:50-07:00,Allo Bank,allo_bank,app_store,1591223632
13741044629,Ucok12309,1,Aok t411,Apk t4iiiii,1.51.36,0,2026-02-12T05:09:41-07:00,Allo Bank,allo_bank,app_store,1591223632
13740247757,k4nasa,5,suka banget,"aplikasinya bagus banget, daftarnya juga gampang, ada paylatter nya juga, transaksinya juga ga ribett",1.51.36,2,2026-02-11T23:20:09-07:00,Allo Bank,allo_bank,app_store,1591223632
13739404696,Yufinta,5,Samgat berguna,"Pakai apps allo ini enak banget , daftarnya gampang, applynya satsat gak ribet, upgradenya cepet, transaksinya lancar",1.51.36,0,2026-02-11T16:46:56-07:00,Allo Bank,allo_bank,app_store,1591223632
13736379178,Nadya Ruth Aurelia,5,review allo,"udah pake dari lama. appnya upgrade cepat, daftarnya gampang dan flexible banget",1.51.36,0,2026-02-10T20:31:40-07:00,Allo Bank,allo_bank,app_store,1591223632
13736135235,Da.isda26,5,Allobank selalu jadi yang terbaik,"-Daftar allobank untuk memudahkan kita dalam bertransaksi,kita juga bisa ajukan Apply dana instan loh limit bisa sampai 100 jt,cicilannya pun bisa s.d 36 bulan dan bisa tarik serta transaksi berkali-kali. -bayar apa aja jadi sat set dan gak bikin ribet menggunakan QRIS allobank jadi gak bikin ribet kita kalo keluar rumah gak bawa uang tinggal pake QRIS diallobank. -Cs allobank responsif,proses cepat memudahkan kita dalam menyimpan uang,jangan sampai gajian mu terpakai sia sia buruan tabungin diallo grow tiap hari Rabu karna ada bonus saldo up to Rp40 ribu🤩 -nabung diallo deposito sekarang bisa dapet in bonus up to Rp 1,6 juta + bunga s.d 6,5%.",1.51.36,0,2026-02-10T18:43:28-07:00,Allo Bank,allo_bank,app_store,1591223632
13732574461,Ridi ilahi,1,Scam,"Payletter nya sampah,buat ningkatin limit suruh top up,pas di tarik lagi tetep jadi tagihan,EE Luh",1.51.36,0,2026-02-09T18:40:13-07:00,Allo Bank,allo_bank,app_store,1591223632
13730556170,Khairun nisya,1,Komplain,"Aplikasi gak guna, ribet kalau bermasalah akun blokir. Nelpon cs nyuruh ke email, dari email terus-terus an di jawab gak sesuai data lah ini itu. Jangan lagi-lagi lah pake aplikasi ini sama sekali gak berguna pengaduan ke cs dan email nya",1.51.36,0,2026-02-09T06:00:57-07:00,Allo Bank,allo_bank,app_store,1591223632
13726906523,Nikyv,1,Pembohong,"Ada salesnya nyamperin aku katanya bisa dapet voucher haidilao 200k kalau bikin akun allobank. Aku ikutin, eh pas udah jadi akunnya malah gadapet vouchernya. Dan salesnya dengan mode gak pedulinya cuman ngomong “ga berhasil ya ka”. Dih apaan sih",1.51.36,0,2026-02-08T06:08:15-07:00,Allo Bank,allo_bank,app_store,1591223632
13718512008,Oioitu,5,Bagus,User journey-nya bagus,1.51.36,1,2026-02-06T00:28:53-07:00,Allo Bank,allo_bank,app_store,1591223632
13715811236,IRFAN RIFANI,1,Tidak mengerti tentang manajemen paylater,Saya kan top up pertama 50K saya naikan limit Payleter trus saya gunakan dan berapa hari kemudian saya top up lagi 150k dan saya gunakan untuk naikan limit paylater lagi dan saya gunakan eh tiba-tiba malah jadi tagihan saya terus uang yang saya top up kan kemana?,1.51.36,0,2026-02-05T06:33:56-07:00,Allo Bank,allo_bank,app_store,1591223632
13711943951,awan202002020,1,Bunga tinggi,Bunga dan biaya sangat tinggi.. not recomended !!!!,1.51.36,0,2026-02-04T05:42:09-07:00,Allo Bank,allo_bank,app_store,1591223632
13707067399,cieh-tu,1,transfer tapi ga masuk,"ini gimana allo bank transfer ke dana tapi belum masuk keterangan nya dalam proses terus , sudah live chat di wa sudah di email juga gada respon katanya pelayanan 24/7 tapi nihil ga jelas banget",1.51.36,0,2026-02-02T20:36:56-07:00,Allo Bank,allo_bank,app_store,1591223632
13704127889,Jobing toys,1,Gajelas,Isi saldo malah jadi limit terus saldo nya malah jadi limit spaylater saldo yang di isi hilang  kocak,1.51.36,0,2026-02-02T02:25:17-07:00,Allo Bank,allo_bank,app_store,1591223632
13700689497,RidwanZe,3,Di aplikasi nya ada iklan,"Tolong semua iklan dlm aplikasi nya di hilangkan saya terganggu ,lama itu iklan nya",1.51.36,0,2026-02-01T04:44:34-07:00,Allo Bank,allo_bank,app_store,1591223632
13700004458,Shizu.e,1,Aplikasi belum matang,Masih sangat kurang layak untuk digunakan,1.51.36,0,2026-02-01T00:25:48-07:00,Allo Bank,allo_bank,app_store,1591223632
13699587666,Favti harefa,2,Fitur lebih di tingkatkan dan bug saat bertransaksi,Fitur fiturnya labih ditingkatkan lagi. Tidak masalah ad update aplikasi dlm beberapa bulan cuman fiturnya di tingkatkan biar simple dan bagus.dan bug arahan saat menggunakan berbelanja satu kali bisa di mengerti jangan lagi ber ulang ulang kasih bug arahan . Saya kasih bintang 2 dan kalau ada perubahan saya akan rubah peniliain saya.,1.51.36,0,2026-01-31T21:22:15-07:00,Allo Bank,allo_bank,app_store,1591223632
13699511145,Makelar07,1,Bapuk jelek banget,Applikasi gajelas,1.51.36,0,2026-01-31T20:49:35-07:00,Allo Bank,allo_bank,app_store,1591223632
13696327862,Dyahlialia,1,Aplikasi sampah gausa didownload,Aplikasi sampah dan scam! Ngadain promo kerjasama sama merchant ketika mau di payment dibilang pin salah,1.51.36,0,2026-01-31T02:45:53-07:00,Allo Bank,allo_bank,app_store,1591223632
13696131577,gumilangg,1,untuk developer allobank,"saya menautkan pembayaran visa allobank di aplikasi dana saldo saya tidak kembali sampai 3x transaksi, padahal di aplikasi dana di riwayat pembayaran itu saldo berhasil di refund, tetapi di allo bank malah tidak dikembalikan saldo saya. tolong benerin sistemnya agar tidak terjadi seperti ini lagi makasih",1.51.36,0,2026-01-31T01:29:10-07:00,Allo Bank,allo_bank,app_store,1591223632
13692486160,Atriyanti,5,Aplikasi yang bagus!,Aplikasi yang sangat bagus tapi saya mengusulkan selain bisa login pakai password ataupun sidik jari saya mengusulkan juga bisa masuk pakai pin,1.51.36,1,2026-01-30T03:15:24-07:00,Allo Bank,allo_bank,app_store,1591223632
13691970868,Vous me voyezz,1,Nipu ahh,"Gak dpt voucher sociolla padahal sudah ikut sesuai ketentuan, sudah lapor cs berhari2 tetapi tiket pelaporan tiba2 closed tanpa penjelasan apapun. Sangat jelek pelayanan cs nya",1.51.36,0,2026-01-29T23:35:17-07:00,Allo Bank,allo_bank,app_store,1591223632
13691632405,rendra888,5,gua,baik,1.51.36,0,2026-01-29T20:56:40-07:00,Allo Bank,allo_bank,app_store,1591223632
13691225280,Mutia432,5,Allo bank aplikasi mantap,"QRIS Allo bisa di mana saja, banyak pilihan tenor sampai 36  mantap banget deh, Bunga depositonya juga tinggi sampai 7.5%, bunga tabungan tetap jalan meski saldo diam, cicilan 0%, cashback & diskon, promo Allo PayLater.
Nah kalo ada kendala CS Allo responsif, proses cepat, cocok buat budgeting, nabung receh, simpan uang dingin, simulasi bunga jelas, limit awal lumayan & bisa naik, Dipakai dari e-commerce sampai warung, QRIS Allo hampir di mana-mana, gratis transfer tiap hari, Allo PayLater berguna untuk kebutuhan harian sampai momen besar",1.51.15,0,2026-01-29T18:03:51-07:00,Allo Bank,allo_bank,app_store,1591223632
13690953041,Halo beby,4,Allo bank,Allo bank sangat berguna,1.51.15,0,2026-01-29T16:13:33-07:00,Allo Bank,allo_bank,app_store,1591223632
13689058252,O42z,1,No recomend,Masa di kasih limit 1 perak aneh,1.51.15,0,2026-01-29T05:23:15-07:00,Allo Bank,allo_bank,app_store,1591223632
13687511701,selvilestarii,5,Allobank,"Mudah diupgrade, mudah tarik dana, melakukan transaksi dengan mudah tanpa lama dan ribet",1.51.15,0,2026-01-28T18:32:08-07:00,Allo Bank,allo_bank,app_store,1591223632
13684622703,Onosssssssss,1,Annoying,Full of telemarketer,1.51.15,0,2026-01-28T01:49:17-07:00,Allo Bank,allo_bank,app_store,1591223632
13681514706,taradidi23,1,parah,"menurut aku ini parah bgt bunganya sangat tinggi, saran aku mending ga usah ambil disini kalau ga mampu bayarnya.",1.51.15,0,2026-01-27T05:51:59-07:00,Allo Bank,allo_bank,app_store,1591223632
13680273483,Who s tan,5,Allo bank ter the best,Enak banget pake allo bank sat set apalagi klo ke mall yg syaratnya pake allo bank,1.51.15,0,2026-01-26T20:53:54-07:00,Allo Bank,allo_bank,app_store,1591223632
13680178261,Widyatomo,1,Jelek,"Saya tidak paham dengan ketentuan allo bank ,saya tidak merasa meminjam tapi di suruh melunasi ,admin saya chat tidak ada respon",1.51.15,0,2026-01-26T20:11:10-07:00,Allo Bank,allo_bank,app_store,1591223632
13680071025,Tamaaa22,1,Aplikasi gak jelas,"Masa saya disuruh topup allo pay later, trus pas saya tarik ke dana saya disuruh bayar per tanggal 25 Desember jadi 104.000 🙄🙄
Itukan uang saya kenapa jadi saya jadi utang",1.51.15,0,2026-01-26T19:25:11-07:00,Allo Bank,allo_bank,app_store,1591223632
13679975320,De_Irwan,1,SPAM CALL,"Mohon hilangkan spamcall atas  ama allo bank, setiap hari setelah saya install allo bank, beberapa kali masuk nomor baru yg mengatas namakan allo bank, dan meminta agar mengaktifkan allo paylater. Ko bisa bisa nya setiap hari spam call terus. Paylater kan pilihan gk semua orang butuh. Cukup sekali aja konfirmasinya. Kenapa harus tiap hari nasabahnya kena spam call.",1.51.15,0,2026-01-26T18:45:29-07:00,Allo Bank,allo_bank,app_store,1591223632
13676609364,Ainaya Rumaira,5,Review,"Upgrade Allo cepat, daftar gampang, apply sat sett bangett",1.51.15,0,2026-01-25T20:54:56-07:00,Allo Bank,allo_bank,app_store,1591223632
13675040777,kontolmemekanjingbangsat,1,Pelayanan CS kurang,Pelayanan CS Allobank sangat kurang puas karena tidak bisa melayani complain dengan cepat dari pelanggan dan responnya pun sangat lambat. Saya memberikan keluhan tentang voucher berbelanja disociolla tapi tidak ada solusinya.,1.51.15,0,2026-01-25T10:42:23-07:00,Allo Bank,allo_bank,app_store,1591223632
13674029037,jahaups,3,Iklan,"Tolong lah iklan promosi yg ditampilkan dikasi tanda Close jangan mesti tunggu kelamaan, lamaaa banget lagi",1.51.15,0,2026-01-25T05:34:21-07:00,Allo Bank,allo_bank,app_store,1591223632
13672856585,penipuan modus paylater,1,Penipu,"Jgn pinjam disini hati-hati aplikasi miskin uang kita sendiri dipakai untuk pakai pinjaman. Masa disuruh naikkan limit dengan top up uang pribadi untuk pinjaman, giliran sudah di top up eh dana yang di top up itu yang dipakai pinjam, berarti uang pribadi sendiri pakai untuk pinjam, bukannya memberi solusi malah menipu",1.51.15,0,2026-01-24T21:27:55-07:00,Allo Bank,allo_bank,app_store,1591223632
13671898771,Demi Salim,1,Perbankan Paling Najis,"You’ll know kalau udah merasakan sendiri senajis apa si Allo ini, lebih baik ga usah yaa :)",1.51.15,0,2026-01-24T15:00:36-07:00,Allo Bank,allo_bank,app_store,1591223632
13665607645,bduenslqlaldbbdb,1,Penipu,Limit paylater bodong ini mah sama aja pinjem di duit sendiri lu yang dapet bunga nya enak banget kaga ikhlas gw,1.51.15,0,2026-01-23T00:45:27-07:00,Allo Bank,allo_bank,app_store,1591223632
13664748399,retnoarieaniozil,1,bohong banget katanya 0%,"Bohong banget katanya 0% pas dibayar bunganya sampe 10% mending shoppe jauhhhhh ga ada kebohongan , pas awal pake 440 qrisnya , di cek tagihan 440 pas bayar jadi 484 , ini aplikasi nipu bangett kapok dehh",1.51.15,0,2026-01-22T17:59:09-07:00,Allo Bank,allo_bank,app_store,1591223632
13662662801,xolovectr,1,scam voucher,udh download dan daftar paylaternya biar dapet voc soco malah gak ada & gabisa.,1.51.15,0,2026-01-22T05:24:23-07:00,Allo Bank,allo_bank,app_store,1591223632
13661473106,Anak kepleng,5,Allo bank.,Allo bebas biaya admin bulanan dan transfer antar via BI-fast. Tersedia limit paylater diawasi ojk dan banyak promonya.,1.51.15,1,2026-01-21T20:37:34-07:00,Allo Bank,allo_bank,app_store,1591223632
13657590112,rekaytttt,1,SPAM,"Selalu spam, dan saat request untuk hapus akun, call langsung di end gitu aja.",1.51.15,0,2026-01-20T19:00:32-07:00,Allo Bank,allo_bank,app_store,1591223632
13654939385,Strawberry Nana 🍓,1,Nipu,"Apk nipu, cs nya di chat dari siang sampai malam ga bales”",1.51.15,0,2026-01-20T03:13:37-07:00,Allo Bank,allo_bank,app_store,1591223632
13654759028,Andiplus,1,Operator sering menelfon,"Tolong lah, setiap hari saya selalu di telpon oleh sales allobank untuk menawarkan produk paylater. Mereka sudah menjelaskan dengan cukup baik, akan tetapi saya juga menolak tawaran mereka. Jadi tolonglah untuk tidak menelfon saya kembali. Saya merasa terganggu l, dan sebaiknya tandain nomer yang sudah di telfon untuk tidak ditelfon kembali",1.51.15,0,2026-01-20T01:54:36-07:00,Allo Bank,allo_bank,app_store,1591223632
13654445788,saskiazhuhry,5,allo bank,"udah lama pake aplikasi allo bank,kalo mau transfer ga perlu ribet,sangat amanahh,sangat membantu banget🥰",1.51.15,1,2026-01-19T23:19:56-07:00,Allo Bank,allo_bank,app_store,1591223632
13654092737,BowieSahara,1,Qris fail,"Mau bayar promo pake qris di indomaret, tapi qrcode nya ga ke generate, 5x nyoba ga muncul",1.51.15,0,2026-01-19T20:25:04-07:00,Allo Bank,allo_bank,app_store,1591223632
13653869797,Sasgiaputri,3,Allo bank,"Sangat puas dengan layanan allo Bank ini CS-nya sangat responsif saat dihubungi lewat chat. Selain itu, proses cepat banget pas pengajuan, nggak pakai ribet. Yang paling membantu, fitur simulasi bunga jelas dan transparan, jadi kita bisa berhitung dulu sebelum ambil keputusan. Recommended!",1.51.15,0,2026-01-19T18:47:50-07:00,Allo Bank,allo_bank,app_store,1591223632
13651978721,ipun0907,1,Penipuan/ scam mengambil data pribadi orang dengan embel”vocher belanja,"saya barusan daftar allo bank dari QR promo sociolla di store 
sudah saya coba daftar akun saya limitnya 300rb tetapi tidak ada vocher belanja sociolla nya??? 
kemudian teman saya daftar menggunakan QR juga limit nya 1.000 
maksudnya apa yaa? sementara promo jelas tertera sampai 31 januari tidak ada tertera promo terbatas atau syarat apapun 
ini bagian dari scam yaa dengan embel”memberi promo tapi ketika semua dah pada daftar buka akun menggunakan KTP dan data diri lain tetapi tidak ada potongan vochernya , maksudnya apa yaa? penipuan agar kami daftar allo bank semua dan kami sudah memberikan data diri KTP dll iyaa?
mohon pertanggung jawaban nya ditunggu secepatnya terimakasih🙏🏻🙏🏻",1.51.15,0,2026-01-19T07:42:21-07:00,Allo Bank,allo_bank,app_store,1591223632
13649772887,alecsiaverros,5,aplikasi mudah dan praktis,"Allo bank sangat memudahkan saya melakukan transaksi, prosesnya juga sangat cepat, pengalaman saya menggunakan allo bank sejauh ini sangat memuaskan.",1.51.15,1,2026-01-18T16:45:26-07:00,Allo Bank,allo_bank,app_store,1591223632
13649771899,Riyan28nn,5,Allo bank,Cara daftarnya gampng banget tidak pakaibribet kayak apk lainnya,1.51.15,0,2026-01-18T16:45:03-07:00,Allo Bank,allo_bank,app_store,1591223632
13646345166,ayyu reva,2,parahhhhh,bunganya ga ngotakkk wkwkkw misal pinjem 2jt bisa jd 4jt lebih dan masih ada potongan sebesar 120k,1.51.15,0,2026-01-17T20:18:30-07:00,Allo Bank,allo_bank,app_store,1591223632
13638636931,hhhmmmmma,1,aplikasi scam,"scam jangan di instal, voucher bohongan",1.51.15,0,2026-01-15T20:45:58-07:00,Allo Bank,allo_bank,app_store,1591223632
13634714784,hvkylu,2,Gabisa Scan Muka,Gabisa Scan wajah sama sekali selalu gagal aneh,1.51.15,0,2026-01-14T19:14:33-07:00,Allo Bank,allo_bank,app_store,1591223632
13634436096,ririraa24,5,mantab,"daftar allo tuh gampang, upgradenya juga cepet, fiturnya enak dan sat set, bisa tarik dana gampang terus transaksinya juga easy dan lancar",1.51.15,1,2026-01-14T17:22:54-07:00,Allo Bank,allo_bank,app_store,1591223632
13633732721,Koplakkocak,1,Gabisa login,"Login gabisa terus aneh padahal sinyal kencang, pake wifi juga kencang, ANEH!",1.51.15,0,2026-01-14T12:45:22-07:00,Allo Bank,allo_bank,app_store,1591223632
13628653612,Jeychryss,1,PENAGIHAN PENUH ANCAMAN,"Telat baru kali ini, nagih udah kaya narapidana korupsi pake ngancam2 segala ckckck nanti lunas langsung ku tutup akun ini. Thanks",1.51.15,0,2026-01-13T05:24:00-07:00,Allo Bank,allo_bank,app_store,1591223632
13627396216,rio ganteng bangettt,5,allobank gacor,allobank bagus sekali tiap beli di indomaret menggunakan allobank bisa mendapatkan freeitem seperti kopi poin,1.51.15,0,2026-01-12T20:12:41-07:00,Allo Bank,allo_bank,app_store,1591223632
13624254078,abiyu rachman,1,parah,menurut aku si parah banget pake ini,1.51.15,0,2026-01-12T00:52:43-07:00,Allo Bank,allo_bank,app_store,1591223632
13616702173,***hoki,4,point tidak bisa digunakan,poin apa bisa digunakan??sebelum exp,1.51.15,0,2026-01-10T03:38:21-07:00,Allo Bank,allo_bank,app_store,1591223632
13613408021,Yuliinda,1,ga jelasss,"aplikasi terkonyol, uang sendiri diputer sendiri, mana disuruh bayar tagihan padahal ya uang sendiri, tolollll",1.51.15,0,2026-01-09T07:17:21-07:00,Allo Bank,allo_bank,app_store,1591223632
13611724816,Nadhifta Putri,5,Allo bank membantu sekali dalam transaksi online,"Allo bank sangat memudahkan transaksi online setiap harinya, gratis transfer, tarik dana mudah, transaksi cepat, dan Cs nya responsif sekali",1.51.15,7,2026-01-08T20:15:11-07:00,Allo Bank,allo_bank,app_store,1591223632
13610913447,roza cantik,5,aplikasi sangat membantu,"seneng pake Allo Pay Later fleksibel, QRIS Allo bisa di mana saja, banyak pilihan tenor sampai 36 bulan, gratis,dan deposito Allo mudah & bisa buka banyak sekaligus",1.51.15,0,2026-01-08T14:50:42-07:00,Allo Bank,allo_bank,app_store,1591223632
13610549660,PUKIMAY!,1,GAJELAS,KENAPAA WOII KO GABISA LOGIN SII SALDO GUE ILANGG WOIII,1.51.15,0,2026-01-08T12:34:26-07:00,Allo Bank,allo_bank,app_store,1591223632
13595920008,Fahsbejs,1,Apk bermasalah,Upgrade ke allo prime tidak bisa. Sudah pernah upgrade malah disuruh upgrade lagi. Setelah dipakai tidak bisa biat tf.. jangan coba2 pakai bank ini,1.51.15,0,2026-01-04T18:03:43-07:00,Allo Bank,allo_bank,app_store,1591223632
13594902117,BJIIIIRRR,5,allobank,"proses allo sangat cepat , mulai dari upgrade, pendaftaran, pengajuan, hingga penarikan dana, semua lancar tanpa kendala.",1.51.09,1,2026-01-04T11:59:06-07:00,Allo Bank,allo_bank,app_store,1591223632
13592224235,scloava,1,keluhan pelanggan,"admin wa tidak responsif, saya payment saldo sudah terpotong tapi di tempat payment tidak masuk, alias saldo terpotong tapi gak tau terbayar kemana padahal saya payment metode qris, tolong dong gimana solusinya",1.51.09,0,2026-01-03T20:25:00-07:00,Allo Bank,allo_bank,app_store,1591223632
13586046417,Irhwwhm,1,aplikasi aneh disuruh top up malah duit di ambil kntolll,saran jangan download,1.51.09,0,2026-01-02T09:19:10-07:00,Allo Bank,allo_bank,app_store,1591223632
13583720813,martamarun,5,bagus banget,"daftarnya gampang bgttt, tarik dana nya juga cepet, bunga deposito nya tinggi smpe 7.5% padahal saldo nya diem",1.51.09,0,2026-01-01T20:30:10-07:00,Allo Bank,allo_bank,app_store,1591223632
13581453327,ayaaa2323,1,scam,"buat apk pinjaman,tapi kita yg top up,itu yg pinjem siapa dong jadi kita yg top up kita yg pinjem???ide siapa si",1.51.09,0,2026-01-01T07:55:30-07:00,Allo Bank,allo_bank,app_store,1591223632
13575263012,skoelajalwp,1,tolol,"gua disuruh topup utk limit alobank terus dari limit itu kata gua kok ga naik yah, yaudah gua tf lagi ke dana malah dianggap utang asu, apk cacat merugikan orang lain",1.51.09,1,2025-12-30T18:52:21-07:00,Allo Bank,allo_bank,app_store,1591223632
13575226490,salsa nada,1,bad,"aku setor, malah dijadiiun utang anjir aneh",1.51.09,0,2025-12-30T18:38:37-07:00,Allo Bank,allo_bank,app_store,1591223632
13575016401,fhdwgb,5,allo bank,"allo bank mudah digunakan, qris bisa dimana aja, gratis transfer lohh, ayo buruan daftar allo bank sekarang",1.51.09,0,2025-12-30T17:20:51-07:00,Allo Bank,allo_bank,app_store,1591223632
13571844624,Alexnxxxxxx,1,Apk goblok,"Kocak ni apk masa tiap menit, tiap detik, tiap hari gak bisa daftar, alasan kendala koneksi jelas” sinyal bagus.",1.51.09,0,2025-12-29T22:53:45-07:00,Allo Bank,allo_bank,app_store,1591223632
13571047566,Baba al khatiri,2,Susah di buka,"Tolong dong kaya aplikasi lain walaupun sinyalny agak jelek tapi ttep bisa di buka,ini mau bayar tagihan susah banget di buka padahal jaringan bagus msak harus pake Wifi mulu",1.51.09,0,2025-12-29T17:24:56-07:00,Allo Bank,allo_bank,app_store,1591223632
13570815620,Trisha alvira,5,Cs,"Cs allo sangat komunikatif, dan responsif sekali, ramah, dan penanganannya pun cepat",1.51.09,0,2025-12-29T15:58:45-07:00,Allo Bank,allo_bank,app_store,1591223632
13570243331,Damaseoosfje,1,Top up 250rbdi emailnya 33rb,Ini gimana cara komplen nya ya saya top up 250 rb terus yang keluar dari laporan email nya cuman 33 rb udah gitu duit nya juga ga nambah? Baru make sehari loh,1.51.09,0,2025-12-29T12:32:40-07:00,Allo Bank,allo_bank,app_store,1591223632
13565520022,Bang poke,5,Mantap,Allo Bank Jalan terbaik dalam memenuhi kebutuhan,1.51.09,0,2025-12-28T09:05:00-07:00,Allo Bank,allo_bank,app_store,1591223632
13559609846,Amxbeh,1,Admin ga becus,"Asli ga saran pakai aplikasi bank ini , tiba tiba di blokir uang gw ditahan , chat ke wa gaad respon sama sekali ke gmail minta data ktp dll udah di kasih disuruh tungu 10 hari bekerja , udah 10 hari tetap hasilnya 0 , chat ke gmail balasanya robot , serem banget aplikasi bank ini , udah bangkrut kayaknya sampai tahan uang rakyat",1.51.09,0,2025-12-26T20:59:32-07:00,Allo Bank,allo_bank,app_store,1591223632
13555553458,Dwi Ayu P,3,SALDO NYANGKUT,Sebelumnya di allo pay masih bisa buat transfer tapi sekarang gabisa dan setiap mau upgrade selalu mandek di foto ktp mulu gabisa lanjut ke tahap verifikasi wajah dan isi formulir.,1.51.09,0,2025-12-25T19:32:48-07:00,Allo Bank,allo_bank,app_store,1591223632
13550777430,BEDUL261,1,Sampah,"BANK APAAN NGASIH LIMIT SEREBU PERAK, MIKIR KIDS",1.51.09,0,2025-12-24T11:12:15-07:00,Allo Bank,allo_bank,app_store,1591223632
13549040956,macfauzan,3,kenapa iphone ipad sy terdeteksi jailbreak,sy install per tanggal 24 desember kenapa muncul peringatan tersebut padahal perangkat sy tidak pernah saya jailbreak,1.51.09,0,2025-12-24T01:03:25-07:00,Allo Bank,allo_bank,app_store,1591223632
13547840658,armayeni,3,Dana instan tdak bisa dibuka,Saya ingin membayar dana instan tetapi di beranda allo tdk bisa dibuka,1.51.09,0,2025-12-23T15:54:54-07:00,Allo Bank,allo_bank,app_store,1591223632
13522278462,Yola0000,1,Apalah,"Di sms bilang dapt limit 100jt. Sudah download disuru topup 500, sudah topup 500, ternyta limitnya cuma 500 (ya sama aja duit sendiri) .

Duitnya diambil lg 500.000, dipotong 15.000, jadi cuma terima 485.000

Kocag",1.51.09,0,2025-12-16T18:38:31-07:00,Allo Bank,allo_bank,app_store,1591223632
13520727515,D1871ALY,1,Scam!!!,Pakai ktp untuk cari nasabah,1.51.09,0,2025-12-16T08:41:55-07:00,Allo Bank,allo_bank,app_store,1591223632
13514629775,algivary,1,aplikasi jelek,pinjaman gabisa paylater gabisa gajelas,1.51.09,0,2025-12-14T16:24:21-07:00,Allo Bank,allo_bank,app_store,1591223632
13508477339,elainethedy,2,bad server,"tolong diperbaiki, tiap x mau byar parkir selalu eror, terscan tpi g terbaca, wkt mau scan di tmpt karcis dblg gak terbaca, TOLONG DIPERBAIKI JAMGAM SERING BERMASALAH",1.51.09,0,2025-12-13T04:33:24-07:00,Allo Bank,allo_bank,app_store,1591223632
13508381852,Nurul Arsyurrahman,2,RIBET,"Mau keluar parkiran TSB, ribet bgt harus download alo bank, mana setelah di scan loading bgt pintunya ga kebuka2",1.51.09,0,2025-12-13T04:01:42-07:00,Allo Bank,allo_bank,app_store,1591223632
13504181316,Cibbggsww,1,Bug,bug login di halaman login ambil hadiah stuck di tempat jadi gabisa masuk sama sekali payah,1.51.09,0,2025-12-12T02:08:19-07:00,Allo Bank,allo_bank,app_store,1591223632
13497525114,HATERS ALLOBANK,2,MAKSA,KALO GA BISA MARKETING GA USAH MAKSA PAKE ALLOBANK WAKTU KELUAR DARI MALL LU ANJ,1.51.09,0,2025-12-10T06:17:15-07:00,Allo Bank,allo_bank,app_store,1591223632
13496359220,Be O We O,1,PENIPUAN DAN MALING,"Saya pake allo paylater tapi malah di suruh top up, terus saya top up dan saya pakai paylater tersebut, saya ajuin paylater ga dapet limit sama sekali dari bank, tapi saya gunakan paylater tersebut dari hasil duit saya sendiri yang saya top up di paylater itu, ketika saya lunasi malah saldo paylater yang saya topup di paylater hilang, ini maksud nya gimana yaa, KLO GA MAMPU NGASIH LIMIT UNTUK DI PINJAMKAN GAUSAH JUGA NGAMBIL DUIT NASABAH",1.51.09,0,2025-12-09T22:38:39-07:00,Allo Bank,allo_bank,app_store,1591223632
13493672435,Int453,1,Banyak iklan,"Ini aplikasi perbankan macam apa sih, setiap klik menu muncul nya iklan dulu, ga bisa ditutup lagi. Fokus deh mau buat jasa atau mau buat dagang.",1.51.09,0,2025-12-09T05:53:17-07:00,Allo Bank,allo_bank,app_store,1591223632
13489224025,Wanto8887,1,Bukan bank nya yg ksih limit,"Gmn konsepnya deh , paylater kok kita nasabah yg top up buat paylaternya , bukan bank nya yg kasih limit aneh",1.51.09,0,2025-12-08T01:36:31-07:00,Allo Bank,allo_bank,app_store,1591223632
13481311760,Pemn8,5,Aplikasi tidak bisa di update ulang,Kok gx bisa di update aplikasi nya,1.51.09,1,2025-12-06T02:58:56-07:00,Allo Bank,allo_bank,app_store,1591223632
13478239827,DestiaDD,1,"JANGAN PAKAI BANK INI , PROMO SELALU JADI JEBAKAN UNTUK NASABAH","JANGAN PAKAI BANK INI SETIAP PROMO AKAN SELALU BERUBAH UBAH SNK NYA , SAYA SUDAH MENGIKUTI PROSEDUR PROMO SESUAI SNK TAPI TERNYATA PAS WAKTU NYA DI KONTRIBUSI KAN CASHBACK DI BILANG HARUS MELAKUKAN TRANSAKSI DIMANA SNK TERSEBUT TIDAK ADA DAN SAYA PUN WAKTU ITU SEMPAT MENANYAKAN TRANSAKSI ATAU TIDAK DI INSTAGRAM JAWABAN CUSTOMER SERVICE NYA TIDAK PERLU TRANSAKSI . SAYA MEGANG SEMUA SCREENSHOT INSTAGRAM ALLOBANK DAN SNK PROMO NYA . JANGAN PAKAI BANK INI , PENIPU",1.51.09,0,2025-12-05T07:49:15-07:00,Allo Bank,allo_bank,app_store,1591223632
13476385067,toto8277,1,Riba,"ngeRiBanget deh… kita Top Up pake duit kita sendiri eh dibungain.. duit kita lho??!!! Kalau mau di rilis nunggu lagi tagihan cetak tanggal 25, astaga… kejamnya.. uninstalll Bye…",1.50.29,0,2025-12-04T20:02:33-07:00,Allo Bank,allo_bank,app_store,1591223632
13469241165,heynefff,1,Promo Information. BETTER PILIH BLU OR JENIUS,"So annoying, they calling everyday. DAN KETIKA MINTA UNTUK TUTUP AKUN OR HAPUS DATA DARI MARKETING TERNYATA TIDAK BISA. IDIOT especially pegawai marketing bernama MARISSA",1.50.29,0,2025-12-02T22:58:47-07:00,Allo Bank,allo_bank,app_store,1591223632
13468844126,DoniNP,1,Spam terkestrim,Dipaksa download dan ngecek limit padahal gak tertarik sama sekali. SANGAT SPAMMY. RIP consumer privacy. 👎,1.50.29,0,2025-12-02T19:51:14-07:00,Allo Bank,allo_bank,app_store,1591223632
13466100261,greeeeeggg,4,Saran,Saran untuk top up ewallet tolong kasih inisialnya karna takut salah transfer,1.50.29,0,2025-12-02T03:43:05-07:00,Allo Bank,allo_bank,app_store,1591223632
13465778911,riduan nst,1,Aplikasi scam,"Aplikasi  brengsek bikin event gak jelas kebanyakan cari untung merugikan nasabah,,",1.50.29,0,2025-12-02T01:33:29-07:00,Allo Bank,allo_bank,app_store,1591223632
13465167811,Kevinaaass,1,INI APLIKASI PENIPUAN,"Ini aplikasi scam, jangan pernah Ikut event apapun klo gkmau diboongin sama Allo bank gak recomend aplikasi ini",1.50.29,0,2025-12-01T20:48:07-07:00,Allo Bank,allo_bank,app_store,1591223632
13442165342,liyulnn,1,maksa jd nasabah buat bayar parkir doang,ngerti bgt marketingnya dikejar target gila2an. tp caranya engga nyusahin orglain juga ya. maksa pengunjung tsm buat jd nasabah allo cuma buat bayar parkir doang (?) kalo ga donlod ya gaakan bisa keluar. bisa2nya nyari nasabah dgn cara kaya gitu. hrsnya kita pikih bank digital karna kemauan sendiri. suka2 kita mau pake dari produk manapun. kalo dipaksa gini malah jd ogaah pake nya,1.50.29,0,2025-11-25T23:27:32-07:00,Allo Bank,allo_bank,app_store,1591223632
13438908418,Sepana,1,monyet aplikasi anjing tolol,anak babi anjing yang bikin aplikasi bejat ini monyet monyet duit gua di guna guna,1.50.29,0,2025-11-25T03:19:48-07:00,Allo Bank,allo_bank,app_store,1591223632
13432499742,yaaannnnnnnnnnn,5,Transaksi lebih mudah,Terbaik,1.50.29,1,2025-11-23T09:35:00-07:00,Allo Bank,allo_bank,app_store,1591223632
13424026274,sendiri terus,2,limit serebu,"iseng ngajuin paylater, dikasih limit serebuuu anjirrr emg gue sehina itu kh",1.50.29,0,2025-11-21T06:03:44-07:00,Allo Bank,allo_bank,app_store,1591223632
13422550658,claclaire123,5,allo bank,allo bank ngebantu banget gua dalam kehidupan sehari- hari. mau bayar apa apa jadi mudah. allo bank rekomen banget deh,1.50.29,1,2025-11-20T19:57:41-07:00,Allo Bank,allo_bank,app_store,1591223632
13420385066,Sena991,1,Renternir,Bunga mencekik,1.50.29,0,2025-11-20T06:28:47-07:00,Allo Bank,allo_bank,app_store,1591223632
13418900234,Nu****A *a*i,4,Jgn salah gunakan data,"Min,jgn sampai data sy disalahgunakan ya.tolong halus data sy,karna sy tdk pakai bank digita ini.trima kasih",1.50.29,0,2025-11-19T20:17:46-07:00,Allo Bank,allo_bank,app_store,1591223632
13418734646,DefaltTheRat,1,Sangat mengganggu,"Ribetttt, marketingnya nafsu bet klo lagi kejar closing. Spam telp mulu",1.50.29,0,2025-11-19T19:03:42-07:00,Allo Bank,allo_bank,app_store,1591223632
13418491646,penghapuskrayon,1,Bad App,"Saya sudah pernah daftar allo bank di nomor lain. Lalu saya daftar lagi dg nomor yg berbeda. Sungguh menyebalkan allo bank ini. Saya mau transfer harus upgrade ke premium dulu dan harus pakai verifikasi KTP. Dan KTP sudah terpakai di nomor sebelumnya, akhirnya saldo saya di nomor allo bank baru saya tidak bisa di pakai apa² krn semua serba up premium. Tolong lah jangan maksa orang untuk dapat nerima pinjaman, saya jadi nggak bisa transfer uang sama sekali karna semuanya harus di up ke premium yg dimana butuh KTP dulu. Ini namanya pemaksaan",1.50.29,0,2025-11-19T17:22:42-07:00,Allo Bank,allo_bank,app_store,1591223632
13418453401,oktaviaelfira,1,Penyalahgunaan data,Hati2 mereka bisa nyadap data kita loh wlwpun kita ga kasih. Pinjaman online scam,1.50.29,0,2025-11-19T17:06:46-07:00,Allo Bank,allo_bank,app_store,1591223632
13411280106,paluthor,5,allobank,app nya bagus dan sudah OJK jadi aman kalo mau transaksi. paling utama gada biaya transfer yang sangat mempermudah aku,1.50.29,0,2025-11-17T19:01:33-07:00,Allo Bank,allo_bank,app_store,1591223632
13409309085,yant000,1,hhg,ni apk bank digital paling ancur sii login pake wifi ga bisa pake data ga bisa najis cuih,1.50.29,0,2025-11-17T07:10:28-07:00,Allo Bank,allo_bank,app_store,1591223632
13404404913,Abaykerenbgt,1,Bego,Donlot buat bayar parkir doang,1.50.08,0,2025-11-16T02:09:31-07:00,Allo Bank,allo_bank,app_store,1591223632
13403498061,Nabella13,5,Kerennn,"Sejak memakai Allo Bank, saya merasakan kemudahan mengatur saldo dan pembayaran berbagai kebutuhan secara praktis.",1.50.08,0,2025-11-15T19:58:56-07:00,Allo Bank,allo_bank,app_store,1591223632
13403079570,RosihanRosmita,5,Bank Digital Modern,"Bank Digital modern sungguh mengubah sangat membantu ! Memudahkan bertransaksi dalam hal pembayaran tagihan, dan cek saldo menjadi sangat cepat dan mudah, bahkan saat Anda sedang bepergian. Fitur keamanan juga terjamin.",1.50.08,0,2025-11-15T17:21:58-07:00,Allo Bank,allo_bank,app_store,1591223632
13400674441,Risma Endah,5,Gratis Transfer,"Sebelumnya saya kira fitur gratis transfer cuma untuk waktu tertentu saja, tapi ternyata Allo Bank kasih tanpa batas waktu! Jadi lebih praktis banget, terutama buat yang sering belanja online, ngirimin uang ke teman, atau bayar tagihan rutin. Gak nyangka hal sederhana tapi gratis kayak gini bisa bikin hidup jadi jauh lebih nyaman",1.50.08,0,2025-11-15T04:48:58-07:00,Allo Bank,allo_bank,app_store,1591223632
13400257898,xtampan,5,Bank virtual terbaik,"Terbaik, proses mudah,tidak ribet, fasitilas besar utk limit nya, cepat dan simple. Terimakasih membantu",1.50.08,0,2025-11-15T02:33:40-07:00,Allo Bank,allo_bank,app_store,1591223632
13381161658,madammmay,5,Usefull,Paling suka Allo Grow karena bisa atur sendiri kapan mau ambil uangnya. Jadi kayak nabung tapi gak ke-lock lama banget 🫶,1.50.08,0,2025-11-10T08:13:40-07:00,Allo Bank,allo_bank,app_store,1591223632
13379145804,Tessa Anggrainj,2,Tidak bisa masuk ke beranda,"Ini gimna ya kok ngga bisa masuk? Padahal udah login pakai face id tapi masih saja ditampilan awal password, saya butuh mau pakai dana nyaa tolong banget ini secepatnya",1.50.08,0,2025-11-09T20:16:10-07:00,Allo Bank,allo_bank,app_store,1591223632
13367691329,diditblast,5,allopaylater,"bulan lalu aktifin allopaylater di metro plaza senayan, dapet kupon diskon 500rb untuk pembelian hydro flask di metro, dari harga 579ribu jadi 79 ribu ajaa, dan dari 79 ribu itu dapet cashback tambahan untuk belanja di merchant ct corp, love sekebon",1.50.08,0,2025-11-07T05:06:20-07:00,Allo Bank,allo_bank,app_store,1591223632
13358992506,Aprilia Suci S,1,jelek banget penanganan cs allo,"Jelek sumpah, kita minta solusi malah ga di kasih apa2 ga guna",1.50.08,0,2025-11-05T02:42:31-07:00,Allo Bank,allo_bank,app_store,1591223632
13353679869,Restu1567,1,Jangan Pakai allo bank,"Masak paylater limit Pakai uang Saya Sendiri trus telat bayar Ada denda nya, yg bener aja itu kan uang Saya kata nya di potong langsung kalau gak bayar, Aneh aplikasi ini",1.50.08,0,2025-11-03T18:51:03-07:00,Allo Bank,allo_bank,app_store,1591223632
13346466230,ZKY UMR,2,Informasi Promo/Iklan nya sangat menggangu,Informasi Promo/Iklan nya sangat menggangu,1.50.08,0,2025-11-02T04:16:13-07:00,Allo Bank,allo_bank,app_store,1591223632
13339636378,Ozaaannn21,1,Jelek,Kaya orang dongo tiap mau bayar tagihan angsuran kredit nomer kontrak tidak ditemukan/salah padahal udah bener.hampir tiap bulan mau bayar gini mulu.really?,1.50.08,0,2025-10-31T15:04:08-07:00,Allo Bank,allo_bank,app_store,1591223632
13336130886,ainay27,1,Kecewa,"bayar parkir aja dipaksa untuk pake app allo bank setelah itu registrasi dan isi saldo, kepake cuma 3rb sisanya masi lumayan saldonya gak bisa tf kembali ke bank manapun, disuruh scan ktp dan DITOLAK karena alasan tidak memenuhi syarat. scan QR untuk bayar TIDAK MUNCUL!! apalikasi macam apa ini!! ngeselin.",1.50.08,0,2025-10-30T19:43:05-07:00,Allo Bank,allo_bank,app_store,1591223632
13328634540,dund_,1,Nyangkut saldo gua bang mana urgent bgt buat isi bensin,"Gajelas bgt gabisa tarik tunai/transfer. Harus upgrade ke alloprime dlu tapi pas mau upgrade buat scan e-ktp error mulu, bahkan scan qr pun gabisa astaga",1.50.08,0,2025-10-29T02:41:30-07:00,Allo Bank,allo_bank,app_store,1591223632
13327449742,puputlukman,5,allo bank,"gratis transfer, qris allo prime/paylater",1.50.08,0,2025-10-28T18:30:55-07:00,Allo Bank,allo_bank,app_store,1591223632
13319101361,Jnlanl,5,Sangat bermanfaat,Aplikasi ini sangat luar biasa bagus dan keren,1.50.08,0,2025-10-26T19:00:04-07:00,Allo Bank,allo_bank,app_store,1591223632
13315280880,Azmi Adzani,5,good app,digital banking paling recomended,1.50.08,0,2025-10-25T23:02:30-07:00,Allo Bank,allo_bank,app_store,1591223632
13315278193,gerar26,5,Geri,Aplikasi sangat membantu,1.50.08,0,2025-10-25T23:01:25-07:00,Allo Bank,allo_bank,app_store,1591223632
13315277979,morganusa,5,Bagus,"Aplikasi mantap, rekomen untuk bank digital",1.50.08,0,2025-10-25T23:01:19-07:00,Allo Bank,allo_bank,app_store,1591223632
13314454428,hudaaa12,5,gratis transfer,keren,1.50.08,0,2025-10-25T17:41:46-07:00,Allo Bank,allo_bank,app_store,1591223632
13312465639,komang lia,1,Pencairan ga masuk,"duit gw di sini ga masuk gede cuma di suruh nunggu tapi ga masuk""",1.50.08,0,2025-10-25T07:26:44-07:00,Allo Bank,allo_bank,app_store,1591223632
13300122614,luthfi rahmani,1,"gausah spam sms, BERISIK !","nawarin ini itu pas sudah daftar semua data pribadi di tolak, setan !",1.50.08,0,2025-10-22T09:11:33-07:00,Allo Bank,allo_bank,app_store,1591223632
13297602716,febyolla.,5,Hemat Biaya Transfer Setiap Hari,"Baru coba Allo PayLater, ternyata bisa langsung dipakai buat bayar via QRIS. Praktis banget buat tanggal tua",1.50.08,0,2025-10-21T18:41:38-07:00,Allo Bank,allo_bank,app_store,1591223632
13297005728,Syahputramuhamad93,4,Allo bank,Mudah transfer dan gratis transfer masyaallah banget allo bank,1.50.08,0,2025-10-21T14:51:16-07:00,Allo Bank,allo_bank,app_store,1591223632
13289260227,Ani saputra t,1,Gagal release saldo yg terkonversi ke limit paylater,"Sudah telp CS, sudah komplain lewat email juga. Cuma di suruh nunggu aja. Tapi gak ada solusi dari pengembalian saldo saya yg terkonversi ke limit paylater.",1.50.08,0,2025-10-19T19:46:23-07:00,Allo Bank,allo_bank,app_store,1591223632
13284709282,Tomy bae,1,masuk aja susah,Masuk aja susah aplikasiny padahal ada saldo,1.50.08,0,2025-10-18T18:33:10-07:00,Allo Bank,allo_bank,app_store,1591223632
13279807341,jlx18,5,Allobank,Allobank aman di awasi OJK,1.50.08,0,2025-10-17T15:18:53-07:00,Allo Bank,allo_bank,app_store,1591223632
13277052935,Bolsense,4,Aplikasi,Lambat respon/lag tolong perbaiki,1.50.08,0,2025-10-17T01:13:01-07:00,Allo Bank,allo_bank,app_store,1591223632
13268099020,Jangan odownload,1,Sangat buruk,Sangat buruk mengecewakan,1.50.08,0,2025-10-14T21:33:36-07:00,Allo Bank,allo_bank,app_store,1591223632
13262261530,opiyiy,5,skor kredit,"awalnya gak ngerti knapa orang” pedulis sama skor kredit, tapi pas liat limit allo paylater ku naik, skor kredit jdi naik juga",1.50.08,0,2025-10-13T11:08:52-07:00,Allo Bank,allo_bank,app_store,1591223632
13262093778,Isahponisah,5,Allo bank bagus banget ada fitur pyleternya,Mudah di gunakan,1.50.08,0,2025-10-13T10:20:47-07:00,Allo Bank,allo_bank,app_store,1591223632
13261446151,Titiktiga,1,Qr ga mau muncul,Aplikasi taek,1.50.08,0,2025-10-13T07:30:44-07:00,Allo Bank,allo_bank,app_store,1591223632
13257806297,HERICAHYAKURNIA,5,Allo bank,"Wah keren dapet limit 1000, paylater yang lain ga ada yang bisa ngalahin, mantap allo bank",1.50.08,0,2025-10-12T10:03:49-07:00,Allo Bank,allo_bank,app_store,1591223632
13253753617,diinahw,5,PENILAIAN SAYA PRIBADI SANGAT BAGUS,"Allo Bank bagus dan di awasi OJK, dia bisa untuk paylater, tabungan, kartu debit bahkan untuk belanja pun bisa, mudah di gunakan di manapun dan sangat mudah untuk mendaftarkan diri kalian di apk ini juga mudah untuk pengajuan nya, MANTAP ALLO BANK❤️🤞🏻",1.50.08,0,2025-10-11T11:34:21-07:00,Allo Bank,allo_bank,app_store,1591223632
13246273413,bulandia,5,allobank review,"allobank ada paylatter, trf gratis kesemua bank dan di awasi ojk",1.50.08,0,2025-10-09T17:53:12-07:00,Allo Bank,allo_bank,app_store,1591223632
13245443596,Gojek Nggak sangatlah pokoknya,1,Aplikasi Sial,"Nggak ada nunggang pembayaran lancar giliran mau ditarik dibekukan, blom jatuh tempo uda sibuk nelponin, giliran uda dibayar dibilang blom bayar. Tolol",1.50.08,0,2025-10-09T12:41:53-07:00,Allo Bank,allo_bank,app_store,1591223632
13242566379,Mauliq,1,Kecewa,Berkali kali gagal daftar ktp. Udah ada uang di allo bank mau diambil jadi gabisa,1.50.08,0,2025-10-08T21:09:51-07:00,Allo Bank,allo_bank,app_store,1591223632
13234855058,Zdglk,1,Gajelas,"Allopaylater ga ada tunggakan, bayar jg ga prnh nunggak, tiba2 di blokir! Nanya CS by email
Jawaban nya banyakan default body email nya dibanding konten nya sendiri! Ga heran byk group perusahaan nya yg pailit! Kalo pelayanan dan ketidakjelasan nya selalu begini, mgkn akan nyusul grup perusahaan lain nya!",1.50.08,0,2025-10-07T02:18:58-07:00,Allo Bank,allo_bank,app_store,1591223632
13230770702,Jezzty,1,"Tiba"" keluar Dari aplikasi susah login pake semua langkah tetap gk bisa masuk tolong solusinya.",Tolong cara login ulang sudah di coba semua cara tetap gk bisa buka aplikasi 😪,1.50.08,0,2025-10-06T03:37:07-07:00,Allo Bank,allo_bank,app_store,1591223632
13230762356,Aaacim,1,Aplikasi jelek,"Gampang error,down, internet gak masalah, sinyal aman, tapi katanya abnormal. Apalagi di waktu urgent harus transaksi. Tutup aja mending, jelek.",1.50.08,0,2025-10-06T03:34:15-07:00,Allo Bank,allo_bank,app_store,1591223632
13222260138,Menolak LGBT,1,Aplikasi gila,"Gak jelas banget ini apk,masa mau ngasih pinjaman tapi harus dari saldo nasabah kalo miskin gak usah bikin aplikasi/bank,,jangan mau pake apk ini yg bikin gila gak warass",1.50.08,1,2025-10-04T05:20:16-07:00,Allo Bank,allo_bank,app_store,1591223632
13218985670,RIJAL77,5,Allo paylater aman dilindungi ojk,allo bank aman di awasi ojk,1.50.08,0,2025-10-03T10:08:43-07:00,Allo Bank,allo_bank,app_store,1591223632
13212033028,Tri Artika S,1,Kendala,Selalu gangguan ketika mau login,1.49.38,0,2025-10-01T21:06:37-07:00,Allo Bank,allo_bank,app_store,1591223632
13211382874,ciawulan,1,bagus,bagus,1.49.38,0,2025-10-01T17:09:12-07:00,Allo Bank,allo_bank,app_store,1591223632
13209329957,Teddydj88,1,Aplikasi tolol,"Hati hati kalian dana nyangkut gara gara buat akun allo pay, saya top up 50.000 allo pay sama sekali tidak bisa di gunakan, alasan harus upgrade allo prime, mau upgrade allo prime mereka alasan sudah ada allo pay, cs yang   Membantu juga sdm rendah sekali di telfon jawabanya di eja sama yang lain",1.49.38,0,2025-10-01T06:55:03-07:00,Allo Bank,allo_bank,app_store,1591223632
13208999390,Dangdingdot,1,Pengalaman,Kurang suka🫢,1.49.38,0,2025-10-01T05:32:44-07:00,Allo Bank,allo_bank,app_store,1591223632
13206898783,Nilamm03,5,Review,"Wahhh sangat bagus menggunakan allo bank, bisa dapetin limit 1000",1.49.38,0,2025-09-30T17:30:40-07:00,Allo Bank,allo_bank,app_store,1591223632
13203603784,sitek cantik,2,TOLONG YA ALLO BANK,"sayan tf dari akun gopay sttus berhasil tpi uang belim masuk juga akun allo bank , mohon dbantu saya sngt butuh uang itu sudah 2x24 jm",1.49.38,0,2025-09-30T00:47:04-07:00,Allo Bank,allo_bank,app_store,1591223632
13193732965,intan komala dewi,5,aman dan terpercaya,Allo paylater aman dilindungi ojk,1.49.38,0,2025-09-27T16:36:35-07:00,Allo Bank,allo_bank,app_store,1591223632
13178681609,Allobank KOCAK,1,GABISA LOGIN,Woi gmana cerita aplikasi ini ga bsa login uda coba di device lain juga ga bsa login . Mending deleted aja ttup akun kocak bett,1.49.38,0,2025-09-24T06:50:32-07:00,Allo Bank,allo_bank,app_store,1591223632
13172107183,Nin nun,5,Sangat puas,Limit 1000 sangat worth it dan aman semua datanya,1.49.38,0,2025-09-22T16:45:29-07:00,Allo Bank,allo_bank,app_store,1591223632
13171700121,Dwiirawan,1,ASTAGA JELEK APLIKASI INI,INI GIMANA KOK UDAH HAMPIR 1 MINGGU APLIKASI SUSAH DI BUKA. KETERANGAN JARINGAN PADAHAL SINYAL 5G INI ADUH…. INFO DONG GIMANA INI BANYAK DUIT SAYA DI SITU,1.49.38,0,2025-09-22T14:11:22-07:00,Allo Bank,allo_bank,app_store,1591223632
13163609454,Fadillah Alivia,5,Keren banget!,"Allo Bank memang solusi terbaik, pencairan dana instan-nya cepat, mudah, dan praktis. Bikin semua kebutuhan jadi lebih ringan!",1.49.05,0,2025-09-20T17:40:15-07:00,Allo Bank,allo_bank,app_store,1591223632
13159126552,Dyokt,5,allo bank,allo bank sangat mudah dan cocok karna ada paylater,1.49.05,0,2025-09-19T17:43:49-07:00,Allo Bank,allo_bank,app_store,1591223632
13158043712,AFDILAH ALIBASYAH,1,.,jadinya gimana mau naekin limit eh malah konsepnya pinjem dari uanh sendiri hadehh...,1.49.05,0,2025-09-19T11:25:29-07:00,Allo Bank,allo_bank,app_store,1591223632
13143859421,Ayu fe,1,Kecewa,Kecewa mau bayar loding lama dmapeh 5 kali ngk bisa di bukak ngk jelas mana antri panjang gara” aplikasih ini,1.49.05,0,2025-09-16T03:39:50-07:00,Allo Bank,allo_bank,app_store,1591223632
13135544327,Jknlkm,1,Paylater,"Duit duit gue yg gue pake di paylater , tp malah pas dipakek qris ditagihkan , gajelas",1.49.05,0,2025-09-14T00:42:32-07:00,Allo Bank,allo_bank,app_store,1591223632
13128485958,Sensor aktif,1,Uninstalling,Aplikasi kocak. Limit paylater harus top up dulu pakai duit sendiri baru dikasi. Terus ada tanggal jatuh temponya sama dendanya padahal itu uang kita sendiri. Ngaco banget,1.49.05,0,2025-09-12T06:34:09-07:00,Allo Bank,allo_bank,app_store,1591223632
13113854626,nyirorokidul,1,denda nya gede banget,"pinjam 2jt, tapi denda nya 200rb per hari, telat 10 hari berasa balikin 2x lipat, JANGAN PERNAH INSTAL APLIKASI INI !!!",1.49.05,0,2025-09-08T08:34:27-07:00,Allo Bank,allo_bank,app_store,1591223632
13108690587,susah beud,2,Daftar & login susah beud,"Susah beud dah mau daftar sama login, cape keburu kesel anjir. Gimana sih, gimana mau nyari nasabah kalo daftar sama login aja sussah :)",1.49.05,0,2025-09-07T00:46:18-07:00,Allo Bank,allo_bank,app_store,1591223632
13095731223,Ayun987,1,Otp gk masuk sama sekali,"Kode otp kok gk terkirim?
Padahal lewat WA
Lupa passwordnya malah gk bisa masuk2 gara2 otp kirim ke WA kagak masuk2 
Kocak",1.49.05,0,2025-09-03T16:31:39-07:00,Allo Bank,allo_bank,app_store,1591223632
13082082909,doknang,1,Ditipu Mbak-mbak Allobank TSM Makassar,"Disuruh daftar aplikasi nya sama mbak-mbak allobank nya katanya gratis earphone, setelah daftar dia langsung lari dan tidak kasi earphone nya. Kejadian di Allobank TSM Makassar. Ternyata Penipuan pura2 gratis eraphone padahal tidak. Hadeeehhhh",1.49.05,0,2025-08-31T05:03:19-07:00,Allo Bank,allo_bank,app_store,1591223632
13077195471,Rairox3421,1,Penipuan,Jgan tergiur pinjaman samph,1.49.05,0,2025-08-29T22:48:05-07:00,Allo Bank,allo_bank,app_store,1591223632
13075154712,Korban alobank,1,Penipuan,Assew UANG GW ILANG. Transfer ke bni tulisanya berhasil . Tapi uang gak masuk di hubungi ribet ini itu. KALAU GAK BISA JDI PERBANGKAN DGN SISTEM MODERN JAMAN SEKARANG SEPERTI TRFER KE BEDA BANK MENDING JANGAN MASUK INDONESIA ATAO MENTOK JUALAN RITEL KALIAN DI TRANSMART AJA .. daripada masyarakat yg rugi,1.49.05,0,2025-08-29T09:40:15-07:00,Allo Bank,allo_bank,app_store,1591223632
13069612971,Fitri karlina yate,1,Bunga nya gak ngotak,"Padahal aplikasi baru, kalo aplikasi baru kalo bisa bunga nya yg sangattt rendah lah ini 6,5% gilak aja, kalo kek gini sistem ny gak bakal bertahan ni aplikasi, apalgi di jaman sekarang ini paylater sangatt membantu dan mereka nyari nyri yg plaing kecil bunga nya lah ini aplikasi gedee bangett, minjam 1,1juta selama 3 bulan bunga nya 350ribuann gilak gilak😂😂🤣🤣🤣🤣🤣🤣 di perbaiki lagi min atau di evaluasi lagi",1.49.05,0,2025-08-28T01:13:54-07:00,Allo Bank,allo_bank,app_store,1591223632
13035117863,anggreiii,1,Dijebak dan ribet,"Dijebak marketingnya ternyata malah diaktifin paylater trus pas mau urus penutupan akun disuruh isi formulir fisik dsbnya, sengaja banget biar orang gak jadi tutup akun. Bikin akun bisa tuh gampang banget, giliran nutup dipersulit",1.49.05,0,2025-08-19T05:23:36-07:00,Allo Bank,allo_bank,app_store,1591223632
13027529465,fahmi niasari,4,tolong dong jangan ngupdate ters,bosen ngupdate terus tiap bulan,1.49.05,0,2025-08-17T07:41:21-07:00,Allo Bank,allo_bank,app_store,1591223632
13026287609,JackSully92,1,TRANSFER UANG TIDAK MASUK,"Transfer uang ke rekening lain , dana tidak masuk ke rekening itu , di rekening allo nya juga hilang saldonya , serem",1.49.05,0,2025-08-17T00:38:13-07:00,Allo Bank,allo_bank,app_store,1591223632
13014666466,eyoy.y,2,fitur share hilang,fitur share transaksi di history abis update jadi ilang kocak bet. jd nya kudu screeshot dlu baru share ga bisa share dr history. padahal ga semua org langsung share bukti transaksi setelah payment. ini malah di ilangin di hostorynya,1.49.05,0,2025-08-14T05:09:47-07:00,Allo Bank,allo_bank,app_store,1591223632
13010581722,Denis oktavia,1,Ga sopan,"Di tlpn CS ga sopan, tlpn nagih ga cek dlu udah byar apa belum bwak2 keluarga, otw lunasin ga banget",1.49.05,0,2025-08-13T05:32:59-07:00,Allo Bank,allo_bank,app_store,1591223632
13009328394,Anwar3598,1,Telpon,"Orang ga mau ngutang disuruh ngutang , mana ganggu nelponin mulu , mending gausah download deh kalian",1.49.05,0,2025-08-12T21:33:26-07:00,Allo Bank,allo_bank,app_store,1591223632
12993144143,Putrisqynh,5,"Aplikasinya baguss, mantapp pokonya","Aplikasinya baguss, mantap",1.48.33,0,2025-08-08T18:05:20-07:00,Allo Bank,allo_bank,app_store,1591223632
12991281340,Qadhafimuh11,1,Aplikasi SAMPAH!,Cust Service tidak bisa menjabarkan hasil PELUNASAN. Nasabah melunasi hutang dan pekunasan dipercepat bukan dikasih apresiasi malah dikasih kesusahan!,1.48.33,0,2025-08-08T07:19:38-07:00,Allo Bank,allo_bank,app_store,1591223632
12986592245,Resianti.a,1,buruk bngt,"uang yang org transfer ke akun aku gak masuk"" ajir udh lebih 1 bulan loh total 8 jt!!! balikn deh kapok pke allobank",1.48.33,0,2025-08-07T04:01:15-07:00,Allo Bank,allo_bank,app_store,1591223632
12973047497,Nicko Rachman,1,Aplikasi SUPER RIBA,"masa telat 1 hari denda nya 600rb? udah bunganya 9% begitu telat 1 hari 600rb bunganya.

ini aplikasi super RIBA",1.48.33,0,2025-08-03T18:32:07-07:00,Allo Bank,allo_bank,app_store,1591223632
12969901386,suahion,1,Ribet,"Saya mau login susah banget, verifikasi wajah gagal terus",1.48.33,0,2025-08-02T23:59:48-07:00,Allo Bank,allo_bank,app_store,1591223632
12963174531,diyaaaajahh,1,perbaikan sistem?,Kenapa sistem sibuk terus sih ka? udah dua minggu dicek tetap aja sistem sibuk,1.48.33,0,2025-08-01T07:11:33-07:00,Allo Bank,allo_bank,app_store,1591223632
12961815110,Umakus.id,2,Paylater,"Untuk pemakaian PayLaternya terlalu gk ngotak buat bunga, masa tenor 6 bulan bunganya 64%, padahal yg lain aja pakingan 20% - 30%

Gk lagi deh buat gunain ini bank",1.48.33,0,2025-07-31T23:30:00-07:00,Allo Bank,allo_bank,app_store,1591223632
12957582850,Rahmamanise,5,Mantap,"Fiturnya ga ribet suka, tf ke semua bank no admin",1.48.33,0,2025-07-30T22:57:44-07:00,Allo Bank,allo_bank,app_store,1591223632
12954978838,Jejessie04,1,GAK BISA LOG IN,"Parah ini bank udah seminggu gak bisa di log in,keterangan lost connection. Semua admin sosmed pun gak bisa bantu log in. Be Careful uang kalian guys. Yang masih ada taro mending cepetan di ambil",1.48.33,0,2025-07-30T07:43:00-07:00,Allo Bank,allo_bank,app_store,1591223632
12952558693,Rian Setyawan33,5,Memudahkan pengguna,Allo Bank aman di awasi ojk,1.48.33,0,2025-07-29T17:23:07-07:00,Allo Bank,allo_bank,app_store,1591223632
12945373034,shlhtnnissa,1,"APLIKASI JELEK,D WAKTU TERTENTU GABISA D BUKA TRS UDH PAKE FACE ID PASS JUGA","APLIKASI JELEK,D WAKTU TERTENTU GABISA D BUKA TRS UDH PAKE FACE ID PASS JUGA",1.48.33,0,2025-07-27T23:17:39-07:00,Allo Bank,allo_bank,app_store,1591223632
12943136990,syalwaaaaaaaa,1,bagus,ga bisa di buka padahal jaringan lancar,1.48.33,0,2025-07-27T09:04:48-07:00,Allo Bank,allo_bank,app_store,1591223632
12942517053,Adrgw,1,Aplikasi gak bisa dibuka,Aplikasinya selalu keluar notifikasi connection problem dan tidak bisa login padahal sinyal sudah 5 g,1.48.33,0,2025-07-27T06:04:25-07:00,Allo Bank,allo_bank,app_store,1591223632
12936667011,ibnizul,5,Allo bank mantap,Udah pake allo bank sebulan soalnya gaada biaya adminnya,1.48.33,0,2025-07-25T17:11:09-07:00,Allo Bank,allo_bank,app_store,1591223632
12933438364,fishae_k,1,komplen,"stop spam tlfn, risih bgt kak. yg di bahas itu"" mlu, pdhal udh gk mke apk nya lg tp msih tetep di spam.",1.48.33,0,2025-07-24T22:23:17-07:00,Allo Bank,allo_bank,app_store,1591223632
12933164794,PapaMudaGaming,1,bunga gilaa,bunga nya lebih lebih dari pinjol ilegal,1.48.33,0,2025-07-24T20:26:23-07:00,Allo Bank,allo_bank,app_store,1591223632
12930474835,Faniff,1,APLIKASI PENIPUAN !!!,"Top up Saldo 1 JT tau tau ilang dong seketika, di konfirmasi suruh tunggu 10 hari ,",1.48.33,0,2025-07-24T05:10:01-07:00,Allo Bank,allo_bank,app_store,1591223632
12930091072,Malik hamzah,1,HATI-HATI,Setelah download apliksi ini dan paylater cm dpt limit Rp 1rb dan saya mencoba buat isi Allo paylater supaya  bisa naik limit  dengan saldo saya sendiri lewat transfer bank bca ke allobank laulu sy konversi dari saldo alloprime ke paylater. Setelah saya gunakan paylater berharap dapat naik limit yg ada malah uang sy jadi limit paylater tsb ada tagihan karena sy merasa itu uang sy sendiri sy tidak hiraukan dan padaha hari ini tgl 24-07-2025 sy ditagih lwt WA oleh collection ALLOBANK untuk melunasi paylater yg saya pakai pdahal yg saya pakai itu kan uang saya sendiri kok malah ada tagihan + bunga keterlambatan. Apakah ini jebakan buat konsumen dengan iming2 bisa menaikkan saldo paylater? Uang pribadi di isinke paylater trus kita pakai trus kita ditagih 😁😁😁kan lucu,1.48.33,0,2025-07-24T02:58:00-07:00,Allo Bank,allo_bank,app_store,1591223632
12928932148,8Kambing,1,Be carefull,"Kalo bs jangan gunakan paylater nya biaya layanan nya tinggi dan kena berlapis.. perhitungan pinjaman nya nilai langsung di up, setelah nya pencairan kena biaya layanan (langsung potong atas), yg paling parah pelunasan jg dikenakan biaya layanan lg.. mengerikan kalah rentenir 🚩. Jera🏳️",1.48.33,0,2025-07-23T19:06:49-07:00,Allo Bank,allo_bank,app_store,1591223632
12921087846,DimasMah,1,Gagal Login,"Saya pake iPhone 13 Pro, aplikasi setelah update gak bisa dipake buat login, sudah berhari-hari hingga saat ini saya menulis ulasan ini. Uang saya masih nyangkut di sana sekitar 5jt, posisi di luar negeri. Tolong tanggungjawabnya. Jika sudah diperbaiki, ulasan akan saya perbarui.",1.48.33,0,2025-07-21T21:17:19-07:00,Allo Bank,allo_bank,app_store,1591223632
12917941047,AduhGimanaSih,1,Error Deposito,"Udah 3 hari ga bisa cairin deposito, kerja yang bener woy, aplikasi ampas",1.48.33,0,2025-07-21T03:34:20-07:00,Allo Bank,allo_bank,app_store,1591223632
12914351618,furnairawan,1,Aplikasi Penipuan,"Aplikasi Maling, Uang Sendiri Jadi Paylater & Kena Bunga Denda Besar Sekali.",1.48.33,0,2025-07-20T05:39:25-07:00,Allo Bank,allo_bank,app_store,1591223632
12913701542,Tnsas,1,Tidak bisa login setelah update,"Setelah update aplikasi, tidak bisa login..
Padahal face id mau pun pake password, muncul login berhasil..
Tunggu sekitar 1-2 menit ga masuk ke dalam aplikasi dan muncul notif periksa koneksi internet anda.

Sedangkan internet saya lancar dan login aplikasi m-banking lain lancar2 saja",1.48.33,0,2025-07-20T01:38:39-07:00,Allo Bank,allo_bank,app_store,1591223632
12900446186,cacazhafira22,5,Allo Bank,"allo bank mempermudah untuk tarik dana instan, good job, sangat memuaskan untuk digunakan👍🏻",1.48.05,0,2025-07-16T16:54:41-07:00,Allo Bank,allo_bank,app_store,1591223632
12898331940,Nubieuser,3,Selalu force closed,"Setiap saya membuka aplikasi lalu input password tampilan halaman tidak berubah bahlan force closed, tolong di perbaiki secepatnya",1.48.05,0,2025-07-16T05:25:53-07:00,Allo Bank,allo_bank,app_store,1591223632
12897252997,Awikmawik,1,Not recomended,Baru daftar cuman dikasih limit Rp. 1.000,1.48.05,0,2025-07-15T22:22:43-07:00,Allo Bank,allo_bank,app_store,1591223632
12896747903,allo aps user,1,BAD ATTITUDE OF EMPLOYEE,"Tolong ya stafnya bisa DIARAHKAN UNTUK TIDAK PERLU setiap hari dan bahkan setiap jam telepon menawarkan penggunaan allo paylater dengan berganti-ganti no HP. Klo nasabahnya bilang tidak akan mengaktifkan ya sudah, saya paham soal marketing kalian tapi juga DAHULUKAN ATTITUDE YANG BAIK. pekerja perbankan harusnya paham soal LAYANAN BERORIENTASI PADA KEBUTUHAN PELANGGAN. Klo belum perlu GAUSAH MAKSA, GANGGU BANGET!!!! Awas aja klo sampai secara sepihak kalian aktifkan paylaternya.",1.48.05,0,2025-07-15T18:56:38-07:00,Allo Bank,allo_bank,app_store,1591223632
12890451856,EkaPd,1,Pelayanan buruk,Udah bayar tagihan masih tetep di chatin di aja. Nagihnya gak sopan pdhl ini legal loh. udh Komplain jg harus nelfon dan berbayar. Lamaaa,1.48.05,0,2025-07-14T05:37:25-07:00,Allo Bank,allo_bank,app_store,1591223632
