review_id,user_name,rating,title,review_text,app_version,vote_sum,review_date,app_name,app_slug,platform,store_id
14455995213,ariabimaa,1,ribet,"lupa pass vc segala, ktp hilang vc langsung di tutup. dan call center nya ga sopan! main matiin aja. hapus aja apk ga guna",8.92,0,2026-08-21T12:30:12-07:00,Bank Jago,bank_jago,app_store,1539402234
14455814014,R I’d,5,Ok,Baik,8.92,0,2026-08-21T11:27:26-07:00,Bank Jago,bank_jago,app_store,1539402234
14455559958,Wanteror,5,Mantap,Vdn,8.92,0,2026-08-21T10:04:08-07:00,Bank Jago,bank_jago,app_store,1539402234
14449712208,Muhamad raya,1,Ga lagi lagi dah,Apk bank aneh gbisa tranfer ke ewallet uda gtu layanan service nya cuman di read doang,8.92,0,2026-08-19T23:37:26-07:00,Bank Jago,bank_jago,app_store,1539402234
14449645908,Faras audia,1,KACAW,"Sumpah ga ngerti lagi aplikasi nya parah , duit gue di tahan & di blok 
Penanganan nya lama banget ampe mau 3 hari blom juga di buka blok atm nya kecewa banget sebagai nasabah baru kali ini begini 
Mending pakai bca /mandiri guys 
Saran aja !:)",8.92,0,2026-08-19T23:08:44-07:00,Bank Jago,bank_jago,app_store,1539402234
14446678847,imam4rk8,5,🤙🏻sangat memuaskan,Bagus,8.92,0,2026-08-19T05:44:32-07:00,Bank Jago,bank_jago,app_store,1539402234
14445064127,opalll2jt,1,pelayanan lelet,dari pihak bank jago menyepakati akan menelpon kita di jam sekian tapi tdk ada kabar sama sekali bahkan lewat dari jam yg sudah di depakati,8.92,0,2026-08-18T19:08:51-07:00,Bank Jago,bank_jago,app_store,1539402234
14443418006,Aangajjkkl,1,Bank gajelas,Uang gw masih 2 jt akun nya ke blokir jangan mau pake bank jago,8.92,0,2026-08-18T09:21:10-07:00,Bank Jago,bank_jago,app_store,1539402234
14442337296,DimZ 11,5,Bank jago keren,Tf ke semua bang semua e-wallet free bebas biaya admin aplikasi terbaik semoga selalu ada seterusnya🫶,8.92,0,2026-08-18T03:57:05-07:00,Bank Jago,bank_jago,app_store,1539402234
14434627401,Yogesh Micin,5,Masih jadi yang terbaik di 2026,"Kemudahan budgeting, fitur-fiturnya kekinian bgt, CSnya oke walau beberapa case memakan waktu (semua bank sama) tapi kecepatannya masih yang terbaik dibanding bank lain, ga perlu ke bank fisik 😁, dan pastinya aman selama 5 tahun ga ada masalah fraud. Thanks Jago, ditunggu fitur-fitur lainnya.",8.92,0,2026-08-16T05:41:31-07:00,Bank Jago,bank_jago,app_store,1539402234
14434316629,Ahligizi,5,Sangat membantu,Untuk tf kemana saja geratis,8.92,0,2026-08-16T03:53:11-07:00,Bank Jago,bank_jago,app_store,1539402234
14432707533,Rrnsa,4,Standar,"Mohon untuk jadikan transaksi tanpa batas, kalau sebulan hanya 3x nanti bakal banyak yg beralih ke apk sebelah",8.92,0,2026-08-15T16:57:07-07:00,Bank Jago,bank_jago,app_store,1539402234
14432569602,bank jago uhuyyy,1,LOGIN GAGAL TERUS,"diminta verif di perangkat lainnya padahal login dengan perangkat yang sama! eh ga taunya bukan cuma aku aja yang kena kek gini wkwkwk. aslinya kenapa dah nih mobile banking, masukin layanan aduan harus pakai nomor yang sama sedangkan kondisinya nomor yang sama ga ada wanya kek mana 🤣 gini amat sama customer wkwkkw",8.92,0,2026-08-15T16:01:10-07:00,Bank Jago,bank_jago,app_store,1539402234
14431676224,Yumialla,5,pov,baguss bngettt,8.92,0,2026-08-15T10:40:45-07:00,Bank Jago,bank_jago,app_store,1539402234
14431171728,librax7-,1,hakdb,kenapa gagal trus transfer padahal saldonya ada,8.92,0,2026-08-15T08:12:50-07:00,Bank Jago,bank_jago,app_store,1539402234
14430112083,BahuL1922,5,Josjis,Sangat puas dengan bank jago❤️‍🔥,8.92,0,2026-08-15T02:32:34-07:00,Bank Jago,bank_jago,app_store,1539402234
14429889884,Juwitanurseta,1,Akun terkunci,Akun saya terkunci setelah saya mentransfer uang 15jt hati hati pakai apk tidak aman seperti ini,8.92,0,2026-08-15T01:02:12-07:00,Bank Jago,bank_jago,app_store,1539402234
14429441055,diiiyaahh,4,mantap,membantu mengelola keuangan,8.92,0,2026-08-14T21:51:38-07:00,Bank Jago,bank_jago,app_store,1539402234
14428220112,juragancamera,5,terbaik,"cepat , mudah , banyak keuntungan",8.92,0,2026-08-14T14:04:50-07:00,Bank Jago,bank_jago,app_store,1539402234
14426421436,Julianto Yatin,5,Bank jago,Aplikasi nya bagus,8.92,0,2026-08-14T04:47:32-07:00,Bank Jago,bank_jago,app_store,1539402234
14425983312,Kareem-:,3,bug kah?,"gabisa update app via appstore, saya harus hapus app nya dulu",8.92,0,2026-08-14T02:09:30-07:00,Bank Jago,bank_jago,app_store,1539402234
14425349361,Mukhoirih,5,Bank Jago Keren,Sering ngasih bonus tiap bulan,8.92,0,2026-08-13T21:40:32-07:00,Bank Jago,bank_jago,app_store,1539402234
14421289113,Sonsdany,5,Good,I've been using for 2 years or more and never doubt,8.92,0,2026-08-12T21:37:16-07:00,Bank Jago,bank_jago,app_store,1539402234
14419755891,daniel josjis,5,dari daniel,bagus sekali aplikasi ini,8.92,0,2026-08-12T11:58:43-07:00,Bank Jago,bank_jago,app_store,1539402234
14419697526,naaaleeaa,5,bank jago the best,"SUKA BANGET PAKE BANK JAGO, gapernah ada kendala apapun dan dapat cashback 🫰🏻🫰🏻😍😍",8.92,0,2026-08-12T11:38:46-07:00,Bank Jago,bank_jago,app_store,1539402234
14416791687,Kawulo Jogja,5,Keren,Sangat memudahkan untuk bertransaksi,8.92,0,2026-08-11T18:36:09-07:00,Bank Jago,bank_jago,app_store,1539402234
14413316356,Valnoor,1,Buruk,Pelayanan call center lama dan bertele-tele harus nunggu beberapa hari kerja dan informasi tidak jelas. Saya meminta untuk bantuan ganti nomor sampai saat ini blm bisa dan malah akun saya tidak bisa masuk memakai nomor lama maupun nomor baru.,8.92,0,2026-08-10T22:53:28-07:00,Bank Jago,bank_jago,app_store,1539402234
14413282235,ATL897,5,Kode :  RUBD7B3C,Gunakan kode RUBD7B3C agar dapat hadiah  menarik ❤️❤️❤️,8.92,1,2026-08-10T22:38:26-07:00,Bank Jago,bank_jago,app_store,1539402234
14412669156,Reno9876,1,Review jujur,Ribet,8.92,0,2026-08-10T18:24:28-07:00,Bank Jago,bank_jago,app_store,1539402234
14412556119,M adip,5,Keren,Keren sih,8.92,0,2026-08-10T17:41:44-07:00,Bank Jago,bank_jago,app_store,1539402234
14406375476,Japri69,1,gagal terus,"bank ruwet transaksi gagal terus, scam",8.92,0,2026-08-09T05:06:11-07:00,Bank Jago,bank_jago,app_store,1539402234
14405968757,Hairul ichsan,5,Suka sama bank jaho,Cepat terkirimnya,8.92,0,2026-08-09T02:26:22-07:00,Bank Jago,bank_jago,app_store,1539402234
14405106493,dhe sigma,5,bagus,bagus,8.92,0,2026-08-08T20:06:37-07:00,Bank Jago,bank_jago,app_store,1539402234
14403113986,Avoocado97,5,E-Wallet Terbaik!,Ekosistemnya sangat kerennn.. mantap bank Jago,8.92,0,2026-08-08T07:54:58-07:00,Bank Jago,bank_jago,app_store,1539402234
14402501088,Miftah90,5,Recomended banking app,Sangat membantu keuangan harian,8.92,0,2026-08-08T04:41:10-07:00,Bank Jago,bank_jago,app_store,1539402234
14399631978,camih antik,5,bagus,"bagus sekali aplikasinya, ada notifikasi jika sedang telponan harus verifikasi dulu, mengurangi kecurangan pada saat penjahatan",8.92,0,2026-08-07T09:48:52-07:00,Bank Jago,bank_jago,app_store,1539402234
14399496414,xxxshauann,5,refferal code,"referral RAAFDE95, so far nyaman g ada masalah",8.92,0,2026-08-07T09:07:51-07:00,Bank Jago,bank_jago,app_store,1539402234
14399249236,YA NAMA GUA HANS,3,buat piihak si jago,kenapa sih susah banget buat pindah akun dari 1 hp ke 1 hp lagi. di suruh VC akhirnya coba cara lain dan itu pun minta kode verifikasi ke whatsapp tidak pernah terikirim dan ke sms pun tidak ada padahal sudah masuk dengan NIK sesuai dan nomor telp pribadi sesuai ini gimana tolong lah bug” seperti ini di perbaiki. jgn buat kecewa saya pribadi dan orang” lainnya yg punya masalah sama seperti saya. saya kasih B5 biar orang” tau kalo ada masalah seperti ini….,8.92,0,2026-08-07T07:55:28-07:00,Bank Jago,bank_jago,app_store,1539402234
14395616778,binolosi,5,bank jago,best digital bank so far,8.92,0,2026-08-06T09:33:38-07:00,Bank Jago,bank_jago,app_store,1539402234
14390945076,Afdalni,5,Kode : MUT9098C,Gunakan kode MUT9098C agar kamu dapat saldo tambahan ❤️❤️❤️,8.91.0,1,2026-08-05T06:28:23-07:00,Bank Jago,bank_jago,app_store,1539402234
14390598310,praadit,1,Sessionnya Logout terus,"Seminggu terakhir tiap sehari atau 2 hari pasti harus login lagi, padahal dibuka tiap hari. tokennya ga refresh atau sessionnya pendek apa gimana? masa harus login terus tiap hari",8.91.0,0,2026-08-05T04:43:12-07:00,Bank Jago,bank_jago,app_store,1539402234
14390423956,ennymuretooth,5,oke cepat,semoga untung banyak,8.91.0,0,2026-08-05T03:43:57-07:00,Bank Jago,bank_jago,app_store,1539402234
14389897978,Dullah maulana,2,Gagal kirim sado  dan saldo tidak kembali,Bantu cek kak,8.91.0,0,2026-08-05T00:16:42-07:00,Bank Jago,bank_jago,app_store,1539402234
14387735144,Parto222,1,Layanan app perbankan terburuk,"Keluhkan kendala tgl 5 juli 2026 krn data history hilang stlh install ulang (android dan ios), tektokan whatsapp, email dan telephone tdk ada hasil dan baru selesai 4 agustus 2026.

Tindakan selanjutnya, pindahkan semua saldo dan  portofolio, tutup rek dan ganti rdn.

Prefer layanan yg care dgn nasabah, ketimbang respon sopan tanpa tindakan nyata.",8.91.0,0,2026-08-04T10:41:16-07:00,Bank Jago,bank_jago,app_store,1539402234
14385320522,Encikgun,5,Banyak kemudahan,Aplikasi ringan digunakan dan stabil. Banyak kemudahan dan bisa transaksi virtual nasional bahkan internasional,8.91.0,0,2026-08-03T20:51:46-07:00,Bank Jago,bank_jago,app_store,1539402234
14383011581,Gittataaaa,5,Lebih terarah,Lebih teratur,8.91.0,0,2026-08-03T07:48:10-07:00,Bank Jago,bank_jago,app_store,1539402234
14382839703,Rahmat0107,1,Bank ga jelas,Transfer ga bisa log in ga bisa hubungi cs slow respon kaya ga penting padahal di rek gua ada cuan nya,8.91.0,0,2026-08-03T07:00:58-07:00,Bank Jago,bank_jago,app_store,1539402234
14382447819,Ucayy96,1,Jangan download,"Not recomend bgt pokoknya, not bad. Baru pertama kali downdload, trs isi saldo, giliran mau di tf kemana mana ga bs. Assyuu",8.91.0,0,2026-08-03T05:06:02-07:00,Bank Jago,bank_jago,app_store,1539402234
14381105511,karung beras,1,anj,"tiba tiba banget akun gua ke ban,padahal uang gua semua disana malah ke ban tiba’ anj
mau banding pun ribet banget anj",8.91.0,0,2026-08-02T20:15:37-07:00,Bank Jago,bank_jago,app_store,1539402234
14381022958,Tetekecil,1,"Kantong Jago Tiba-tiba hilang, Saldo pun lenyap","Sudah melakukan komplain melalu wa dan melakukan sesuai instruksi CS nya tapi tetap saja ga ada perubahan dan saldo masih belum balik. Padahal sebelumnya sangat menikmati fitur kantong di jago semenjak kehilangan saldi sekarang sudah hilang ke 2 kali ya tapi tetap ga ada pengembalian dana, ga ada riwayat penarikan apa2 dan saya sendiri pun tidak menghapus kantongnya tapi tiba2 hilang. Total saldo hilang sudah Rp 430.000, kecewa banget sih sama pelayanannya juga akhirnya udah ga mau percaya dan sekarang kutarik semua saldonya",8.91.0,0,2026-08-02T19:43:33-07:00,Bank Jago,bank_jago,app_store,1539402234
14379211639,Shfrfz,5,Kepuasan,"Suka banget sama kago! Sat set dan bisa tf ke rekening lain, top up ke rekening lain, sat set banget banget banget huhuhu luv",8.91.0,0,2026-08-02T09:03:46-07:00,Bank Jago,bank_jago,app_store,1539402234
14378552964,Gy Ramadhan,5,Administration,"Sangat bagus untuk sekelas bank di Indonesia, mudah untuk segala jenis transaksi dan gratis transfer ke semua bank untuk berkali kali",8.91.0,0,2026-08-02T05:52:19-07:00,Bank Jago,bank_jago,app_store,1539402234
14377057913,Raina sond,1,Oprasiunal,Lancar selalu dengan bank jago,8.91.0,0,2026-08-01T20:02:55-07:00,Bank Jago,bank_jago,app_store,1539402234
14373380260,Vxudhwnsnduk,1,Akun terblikir tapi tidak ada tanggapan dari pihak bank jago,Reting jelek mnding aplikasi lain,8.91.0,0,2026-07-31T22:27:44-07:00,Bank Jago,bank_jago,app_store,1539402234
14373292449,NikoIksanto,5,REFERRAL : NIKB85C2,"Pakai referral saya, khusus Agustus 2026 kamu akan mendapatkan saldo 50.000, cukup isi 500.000 dalam 7 hari setelah pendaftaran dan pertahankan jgn sampai dibawah 500.000 dalam 30 hari, GAS NIKB85C2 🔥🔥🔥",8.91.0,0,2026-07-31T21:50:51-07:00,Bank Jago,bank_jago,app_store,1539402234
14373139192,williamsinaga19,1,ga bisa login,"beberapa hari ini kalo mau masuk ke aplikasi bank, harus input email terus
gabisa pake pemindai wajah
dan sekarang setelah input email dan kode otp, masih aja gabisa login
notifnya “terjadi kesalahan”
kesalahan apee",8.91.0,0,2026-07-31T20:48:24-07:00,Bank Jago,bank_jago,app_store,1539402234
14373093909,panskiyyy,5,gatau,terbaik co,8.91.0,0,2026-07-31T20:30:38-07:00,Bank Jago,bank_jago,app_store,1539402234
14370823966,Titi sumanti,1,Saya di persulit hanya karna lupa password,Lebih baik mikir 2x nabung disini. Jujur saya jera,8.91.0,0,2026-07-31T07:31:32-07:00,Bank Jago,bank_jago,app_store,1539402234
14370480000,Massunda1111,3,Saya habis tf ke bank jago tapi saldo udah 2jam lebih ga masuk masuk ini gimana,Gajelas,8.91.0,0,2026-07-31T05:54:38-07:00,Bank Jago,bank_jago,app_store,1539402234
14369734474,Amir mahmud ali fauzi,1,JAGO BIADAB,"dulu gara2 gk update apk akun sering keluar sendiri disuruh masukin sandi, ditanya cs nya di email jawabnya ngga ada solusi sama sekali, pas udah update bisa, ngga logout2 lagi, tapi tiba2 diblokir akun ku, anj lu, ada tabungan gue jutaan cok",8.91.0,0,2026-07-31T01:33:26-07:00,Bank Jago,bank_jago,app_store,1539402234
14369211784,Bank Tidak Jago,2,Bug,"Sering banget bug, entah logo aplikasi, entah masuk tapi saldo ga keliatan dan harus keluar baru masuk apk lagi. Atau yang paling parah ini ketika masuk selalu minta log in ulang pakai email dan kata sandi",8.91.0,0,2026-07-30T21:56:33-07:00,Bank Jago,bank_jago,app_store,1539402234
14368601454,bakpia pathok,1,LEMOT DAN GANGGUAN MULU,jangan mau naro uang disini,8.91.0,0,2026-07-30T18:00:24-07:00,Bank Jago,bank_jago,app_store,1539402234
14367461547,LukmanAhmad67,2,UX,"Saat melakukan internasional payment dengan pihak ketiga, kartu terus ditolak, setelah ditelusuri masalah terjadi di sisi Bank Jago dan tidak ada pemberitahuan apapun mengenai masalah ini",8.91.0,0,2026-07-30T11:05:48-07:00,Bank Jago,bank_jago,app_store,1539402234
14365036004,Qq3839,1,Nik sdh terpakai,"Sy pertama daftar ke bank jago tp NIK sy sdh pernah terpakai pdhl sy blm pernah daftar.
Semoga tdk ada yg menyalahgunakan data pribadi saya",8.91.0,0,2026-07-29T21:10:39-07:00,Bank Jago,bank_jago,app_store,1539402234
14364394704,MozzaMillo,1,gagal,"aplikasi tai tf ke bank lain gagal, top up ewallet gagal padahal saldo masih banyak dan ada sisanya.",8.91.0,0,2026-07-29T17:06:00-07:00,Bank Jago,bank_jago,app_store,1539402234
14363584391,NavisaK,1,Komplain tidak ditanggapi,"Komplain di instagram dialihkan (tdk menyelesaikan masalah), komplain di WhatsApp dialihkan (tdk menyelesaikan masalah), komplain via email tidak ada tanggapan
Berkali kali dibalas dengan template pesan yang sama , customer service seperti menggunakan AI",8.91.0,0,2026-07-29T12:04:47-07:00,Bank Jago,bank_jago,app_store,1539402234
14361142390,nonacil,5,iyup cakeup buat manage uang,sangatt membantu🥰😘,8.91.0,0,2026-07-28T22:10:35-07:00,Bank Jago,bank_jago,app_store,1539402234
14360729075,bentest antutu,5,Bintang,Pertahankan untuk kualitas terbaik,8.91.0,0,2026-07-28T19:24:52-07:00,Bank Jago,bank_jago,app_store,1539402234
14358135102,Mochaaray,5,Serba bisa,"Untuk trf Bebas biaya admin, bisa langsung konek ke app yang saya punya. Cocok untuk saya",8.91.0,0,2026-07-28T05:06:54-07:00,Bank Jago,bank_jago,app_store,1539402234
14357372141,scruffytasg,5,Permohonan Update Selanjutnya,"Plis untuk next update jika memindahkan uang dari poket A ke poket B tambahkan fitur note/catatan seperti saat transfer ke rekening orang lain
Terimakasih.",8.91.0,0,2026-07-28T00:17:52-07:00,Bank Jago,bank_jago,app_store,1539402234
14356970756,Ari Dwianto,5,Keren Pokoknya Mantap,"Seamless banget buat semua transaksi terhubung ke gopay dan bibit, gopay multifungsi bisa buat bayar di indomaret atau my pertamina, bibit buat nabung",8.91.0,0,2026-07-27T21:27:41-07:00,Bank Jago,bank_jago,app_store,1539402234
14356349956,dwhyfnd,1,Tolol,Si anjg verifikasi wajah ga bisa2 tlol wajah mendetek jauh mulu tlol anjg bikin emosi aja anjg,8.91.0,0,2026-07-27T17:30:40-07:00,Bank Jago,bank_jago,app_store,1539402234
14355405585,Limpul10277,5,Mantap,"Sukses selalu buat bank jago,mantap bertransaksi disini 🙏🏻",8.91.0,0,2026-07-27T11:46:24-07:00,Bank Jago,bank_jago,app_store,1539402234
14354268454,balqikubil,4,sangat bagus,mantap,8.91.0,0,2026-07-27T06:11:30-07:00,Bank Jago,bank_jago,app_store,1539402234
14353797671,Siti Luthfiyah,2,Pelayanan buruk,"Baru kali ini saya komplain perbankan membutuhkan waktu berminggu minggu, itu juga menunggu saya spam komen di ig sosmed agar cepat ditindaklanjuti. Bukannya berbenah malah tetp aja seperti itu.",8.91.0,0,2026-07-27T03:35:34-07:00,Bank Jago,bank_jago,app_store,1539402234
14353017014,allvaaaaaa,5,mantap,mantap,8.91.0,0,2026-07-26T22:11:48-07:00,Bank Jago,bank_jago,app_store,1539402234
14352735412,bank jago kontol,1,kontol,nilep cok,8.91.0,0,2026-07-26T20:14:30-07:00,Bank Jago,bank_jago,app_store,1539402234
14352619178,airq punda,1,akunya nipuu tidak amanahh . tf uang gak masuk . saldo berkurang,apkk gak amanah tf uang gak masuk . saldo berkurang,8.91.0,0,2026-07-26T19:29:17-07:00,Bank Jago,bank_jago,app_store,1539402234
14352092826,atsuiyakan,5,Good App,Love the pocketing system,8.91.0,0,2026-07-26T16:02:21-07:00,Bank Jago,bank_jago,app_store,1539402234
14351213168,Pangolin adan,5,Mantap,Nice 👍,8.91.0,0,2026-07-26T10:45:38-07:00,Bank Jago,bank_jago,app_store,1539402234
14350112129,Yantiyantosarapangethuk,1,Bank Jago Pencuri Terblokir Tiba-Tiba,"Akun saya tiba-tiba terkunci dengan saldo-saldo deposito di dalamnya, tidak jelas. Apakah bank Jago memang penipuan bertujuan untuk mencuri?",8.91.0,0,2026-07-26T05:13:21-07:00,Bank Jago,bank_jago,app_store,1539402234
14348248786,jowokunyuk h,1,Bahaya!,"Aplikasi dan Bank sudah terlalu bahaya. saya melakukan pembayaran lewat Qris, status pembayaran tidak berhasil tapi saldo saya berkurang dan coba menghubungi CS tapi tidak ada solusi hanya disuruh menunggu!",8.91.0,0,2026-07-25T16:42:44-07:00,Bank Jago,bank_jago,app_store,1539402234
14348045431,Serlinyana,2,Qris,Saya sangat kecewa dengan aplikasi bank jago karna tidak ada kejelasan atas saya laporkan dan responnya slow dan tdk ada kejelasan,8.91.0,0,2026-07-25T15:17:43-07:00,Bank Jago,bank_jago,app_store,1539402234
14345649675,dvsaaaa,5,tambah fitur,tambahkan fitur tarik tunai tanpa kartu,8.91.0,0,2026-07-25T01:38:43-07:00,Bank Jago,bank_jago,app_store,1539402234
14341942081,bimasmdra,1,komplain,CS dan semua petugas terkesan menyepelekan nasabahnya.di bank lain menangani laporan paling lambat 5hari lah di sini udah satu bulan gada konfirmasi apapun.nyesel nabung banyak di situ buat lunasin cicilan mlah ujung2 nya nunggak dan kena denda cicilan karna gabisa bayar,8.91.0,0,2026-07-24T03:32:01-07:00,Bank Jago,bank_jago,app_store,1539402234
14338816969,hanachiia,1,insufficient funds fee yang tidak sesuai dengan jumlah transaksi,"saya melakukan transaksi pembelian, tetapi selalu gagal dan uangnya malah berkurang. padahal transaksi 3 kali gagal semua, tapi di riwayat transaksi tercatat nya 6 kali insufficient funds fee masing-masing Rp5000. untuk CS nya juga lama sekali antriannya",8.90.1,0,2026-07-23T08:11:43-07:00,Bank Jago,bank_jago,app_store,1539402234
14337712857,InusIcha🫦🫦🫦,4,Transfer yg minim kuota,"Sorry to say, sejauh ini Bank Jago yg pelit utk kasih unlimeted or lbh dr 100x trf beda bank nd ewallet, yg laen tumpah2 sih, mnggunakan Misi/tugas utk naekin level akun, bru ntr kuota trx nya brubah sesuai dg level akun bank Jagoan. Lbh baek diprtmbnhkan deh utk bwd easy simple lengkap nd cepat krn syg aja udh byk prshaan yg bkrjasma tp Jagoan g aktif pk Bank Jago nya.. tks",8.90.1,0,2026-07-23T02:22:16-07:00,Bank Jago,bank_jago,app_store,1539402234
14337478733,----- cfc,5,apk,good,8.90.1,0,2026-07-23T00:47:38-07:00,Bank Jago,bank_jago,app_store,1539402234
14337210229,Ml tolll,5,Jagoo Kerenn,Overall gokil,8.90.1,0,2026-07-22T22:54:41-07:00,Bank Jago,bank_jago,app_store,1539402234
14336724470,GreenBelt867,5,Kode :  RUBD7B3C,Pakai  kode RUBD7B3C agar kamu dapat kejutan ❤️❤️❤️❤️❤️,8.90.1,2,2026-07-22T19:39:28-07:00,Bank Jago,bank_jago,app_store,1539402234
14335882687,Richardus Danangjaya,2,Bug,"Terjadi bug di bagian Transaction. Dahulu, jika schedule transaction late karena insufficient money, kita bisa tahu mana saja yang telat. Lalu klik move now untuk melunasi hutang transaksi gagal tersebut. Sekarang walaupun telat 1 hari, kita klik send now, malah menghilangkan schedule bulan berikutnya. Jadi bulan ini yg transaksi terhutang, jadi ter-skip. Kesan nya seperti itu. Mohon dikembalikan seperti awal. Jadi kita bisa tau hutang kita pada transaksi otomatis yg gagal tersebut, sehingga kita bisa mencapai total transaksi yg kita inginkan.",8.90.1,0,2026-07-22T14:17:08-07:00,Bank Jago,bank_jago,app_store,1539402234
14335318800,ilhammu,1,Jago dana cepat,"Untuk fitur pelunasan lebih awal/lebih cepat sudah bagus bunganya dihitung per hari ini malah di ubah dihitung full 30 hari ,, jadi kalo jatuh tempo tanggal 30 tapi dana udah ready tanggal 10,bunganya di tagih full 30 hari bukan 10 hari seperti dulu,stop dulu deh pake bank jago",8.90.1,0,2026-07-22T11:03:44-07:00,Bank Jago,bank_jago,app_store,1539402234
14334818796,Siapa tau aja,1,Tolong perbaikan,Tolong bank jago akun sy tdk bisa di akses sy sdh hubungi sc bbrpa kli tpi pertanyaan yg sma katanya ada yg login mencurigan tpi tdk ada tindakan tolong bantu donk,8.90.1,0,2026-07-22T08:31:54-07:00,Bank Jago,bank_jago,app_store,1539402234
14334000736,Fannyokta,1,Bad,Mau ganti nomer otp aja bertele tele,8.90.1,0,2026-07-22T04:31:23-07:00,Bank Jago,bank_jago,app_store,1539402234
14333384072,Liliajah,1,Verifikasi,"Udah laporan klo akun ke blokir sampai 4 hari masih disuruh nunggu, gak jelas",8.90.1,0,2026-07-22T00:29:32-07:00,Bank Jago,bank_jago,app_store,1539402234
14333301096,jjjjjekkk,5,BIAYA,"mantapp paling jos pokoknyaa, kirim kemanaa manaa gada adminnnyaa, nabungg tanpaa bunga, mantappp selalu bank jagoooooo",8.90.1,0,2026-07-21T23:54:24-07:00,Bank Jago,bank_jago,app_store,1539402234
14332812667,pails27,5,mantap betul,nyesel karena baru tau bank Jago  sekarang. bisa nabung dan atur keuangan tanpa harus buka banyak rekening. thankyou,8.90.1,0,2026-07-21T20:25:54-07:00,Bank Jago,bank_jago,app_store,1539402234
14332279512,made dandi,1,akun sayang diblokir tiba tiba,"saya sangat kecewa, akun masi ada saldo nya dan mau digunakan untuk urgensi malah terblokir secara tiba tiba",8.90.1,0,2026-07-21T17:03:22-07:00,Bank Jago,bank_jago,app_store,1539402234
14328691484,comcom23,1,Hapus PopUp Banner,"Tolong dong hapus popup banner / iklan / poster, apalah itu namanya, itu sangat mengganggu akses, mau bayar qris harus close iklan dulu


Sisanya sudah OK",8.90.1,0,2026-07-20T19:51:56-07:00,Bank Jago,bank_jago,app_store,1539402234
14328426137,LIOWe1,4,.,mantap,8.90.1,0,2026-07-20T18:12:58-07:00,Bank Jago,bank_jago,app_store,1539402234
14326918284,Senjayudisa,5,Biaya transfer,Apknya sdh bagus dan bebaskan biaya untukk transferr dongg biar makin bagus,8.90.1,0,2026-07-20T09:18:51-07:00,Bank Jago,bank_jago,app_store,1539402234
14326403045,Mempersulittttt,1,Login,"Untuk verifikasi data pas akun lama ga bisa dibuka susah bangt, tidak ada solusi sama sekali dari cs",8.90.1,0,2026-07-20T06:49:16-07:00,Bank Jago,bank_jago,app_store,1539402234
14325352407,Mekikkkk,4,Serah,Ngirim saldo gagal mulu,8.90.1,0,2026-07-20T00:24:08-07:00,Bank Jago,bank_jago,app_store,1539402234
14321692642,Ari0195,5,Ada bonus dari jago aplikasi yang aman,mudah di gunakan aplikasi bagus,8.90.1,0,2026-07-19T02:34:27-07:00,Bank Jago,bank_jago,app_store,1539402234
14321145524,Kzuya2,4,tambahin fitur scan qris,"tolong tambahin fitur Qris Bayar, biar bisa bayar di indomaret/alfamart",8.90.1,0,2026-07-18T23:04:32-07:00,Bank Jago,bank_jago,app_store,1539402234
14318852509,YourBaeeeeeeeee,1,Biaya potongan biaya saldo tidak tercukupi,"Akibat biaya saldo tidak tercukup saya harus top up 2x,itu cukup menjengkelkan,walaupun 5k tapi kalo dikali 5,itu buat frustasi apalagi kalo saldo nya udah pas dan ternyata terhitung saldo tidak tercukupi dan saya tidak berapa biaya yg harus saya bayar",8.90.1,0,2026-07-18T08:57:40-07:00,Bank Jago,bank_jago,app_store,1539402234
14316331482,Asep_Straw,5,Best finance app ever,"Thank you for made this app, it’s very usefull",8.90.1,0,2026-07-17T17:46:02-07:00,Bank Jago,bank_jago,app_store,1539402234
14315466769,Dedi Pratama Sucipto,5,Soal Keuangan Bank Jago No.1,"Ada Jago solusi keuangan keluarga jadi lebih mudah diatur dan efisien, terutama Kantong untuk uang jajan anak jadi lebih mudah untuk di manage. Terima kasih",8.90.1,0,2026-07-17T12:20:55-07:00,Bank Jago,bank_jago,app_store,1539402234
14314352360,Agisugar,5,Bank digital,Kren bisa buat kantong untuk budgeting,8.90.1,0,2026-07-17T06:49:40-07:00,Bank Jago,bank_jago,app_store,1539402234
14314341076,kodereferal:FAT7FA43,5,KODE REFERAL FAT7FA43,Nabung mulai 500k simpan selama sebulan dapatkan cuan 50k. Lumayan guys buat beli bakso atau seblak 🤭🤭,8.90.1,0,2026-07-17T06:46:29-07:00,Bank Jago,bank_jago,app_store,1539402234
14313600071,Era_jegeg,5,Rekomended,Sudah nyaman pakai Jago semoga semakin banyak manfaat yg bisa didapatkan 🙏🙏🙏,8.90.1,0,2026-07-17T02:43:41-07:00,Bank Jago,bank_jago,app_store,1539402234
14311001815,Ec lsm,1,Transaksi gantung,"Pembayaran pakai qris gagal tapi saldo terpotong, dan sudah 2 minggu saldo gak kembali",8.90.1,0,2026-07-16T10:19:41-07:00,Bank Jago,bank_jago,app_store,1539402234
14310440179,l1viaaa,5,Ulasan terbaik,"Cinta banget sama bank jago, dari mulai kelancaran sampai bonus bonus saldo yang kadang bikin happy. Love bank jago",8.90.1,0,2026-07-16T07:36:14-07:00,Bank Jago,bank_jago,app_store,1539402234
14309040489,yhayarashad,1,akun terblokir,"beberapa kali login tetep gabisa dan keblokir, padahal password dan pin nya bener tapi tetep salah dan gabisa masuk. gimana ini saya gabisa transaksi tolong kejelasan nya!!!!",8.90.0,0,2026-07-15T23:14:31-07:00,Bank Jago,bank_jago,app_store,1539402234
14309000312,Nanas987,5,BAGI BAGI DUIT NJIR,mantap lha tiba tiba dapet duet 😹,8.90.0,0,2026-07-15T22:57:16-07:00,Bank Jago,bank_jago,app_store,1539402234
14308943012,Xienzin,5,Bank jago,"Saya nga tau kenapa sangat suka banget sama bank jago ini,karena transaksi yg gratis dan murah dan sangat cepat fiturnya juga mudah dan banyak juga pilihannya yg kita butuhkan  pastinya aman,pokoknya the best lah",8.90.1,0,2026-07-15T22:32:18-07:00,Bank Jago,bank_jago,app_store,1539402234
14308133190,Tlwhy,1,Gangguan lama bgt,"Sudah 2 hari gak bisa transaksi, parah",8.90.0,0,2026-07-15T17:11:19-07:00,Bank Jago,bank_jago,app_store,1539402234
14305377031,Uyueuu,1,P,Ini gmana saya login kembali dengan nomor tidak aktif,8.90.0,0,2026-07-15T01:57:33-07:00,Bank Jago,bank_jago,app_store,1539402234
14305278005,Noyniynuy,1,"Transaksi selalu gagal, akun selalu logout sendiri",Najis banget mau narik duit sendiri aja susah.,8.90.0,0,2026-07-15T01:16:41-07:00,Bank Jago,bank_jago,app_store,1539402234
14297913847,Bagusetyawanto,5,sangat puas dengan Bank Jago,"sangat puas dengan Bank Jago. so reliable untuk pembayaran domestik n internasional. bebas biaya admin terlebih malah dapet bunga simpanan yang kompetitif. terima kasih Bank Jago! terus Jago, makin Jago.",8.90.0,0,2026-07-13T05:36:38-07:00,Bank Jago,bank_jago,app_store,1539402234
14296827814,nadhira223,5,Good buat menabung,"Bagus buat nabung dan budgeting, bunganya juga okee dan aman 
NAD56AC1 gunain kode refeal buat dapet 50rb",8.90.0,0,2026-07-12T22:32:32-07:00,Bank Jago,bank_jago,app_store,1539402234
14296643708,novaler21344,5,cpt,mntp,8.90.0,0,2026-07-12T21:13:03-07:00,Bank Jago,bank_jago,app_store,1539402234
14296097610,Aripp35zz,5,Bagus,Apk sangat frendly di gunakan,8.90.0,0,2026-07-12T17:39:23-07:00,Bank Jago,bank_jago,app_store,1539402234
14292978671,Alfisyahrifat,5,Easy & Helpfull pocket,"Super easy to operate, helpfull pocket",8.90.0,0,2026-07-11T23:10:31-07:00,Bank Jago,bank_jago,app_store,1539402234
14292825312,nabbannn,1,Apk gila,"kapok pake apk ini! berminggu2 uang aku habis nelponin call center , dm ig dm titktok , niat mau pake apk ini buat nyimpen uang tapi pas coba tf malah keluar sndiri apk nya!!",8.90.0,0,2026-07-11T22:03:18-07:00,Bank Jago,bank_jago,app_store,1539402234
14291854670,"@@""&",5,tg,sejauh ini masih aman tanpa kendala 🙏🙏,8.90.0,0,2026-07-11T15:46:12-07:00,Bank Jago,bank_jago,app_store,1539402234
14291563039,sultan m noor,5,puas,puas banget,8.90.0,0,2026-07-11T13:55:45-07:00,Bank Jago,bank_jago,app_store,1539402234
14290316531,Dodoo0001,1,Tidak amana,Akun saya tiba tiba logout dan tidak bisa login kembali padahal baru daftar dan baru saya pindahkan uang saya di aplikasi in,8.90.0,0,2026-07-11T07:18:12-07:00,Bank Jago,bank_jago,app_store,1539402234
14289693907,Mastotosdi,5,Jago emang jagoan,"Jago selalu memberikan Kemudahan dalam bertransaksi, bonusnya juga banyak..",8.90.0,0,2026-07-11T04:00:42-07:00,Bank Jago,bank_jago,app_store,1539402234
14289432666,bogergerger,5,terbaikkkk,bank digital terbaik,8.90.0,0,2026-07-11T02:19:27-07:00,Bank Jago,bank_jago,app_store,1539402234
14289430705,Fikri Salam,5,Mantap,UI/UX nya keren jadi betah dan sekarang transaksi jadi sering pake aplikasi Bank Jago😁🔥,8.90.0,0,2026-07-11T02:18:39-07:00,Bank Jago,bank_jago,app_store,1539402234
14289397249,Sherin_19,5,Bank digital mantap,"Sllu seneng pake bank jago,,pokok bank digital termantap lah 😍😍😍",8.90.0,0,2026-07-11T02:05:09-07:00,Bank Jago,bank_jago,app_store,1539402234
14288639688,tiktok suap,1,PELAYN NYA JUTEK JUDES,"karyawan nya judes"" udh jaringan nya jelek pelayanan nya jelek,g bngt",8.90.0,0,2026-07-10T20:49:16-07:00,Bank Jago,bank_jago,app_store,1539402234
14287603994,Adler von Glencoe,4,Force Close,"Disaat dibutuhkan mau Transfer selalu Force Close

After latest iOS 26 or App the issue has been tackled after short usage test",8.90.0,0,2026-07-10T14:09:46-07:00,Bank Jago,bank_jago,app_store,1539402234
14286377685,Bibbzzlil,1,Bar,"Jelek bgt sekarang loading nya lama udah gitu pas masuk tbtb keluar sendiri aneh bgt, bank digitl ter jelekk nyesel simpen duit disini",8.90.0,0,2026-07-10T07:41:40-07:00,Bank Jago,bank_jago,app_store,1539402234
14285925942,koxi123,5,Tranfer Ga sampai tapi status sukses,"ini sangat mengecewakan,sudah nyaman mau di jadiin bank utama tapi transfer ke bank lain ga lancar,
sudah lapor ke admin di suruh nunggu 1jam - 1hari tapi tetep tidak masuk"" ke rekening penerima..untuk temen"" hati"" aja jangan tergiur dengan tampilan menu dan fiturnya dlunya aku jga seneng dengan tampilan dan bunga yg di berikan tapi sekarang out aja lah",8.90.0,0,2026-07-10T05:32:19-07:00,Bank Jago,bank_jago,app_store,1539402234
14284483140,ReyDewa,4,Ubah Tipe Bank,"Saya salah daftar ke bank jago syariah, saya ingin balik ke bank jago konvesional apakah bisa dibuatkan fiturnya. Mohon bantuannya 🙏😭",8.90.0,0,2026-07-09T20:03:01-07:00,Bank Jago,bank_jago,app_store,1539402234
14281773104,Korban jago,2,Apk taik,"Misi sudah di selesaikan bonus yang ada di janjikan tidak masuk ke akun jago saya
Pelayanan gmail nya juga buruk 
Taik taik taik tauk",8.90.0,0,2026-07-09T05:06:32-07:00,Bank Jago,bank_jago,app_store,1539402234
14278943017,Boboy99,5,Keren,Bank aplikasinya keren,8.89.1,0,2026-07-08T11:01:52-07:00,Bank Jago,bank_jago,app_store,1539402234
14278846589,romadhoni naja,5,sangat memenuhi,sangat bagus,8.89.1,0,2026-07-08T10:30:58-07:00,Bank Jago,bank_jago,app_store,1539402234
14278545305,Underdogsvip,1,Forced closed,Buka app 10 detil langsung closed sendiri,8.89.1,0,2026-07-08T08:58:05-07:00,Bank Jago,bank_jago,app_store,1539402234
14277438858,Rai Chaniago,3,Bug,"Karna di update Sering Forceclose trus, saya jadi susah transaksi. Tolong perbaiki segera.",8.89.1,0,2026-07-08T03:14:25-07:00,Bank Jago,bank_jago,app_store,1539402234
14277148124,jmg7800,1,Forced close after few seconds login,"On version 8.89.1 apps forced close after logged in, I’m using iOS 15.8.8 the latest version on iphone 7+

Please fix it ASAP",8.89.1,0,2026-07-08T01:13:11-07:00,Bank Jago,bank_jago,app_store,1539402234
14277076506,6noname9,1,Force close,"Ga bisa di pake sama sekali update terbarunya, force close terus! Uang masuk ga bisa d keluarin. Bive coding boleh, bloon jangan ya dek ya!",8.89.1,0,2026-07-08T00:41:43-07:00,Bank Jago,bank_jago,app_store,1539402234
14276535041,Begwowkwv,5,Jago keren,Sangat memuaskannnnnn bank termantap,8.89.1,0,2026-07-07T20:46:15-07:00,Bank Jago,bank_jago,app_store,1539402234
14276138346,yanz77,5,Bagus,Simple murah,8.89.1,0,2026-07-07T18:13:45-07:00,Bank Jago,bank_jago,app_store,1539402234
14276121933,Noname sis,5,Komentar,"Free admin tf ke bank manapun, ada kantong2nya untuk nabung, tabungan jg berbunga. Semoga lebih di tingkatkan lg aplikasi dan previlagenya",8.89.1,0,2026-07-07T18:07:37-07:00,Bank Jago,bank_jago,app_store,1539402234
14275959332,Reminoii,3,Crash,"App crash terus tiap dibuka, atau tiap beberapa detik setelah dibuka. Tolong segera di fix dong, saya jadi tidak bisa bayar dan menggunakan uangnya karena app nya ga bisa di buka lebih dari 3 detik 🙏",8.89.1,0,2026-07-07T17:05:15-07:00,Bank Jago,bank_jago,app_store,1539402234
14273794626,Haniflope,1,Ga banget,Ga tau tiba tiba keluar sendiri alhasil di apus karna jadi ga bisa di pake pas banget lagi ada uang nya untung bisa lagi lagi darurat kan jadi susah,8.89.1,0,2026-07-07T05:21:48-07:00,Bank Jago,bank_jago,app_store,1539402234
14273680522,MasMudjiS,5,Bank Pas Dihatiku,Bank ini ternyata bank yang selama ini saya cari karena bisa mengalokasikan dana di kantong - kantong rekening yang saya inginkan. Kantong Rekening inipun kita bisa kasih nama sesuai keinginan kita. Semakin banyak kantong rekening kita semakin banyak uang yang berdatangan. Rejeki uang menarik uang. Ini hukum alam. Percayalah. Bismillah banyak dan berkah,8.89.1,0,2026-07-07T04:44:50-07:00,Bank Jago,bank_jago,app_store,1539402234
14273306952,Adirahmat,5,Okeee,Mantap👍👍,8.89.1,0,2026-07-07T02:25:53-07:00,Bank Jago,bank_jago,app_store,1539402234
14272544242,snzz4176,5,sukaa sukaa,sejauh ini pake sangat membantu,8.89.1,0,2026-07-06T20:55:39-07:00,Bank Jago,bank_jago,app_store,1539402234
14272333880,Itsmeanp,3,Transaksi,Saya melakukan transaksi dari bank untuk ewallet namun di bank saldo sudah terpotong di ewallet belum masuk,8.89.1,0,2026-07-06T19:31:43-07:00,Bank Jago,bank_jago,app_store,1539402234
14270812060,Daniel0883727,2,Pinjaman,Pinjaman saya tidak pernah ada padahal saya sering deposit saham ke bank ini,8.89.1,0,2026-07-06T10:28:33-07:00,Bank Jago,bank_jago,app_store,1539402234
14269622831,Nasabah.,2,Nasabah,"Transfer uang sering pending. saat di hubungi layanan Chat maupun Tlp, samaskali  tidak membantu.",8.89.1,0,2026-07-06T04:34:08-07:00,Bank Jago,bank_jago,app_store,1539402234
14269182698,halahsiehhejej,5,enak buat simpen uang,"gratis buat transfer ke bank mana pun keren ,cuma kadang gagal transaksinya tapi bakalan balik lagi 24jam",8.89.1,0,2026-07-06T01:42:14-07:00,Bank Jago,bank_jago,app_store,1539402234
14268767055,GreyGoose91,5,Request feature,"Poket savings, poket valas, jangan diinclude ke My Pockets dong, taro di Investment aja",8.89.1,0,2026-07-05T22:39:45-07:00,Bank Jago,bank_jago,app_store,1539402234
14267928593,alawi_123,1,Always force close,"when I open the app, it always force closed after 5 seconds",8.89.1,0,2026-07-05T17:01:13-07:00,Bank Jago,bank_jago,app_store,1539402234
14267001344,umairoh khotimah,5,👍🏻👍🏻👍🏻🫰🏻,maatppp,8.89.1,0,2026-07-05T11:26:13-07:00,Bank Jago,bank_jago,app_store,1539402234
14265654170,Uybuybyubuyb,1,Dongo,"Aplikasi anjing, verifikasi gagal terus ngentot",8.89.1,0,2026-07-05T04:38:40-07:00,Bank Jago,bank_jago,app_store,1539402234
14264499434,TimothySA,1,Lupa Pw,"gimana nih, saya lupa pw sudah masukin nomor hp dan nik tapi ga ditemukan, paksa suruh masukin itu terus sampai diblokir sejam hadeh",8.89.1,0,2026-07-04T20:49:44-07:00,Bank Jago,bank_jago,app_store,1539402234
14262048088,Pannd123,5,Ga nyangka,Terbaiklah,8.89.1,0,2026-07-04T06:19:54-07:00,Bank Jago,bank_jago,app_store,1539402234
14261509099,HariatiNurK,1,Bug session ended tiap login,"Setiap saya masukan PIN untuk login, 1 detik setelah login selalu otomatis session ended dan kelogout sendiri. Sudah 3 hari ini seperti itu, saya jadi tidak bisa pakai jago, padahal sebelumnya lancar lancar aja. Mohon diperbaiki",8.89.1,0,2026-07-04T03:18:33-07:00,Bank Jago,bank_jago,app_store,1539402234
14261408094,GJL4S,5,mantap,mantap,8.89.1,0,2026-07-04T02:39:35-07:00,Bank Jago,bank_jago,app_store,1539402234
14260922872,Boydfgg,5,Fitur layanan,"Fitur saving bagus, rate cukup tinggi",8.89.1,0,2026-07-03T23:25:57-07:00,Bank Jago,bank_jago,app_store,1539402234
14260811576,Dindinwoy,5,👍🏻,Verry good apps,8.89.1,0,2026-07-03T22:40:03-07:00,Bank Jago,bank_jago,app_store,1539402234
14260765161,dsinty,5,baguss,mantap bgt fiturnya cepat dan aman,8.89.1,0,2026-07-03T22:20:48-07:00,Bank Jago,bank_jago,app_store,1539402234
14260479846,Skylixxxx,5,Terbaikkkkk,Transaksi apapun jadi mudahh,8.89.1,0,2026-07-03T20:26:44-07:00,Bank Jago,bank_jago,app_store,1539402234
14260253940,kamalreviewappstore,1,Latest version crashed a lot,Keep crashing when just navigating the app,8.89.1,0,2026-07-03T19:01:52-07:00,Bank Jago,bank_jago,app_store,1539402234
14257525662,ajahahsbndanba,1,Payah...Gak bisa pindah dana dari rekening jagoo ke rekening bank/qrris/e wallet,Tolong lah perbaiki,8.89.1,0,2026-07-03T04:18:16-07:00,Bank Jago,bank_jago,app_store,1539402234
14256962931,rrnyy,5,saran,"bagus bgtt, min please adain versi ipad",8.89.1,0,2026-07-03T00:42:43-07:00,Bank Jago,bank_jago,app_store,1539402234
14256617990,homsatunn,5,Featurr,JOSJIS MIN,8.89.1,0,2026-07-02T22:21:22-07:00,Bank Jago,bank_jago,app_store,1539402234
14254145167,zzffihj,1,Bug IOS,"Force close / nutup sendiri, padahal belum sempet klik menu. Mohon segera diperbaiki.",8.89.1,0,2026-07-02T08:16:16-07:00,Bank Jago,bank_jago,app_store,1539402234
14252837961,om why,1,Aplikasi tidak bisa di buka,"Aplikasi tidak bisa di buka , tiba2 ngelag di IOS",8.89.1,0,2026-07-02T01:29:26-07:00,Bank Jago,bank_jago,app_store,1539402234
14252532946,maudisikucing,1,Jangan dipake jelek bgt,"Jangan dipake bank ini, call centernya gabisa dhubungin, dr applikasi wa jg lambat bgt responnya, iklan gembor dmn2 percuma kalau masih bobrok gini.",8.89.1,0,2026-07-01T23:25:26-07:00,Bank Jago,bank_jago,app_store,1539402234
14251972190,Justcallmeaf,4,Get 50k together,Tambahin kode refferalku dong guys NUR6267F biar kita bisa sama-sama dapet 50k✨,8.89.1,0,2026-07-01T19:46:12-07:00,Bank Jago,bank_jago,app_store,1539402234
14251782809,Vahresh,2,Bug update,"makin berat di iph x buat login di pin interface awal, setelah masuk ga lama force close, fix bugs/downgrade min supaya makin ringan kaya dulu",8.89.1,0,2026-07-01T18:38:30-07:00,Bank Jago,bank_jago,app_store,1539402234
14251575844,Nornoru,1,Forceclose terus,Di ip XS force close mulu tolong perbaiki,8.89.1,0,2026-07-01T17:23:46-07:00,Bank Jago,bank_jago,app_store,1539402234
14248673082,I Putu Purwata,1,"Pelayanan cs buruk, perihal meminta rekening koran","Nasabah domisili luar jakarta saat meminta rek koran dipersulit, tidak di akomodir dan dibantu. Cs slow respon dan tidak punya itikad baik memberikan solusi.

Diminta ke kantor langsung buat ambil, ini bank digital apa konvensional?",8.89.1,0,2026-07-01T02:03:24-07:00,Bank Jago,bank_jago,app_store,1539402234
14248338263,fazri.hermaw4n_,1,Bug,perbaiki bug nya di iphone 13 sering force closed,8.89.1,0,2026-06-30T23:50:59-07:00,Bank Jago,bank_jago,app_store,1539402234
14248072039,JagoUser08,5,Cool Apps,Nice and simple apps to use,8.89.1,0,2026-06-30T22:05:31-07:00,Bank Jago,bank_jago,app_store,1539402234
14247239314,Prazt13,5,Jago,"Sangat membantu, trf antar bank gratis",8.89.0,0,2026-06-30T17:09:12-07:00,Bank Jago,bank_jago,app_store,1539402234
14245514851,Somexxxxxxx,5,Rekomend,rekommm bank Jago ekosistemnya lengkap ke gopay ke bibit&stockbit…. trus ada fitur kantongnya juga.. ada bonus 50K pake kode “BAGDA655”,8.89.0,0,2026-06-30T08:08:24-07:00,Bank Jago,bank_jago,app_store,1539402234
14245241572,Khairina Dynanti,5,"Mudah di Akses, pocket juga keren",Fitur poket saya paling sukaa,8.89.0,0,2026-06-30T06:58:44-07:00,Bank Jago,bank_jago,app_store,1539402234
14245213391,Senahanifu,1,Sering crash/force close,"Buka aplikasi nya langsung crash/force close, tolong diperbaiki. Saya mau transfer gabisa gara gara ini",8.89.0,0,2026-06-30T06:51:31-07:00,Bank Jago,bank_jago,app_store,1539402234
14243823799,briandomani88,5,Jago kali emang,Mantap,8.89.0,0,2026-06-29T22:51:19-07:00,Bank Jago,bank_jago,app_store,1539402234
14243104748,Mr. Hide 😎,1,Force close,"Setelah update di versi 8.89.0 malah force close terus tidak bisa digunakan, tolong segera diperbaiki !",8.89.0,0,2026-06-29T18:14:13-07:00,Bank Jago,bank_jago,app_store,1539402234
14242481017,bayukurniawan,1,Force Close Sendiri,"buka aplikasi Stuck di logo doang, aduh gajelas banget bank nya",8.89.0,0,2026-06-29T14:14:36-07:00,Bank Jago,bank_jago,app_store,1539402234
14242138873,Yere2000,1,Penipuan hati” bank ini mengambil uang yang bukan haknya dengan cara memblokir akun anda secara tiba,Ganti versi makin parah bug,8.89.0,0,2026-06-29T12:17:26-07:00,Bank Jago,bank_jago,app_store,1539402234
14241795063,Rdithg,1,Undang teman namun reward nya ga ada,"Susah payah saya bujuk teman saya agar mau download jago untuk mendapatkan reward nya, namun nyata nya reward tersebut tidak masuk dengan akal-akalan tidak memenuhi syarat, saran saya mending pake bank digital lain, jangan mau pake aplikasi ini",8.89.0,0,2026-06-29T10:29:06-07:00,Bank Jago,bank_jago,app_store,1539402234
14241666011,cvgtyyser,1,Stupid app,Keep bringing me to onboarding and never let me finish registration like what do you want me to do?!,8.89.0,0,2026-06-29T09:51:31-07:00,Bank Jago,bank_jago,app_store,1539402234
14241312642,ctraoktvna,5,Bagus,Keren,8.89.0,0,2026-06-29T08:14:39-07:00,Bank Jago,bank_jago,app_store,1539402234
14239784272,fadelrhd,5,Greatest digital bank,This is my first digital bank n Ive been using this bank Jago for years n Ive never encountered any issues. Keep up the good work!,8.89.0,0,2026-06-28T23:57:48-07:00,Bank Jago,bank_jago,app_store,1539402234
14236855920,si bolo,1,ga bisa masuk akun sendiri,"udh login pakai no hp ga bisa,pakai email sendiri jga ga bisa,ganti sandi pakai email pakai nik pakai no ponsel jga ga bisa mksd ny apa si.",8.89.0,0,2026-06-28T06:25:05-07:00,Bank Jago,bank_jago,app_store,1539402234
14235847957,Mellowbyte,1,Force Close,"Sering force close, udah update ke versi 8.89.0(10179) pun masih tetep aja. Transaksi jadi terhambat",8.89.0,0,2026-06-28T00:20:14-07:00,Bank Jago,bank_jago,app_store,1539402234
14234338638,ridiar47,1,Bug,Bug bug bug bug loll,8.89.0,0,2026-06-27T14:36:26-07:00,Bank Jago,bank_jago,app_store,1539402234
14233018555,MNKhoir,5,Service,Simple and good,8.89.0,0,2026-06-27T07:32:06-07:00,Bank Jago,bank_jago,app_store,1539402234
14232435991,Mazerdgf,1,Bank rampok,Masa tiba2 keblokir akun gw mana udah 3 hari ga ada kabar ampas banget mending sebank guys,8.89.0,0,2026-06-27T04:34:20-07:00,Bank Jago,bank_jago,app_store,1539402234
14232341548,Ardinianisasi,5,Its getting slower,Its getting slower by day. They should drop the entrance pop up as well. Its getting annoying,8.89.0,0,2026-06-27T04:01:13-07:00,Bank Jago,bank_jago,app_store,1539402234
14231850579,thomasherda,5,"Simple, Smart, and Customizable","So far, this is the best digital banking app I’ve used. It’s highly customizable, so I can organize it the way I like, and the interface stays clean with minimal distractions. Smooth, intuitive, and a pleasure to use.",8.89.0,0,2026-06-27T00:56:48-07:00,Bank Jago,bank_jago,app_store,1539402234
14231458699,achaisah,1,Data gak masuk akal,belum pernah bikin akun bang jago tapi di nik tulisannya akun sudah terdaftar diakun lain gimana sih hadeh,8.89.0,0,2026-06-26T22:19:36-07:00,Bank Jago,bank_jago,app_store,1539402234
14231305830,jago sampah,1,aplikasi dongo,"password udah bener pas mau tf , masukin password katanya salah , udah gitu malah sering mengunci akun , najis najis developer sampah , pemrograman key sampah , sampah lo semua , sampah sampah",8.89.0,0,2026-06-26T21:18:44-07:00,Bank Jago,bank_jago,app_store,1539402234
14230891984,EdyESP,1,Tidak bisa transfer selalu gagal,Mohon di bantu user saya tidak dapat transfer selalu gagal,8.89.0,0,2026-06-26T18:44:31-07:00,Bank Jago,bank_jago,app_store,1539402234
14230752097,ranuuuuush,3,keluar sendiri,kenapa aplikasi keluar sendiri setelah diupdate?,8.89.0,0,2026-06-26T17:54:03-07:00,Bank Jago,bank_jago,app_store,1539402234
14230453417,hedhwjbdowbfqbdiebfieb,4,OTP,"Klo lupa pasword jgn kirimnya ke nomer saja, kasi pilihan email jg biar yang  sdh ga aktif nomernya bisa minta kirimkan ke email.",8.89.0,0,2026-06-26T16:00:48-07:00,Bank Jago,bank_jago,app_store,1539402234
14226961446,demid58,2,force close,setiap 1 menitan force close,8.89.0,0,2026-06-25T19:47:34-07:00,Bank Jago,bank_jago,app_store,1539402234
14225462682,dikaprama,1,Forced Close,Forced Close di Iphone 13 ProMax saya,8.89.0,0,2026-06-25T10:37:05-07:00,Bank Jago,bank_jago,app_store,1539402234
14224449089,dede ineon,1,Bug,harusnya kalau ada update kasih pemberitahuan di aplikasinya ini udah update masukin pin ttp bug help🥲,8.89.0,0,2026-06-25T05:39:56-07:00,Bank Jago,bank_jago,app_store,1539402234
14224290086,gus pascima,4,Masukan,Tolong tambah fitur catatan pada transaksi. Bukan hanya kategori,8.89.0,0,2026-06-25T04:50:29-07:00,Bank Jago,bank_jago,app_store,1539402234
14223685869,Sugihan998,3,Exit sendiri,Kenapa sekarang sering exit sendiri yaaa?,8.89.0,0,2026-06-25T00:54:05-07:00,Bank Jago,bank_jago,app_store,1539402234
14223346989,Cynux911,1,Aplikasi gampang error dan pending transaksi,Sejak ganti ke logo baru jdi sering error dan transfer ke bri jdi error. Klo dah dibenerin dan transfer ga pending baru aku perbaiki penilaian,8.89.0,0,2026-06-24T22:22:18-07:00,Bank Jago,bank_jago,app_store,1539402234
14223079475,Avril183,5,Fixed,Fixed,8.88.1,0,2026-06-24T20:28:02-07:00,Bank Jago,bank_jago,app_store,1539402234
14221589659,rahayudewi,1,bintang 0,"aplikasi terlalu mudah memblokir pengguna asli karna masalah sepele login berulang,padahal karna sinyal,bintang 0,dan sampai saat ini uang saya belum bisa di ambil dan belum bisa login,uang di pakai untuk sehari” malah tertahan,tidak akan pernah pakai bank ini lagi tidak mau tidak lagi!!!.",8.88.1,0,2026-06-24T11:17:23-07:00,Bank Jago,bank_jago,app_store,1539402234
14220436734,jdjfnci,1,Pihak Bank Jago yang tidak professional,"Rekening saya diblokir dan ditutup sepihak oleh bank jago. Saya sudah berkali kali meminta kejelasan masalahnya apa, mereka tidak menjelaskan apa apa. Tetapi langsung menutup rekening saya. Sungguh sangat menyesalkan",8.88.1,0,2026-06-24T05:33:46-07:00,Bank Jago,bank_jago,app_store,1539402234
14220225079,Gokong129,1,Baru bikin akun di blokir,Gimana ini bank akun saya baru bikin bisa masuk aman aman ajah pas ada yang tf uang masuk tiba tiba nggak bisa di tf nggak bisa masuk login uang sudah nyangkut di dalamnya gimana ini,8.88.1,0,2026-06-24T04:24:32-07:00,Bank Jago,bank_jago,app_store,1539402234
14219328283,Phenyok,1,Crash terus,Update terakhir crash terus nih,8.88.1,0,2026-06-23T22:03:22-07:00,Bank Jago,bank_jago,app_store,1539402234
14219109497,melalulalang,1,force close,"selalu force close ketika ingin input nominal, tolong itu yg megang mobile devnya pecat aja, jangan keseringan vibe coding.",8.88.1,0,2026-06-23T20:32:32-07:00,Bank Jago,bank_jago,app_store,1539402234
14218383968,ArisRuslie,1,Kendala,Tolong diperbaiki aplikasinya. Di ios versi 26.5 force close tidak bisa buat transaksi,8.88.1,1,2026-06-23T15:36:40-07:00,Bank Jago,bank_jago,app_store,1539402234
14216164701,Venzo Zufar,1,Forced close,Per 23 juni ini app nya forced close terus. Please fix dong. Thanks,8.88.1,0,2026-06-23T03:20:43-07:00,Bank Jago,bank_jago,app_store,1539402234
14213089927,aleynuy,5,bank aman,"so far so good nggak ada kendala tapi masih harus meyesuaikan sm fitur nya, karena first time pake bank ini",8.88.1,0,2026-06-22T07:36:38-07:00,Bank Jago,bank_jago,app_store,1539402234
14211496074,Zbshenwk,3,Force Closed,"Belakangan appsnya forced closed mulu, tolong dibenerin dong",8.88.1,0,2026-06-21T20:57:00-07:00,Bank Jago,bank_jago,app_store,1539402234
14208924826,Nugaa28,3,Bug? Atau belum optimal?,"Pada update an terbaru ini aplikasi sering mengalami kendala force close, bukan hanya pada perangkat saya tetapi juga pada beberapa rekan saya.

Mau bayar qris, transaksi TF, dsj seringkali force close sebelum memasukkan pin.",8.88.1,0,2026-06-21T05:39:10-07:00,Bank Jago,bank_jago,app_store,1539402234
14208724209,pritjwus,1,mengapa,kok punya saya pas di buka keluar sendiri mulu ya,8.88.1,0,2026-06-21T04:28:22-07:00,Bank Jago,bank_jago,app_store,1539402234
14208512738,prsn__0,1,bug aplikasi,"aplikasi apa ini? tiap buka apk ny selalu nge stuck di logo dan tiba tiba keluar, seperti itu trs, transaksi jd ga efisien, apalagi klo lg buru buru, ga bangett, tolong perbaiki lagi",8.88.1,1,2026-06-21T03:04:04-07:00,Bank Jago,bank_jago,app_store,1539402234
14208408567,gilang311,1,force close,force close terus,8.88.1,0,2026-06-21T02:20:23-07:00,Bank Jago,bank_jago,app_store,1539402234
14207599901,Debora des,1,Bunga flat gak pakai otak,Gila ni app,8.88.0,0,2026-06-20T20:27:39-07:00,Bank Jago,bank_jago,app_store,1539402234
14206112262,Sherin manroe,5,Bank jago mantap,Uang gua berbunga terus nambah2 terus nyaman pakai bank jago semoga selalu terpercaya bagi pengguna bank jago  hidup bank jago yang penuh cinta🥰,8.88.0,0,2026-06-20T10:52:37-07:00,Bank Jago,bank_jago,app_store,1539402234
14205863552,OKY AGUSTA,5,Pelayanan aplikasi,"Sangant baik, pertahankan",8.88.0,0,2026-06-20T09:34:13-07:00,Bank Jago,bank_jago,app_store,1539402234
14205658071,BocahLinux,1,Force Close,"Per tanggal 20 juni 2026 pukul 22:30
Tidak ada perbaikan selama seminggu terkahir setelah update terakhir
Aplikasi selalu crash, force close setelah login beberapa detik.
Device yang digunakan iphone 15",8.88.0,0,2026-06-20T08:32:12-07:00,Bank Jago,bank_jago,app_store,1539402234
14205600987,Aryagunakomtol,1,Ampas kek yang bikin,"Kalo bisa kasih 0.5 bintang bakal gw dah, saldo nggak cukup saat melakukan pembayaran bukannya di kasih peringatan, saldonya malah di kurangi? Situ mau malak secara halus atau gimana?",8.88.0,0,2026-06-20T08:15:28-07:00,Bank Jago,bank_jago,app_store,1539402234
14205579754,Umar Fadhil Asadullah,5,Advice,Please provide a QR code feature for payments and transfers.,8.88.0,0,2026-06-20T08:09:15-07:00,Bank Jago,bank_jago,app_store,1539402234
14203669146,abhejekdkdkakala,1,-,tiap mau transaksi force closed terus,8.88.0,0,2026-06-19T20:08:33-07:00,Bank Jago,bank_jago,app_store,1539402234
14203131927,Papii_Hanss,5,"Bagus, aplikasi nya mudah di mengerti..","Semakin di tingkatkan lagi, semoga bank jago semakin berkembang dan berjaya..",8.88.0,0,2026-06-19T16:39:22-07:00,Bank Jago,bank_jago,app_store,1539402234
14202077674,Anonim5555@,3,Lihat ini,Kenapa setelah update gampang keluar sendiri? Please notice,8.88.0,0,2026-06-19T10:21:54-07:00,Bank Jago,bank_jago,app_store,1539402234
14200554802,Dr01966,5,Good,Aplikasiny bagus semoga lebih bagus untuk kedepannya,8.88.0,0,2026-06-19T02:05:33-07:00,Bank Jago,bank_jago,app_store,1539402234
14200431342,Nyonya besar223,1,Bank dengan pelayanan terlama,Gak bisa log in ke akun  udah ada satu minggu g ada kepastian disuruh nunggu2 kayaknya dari bank lain ga selama ini deh ngurus ga bisa masuk akun sampe ada yang dua minggu aja belum jadi heran gw,8.88.0,0,2026-06-19T01:10:01-07:00,Bank Jago,bank_jago,app_store,1539402234
14199507604,JavierIgnatius,5,The best,Gak pake ribet 👍👍👍,8.88.0,0,2026-06-18T18:34:13-07:00,Bank Jago,bank_jago,app_store,1539402234
14197881764,Djajjaj998,1,Sering force close,"Apaan ini sering force close ga jelas, di saat mau bayar tbtb force close benerin dlu",8.88.0,0,2026-06-18T09:01:42-07:00,Bank Jago,bank_jago,app_store,1539402234
14197716255,wandudu_,5,Serba ada,"Fitur-fiturnya menurutku memang dibuat sesuai kebutuhan pengguna sehari-hari. Nggak cuma fokus di transfer, tapi juga banyak layanan lain yang berguna.",8.88.0,0,2026-06-18T08:14:20-07:00,Bank Jago,bank_jago,app_store,1539402234
14197505616,Rifki firmansyah,5,keren,keren sangat aplikasi ini,8.88.0,0,2026-06-18T07:14:25-07:00,Bank Jago,bank_jago,app_store,1539402234
14196977303,jvsgamma elsatya,3,Update per 18 juni restart terus,Plis…:perbaiki,8.88.0,0,2026-06-18T04:29:29-07:00,Bank Jago,bank_jago,app_store,1539402234
14196153191,Humanerrorxx,2,Login Ulang,kenapa setiap buka app harus login ulang dan verifikasi segala macem mala bikin ribet asli,8.88.0,0,2026-06-17T22:29:51-07:00,Bank Jago,bank_jago,app_store,1539402234
14195607020,gulamula,1,CRASH,SELALU CRASH DI VERSI TERBARU,8.88.0,0,2026-06-17T18:36:04-07:00,Bank Jago,bank_jago,app_store,1539402234
14193295024,Pengguna Jago,1,Force Close,"Aplikasi force close kak, tolong di fix. Posisi di iphone 13 ios 26.5",8.88.0,0,2026-06-17T05:45:35-07:00,Bank Jago,bank_jago,app_store,1539402234
14191935928,Agustinus Theodorus,1,Aplikasi gak bisa digunakan,"Aplikasinya sering error gak bisa transfer uang dan auto top up selalu gak berfungsi.

Kartu ATM digitalnya juga gak semudah dipakai diluar negeri seperti bank BCA",8.88.0,0,2026-06-16T20:19:35-07:00,Bank Jago,bank_jago,app_store,1539402234
14191335701,sang pemakai apk,4,"keluar aplikasi terus ini cuma dalam 6 detik langsung keluar dengan sendirinya gara"" pembaruan ini",klw ada kendala tolong lah bagi para pengembang dibenarkan lagi apk ini mau transaksi tidak bisa terus ujungnya keluar lagi bikin pusing ini,8.88.0,0,2026-06-16T16:27:59-07:00,Bank Jago,bank_jago,app_store,1539402234
14190072115,aripgege0987,1,lawaak penganan nya lama dan semena mena aja,gua lupa pw sama nomor lartu identitas iden gua gabisa anjir di ubah kan lawak,8.88.0,0,2026-06-16T09:21:25-07:00,Bank Jago,bank_jago,app_store,1539402234
14189361772,AYRUS SURYA,5,BAGUS,"BAGUS, BERGUNA SEKALI",8.88.0,0,2026-06-16T05:47:55-07:00,Bank Jago,bank_jago,app_store,1539402234
14188131047,rhezka,1,Close sendiri,"Update nya di beberapa versi akhir malah bikin aplikasinya close sendiri. Tolong donk dana saya dipercayakan disini semua, sekarang gak bisa diapa2in. Saya pemakai iphone lama dengan ios lawas.",8.88.0,0,2026-06-15T20:57:44-07:00,Bank Jago,bank_jago,app_store,1539402234
14187448572,Rrsafitridm,5,Selalu kelogout,Kayaknya lagi pada komplain tentang apps nya yang sering force close dan crash ya??? Me tooo ak jg ngalamin dan nyusahin bangetttt,8.87.2,0,2026-06-15T16:20:24-07:00,Bank Jago,bank_jago,app_store,1539402234
14187312697,@.asu,1,aneh,gajelas,8.87.2,0,2026-06-15T15:26:57-07:00,Bank Jago,bank_jago,app_store,1539402234
14186061079,siafk,1,Malu maluin,"Malu banget pakai bank jago, jadi ceritanya mau bayar pakai qris dari bank jago totalan belanjan 3jt, udeh tuh ke scan, harusnya pas klik bayar muncul pin kan, ehhhh bukannya muncul pin tapi malah password. Heiiiiiii saya belum nyoba pin udah diminta password😡, tauuu gaa password yang aku masukin salah terus mungkin saking gugup nya, terus aku klik lupa password ternyata verifikasi harus video call dong sama CS… ampunnnnn malu maluin mana di tungguin pembayaran, dan yang lebih gong nya di tempat umum CS minta verifikasi sambil pegang KTP….YAAAA KTP malu bangettttt dikira mau pinjol dulu bayar belanjaan 😤 padahal tabungan sendiri tapi kek ngutang, verifikasi ribetttttt dan malu maluin😭😭",8.87.2,0,2026-06-15T08:38:01-07:00,Bank Jago,bank_jago,app_store,1539402234
14185427672,Indakoooo,5,Sangat baik,"Sangat membantu untuk transaksi gratisss biaya admin, semoga makin berkembang kedepan nya",8.87.2,0,2026-06-15T05:28:54-07:00,Bank Jago,bank_jago,app_store,1539402234
14183867754,CAUXAU30,2,GANGGUAN BANGET,"Capek ah banyak lag, apalagi jago syariah. Padahal udah deket banget sama wifi. Ribet ah",8.87.2,0,2026-06-14T18:21:05-07:00,Bank Jago,bank_jago,app_store,1539402234
14182371355,shafanik,5,review,amanah,8.87.2,0,2026-06-14T09:31:55-07:00,Bank Jago,bank_jago,app_store,1539402234
14182121170,fahhsbzbaj,1,Hmmm,Malas banget harus verifikasi via vc padahal cuma lupa passwd,8.87.2,0,2026-06-14T08:17:39-07:00,Bank Jago,bank_jago,app_store,1539402234
14180161582,fxsurya27,1,"Akhir ini mau login lama dan crash sendiri, perbaiki donk tim developer ios",Crash,8.87.2,0,2026-06-13T19:43:38-07:00,Bank Jago,bank_jago,app_store,1539402234
14180128971,Danielprast,3,Tidak bisa pakai koneksi wifi,"Setelah update ke versi 8.87.2, saya harus pakai koneksi cellular untuk bisa mengakses appnya, kalau pakai wifi dianggap tidak ada internet, padahal di versi sebelumnya bisa. Mohon segera dibenahi.",8.87.2,0,2026-06-13T19:30:42-07:00,Bank Jago,bank_jago,app_store,1539402234
14179454633,Muhamad Harist Khwarik,1,Gabisa transfer,Kenapa ya saya gabisa transfer sama sekali mohon bantuannya tolong,8.87.2,0,2026-06-13T15:05:46-07:00,Bank Jago,bank_jago,app_store,1539402234
14178793664,Mwhys,3,Wrong Deeplink Destination,"Dear abang2 FE, deeplink component Modal yang ada di home dashboard nya salah navigate bang kalau kondisi nya punya app (bank) Jago dan (kopi) Jago, jadinya pas di pencet malah navigate nya ke apps kopi jago akwokaowko",8.87.2,0,2026-06-13T11:12:48-07:00,Bank Jago,bank_jago,app_store,1539402234
14178289171,awokawok gw serius,5,Fleksibel,tampilan aesthetic keren,8.87.2,0,2026-06-13T08:36:55-07:00,Bank Jago,bank_jago,app_store,1539402234
14178119421,Ade Dyas,1,Force close,Apps selalu force close,8.87.2,0,2026-06-13T07:47:16-07:00,Bank Jago,bank_jago,app_store,1539402234
14177839814,JulioVanca,3,FC di ip 12,Gatau kenapa saat dibuka tbtb fc,8.87.2,0,2026-06-13T06:25:19-07:00,Bank Jago,bank_jago,app_store,1539402234
14176938637,suckitandchill.,1,Latest update,Force close mulu bangsat.,8.87.2,0,2026-06-13T00:51:12-07:00,Bank Jago,bank_jago,app_store,1539402234
14176310401,Nobikun22,1,Force close iphone 14 pro,Udah ganti logo tp bug force close di iphone 14 pro masih blm di fix? Gilaaa,8.87.2,0,2026-06-12T20:19:57-07:00,Bank Jago,bank_jago,app_store,1539402234
14176252484,nabillacantik,5,transaksi,"bagus , sangat praktis untuk transaksi apapun dari e-wallet hingga ke sekuritas cocok dan gampang💕",8.87.2,0,2026-06-12T19:56:46-07:00,Bank Jago,bank_jago,app_store,1539402234
14175859429,bloomert,2,Bolak balik log out,"kemarin suka pake, skrg keluar” mulu kayak baru awal download lagi mau payment jadi makan waktu depan kasir aku hapus ngga seneng",8.87.2,0,2026-06-12T17:24:55-07:00,Bank Jago,bank_jago,app_store,1539402234
14175733323,KokomWe,5,Pindah dari si oren,"Kayanya si ini lumayan oke ya, tapi coba tambahin fitur pendidikan buat bayar spp kuliah. Soalnya disini kayanya belum ada ya",8.87.2,0,2026-06-12T16:34:59-07:00,Bank Jago,bank_jago,app_store,1539402234
14174504405,cgrhwrqgghu,5,U,Berguna kali untuk atur keuangan untuk aku yg susah ngatur keuangan🫰🏻,8.87.2,0,2026-06-12T09:29:37-07:00,Bank Jago,bank_jago,app_store,1539402234
14174177307,Doni aja,1,Belom ada tindakan,Akun saya tidak bisa login kembali saya sudah minta tolong untuk ubah nomor lama saya sudah tidak aktif lagi dan minta di ubah tolong ini min,8.87.2,0,2026-06-12T07:58:55-07:00,Bank Jago,bank_jago,app_store,1539402234
14174146494,Yeizzy,5,Tambahin QRIS Bayar biar bisa di scan kita,Tambahin QRIS Bayar biar bisa di scan kita engga nge scan terus,8.87.2,0,2026-06-12T07:50:50-07:00,Bank Jago,bank_jago,app_store,1539402234
14173636717,benipranata,1,Last update fc terus,"Benerin bang, duit gue disitu semua",8.87.2,0,2026-06-12T05:27:31-07:00,Bank Jago,bank_jago,app_store,1539402234
14173575618,Rulandika90,1,Crash Bolak Balik,Terpaksa kasih bintang satu soalnya tiap buka loadingnya lama & crash,8.87.2,0,2026-06-12T05:07:51-07:00,Bank Jago,bank_jago,app_store,1539402234
14173402419,Delvi surya risky,5,Good and easy payment,I hope in future the bank can show our QR payment,8.87.2,0,2026-06-12T04:08:07-07:00,Bank Jago,bank_jago,app_store,1539402234
14173358767,Istiasih,1,"Setelah 5 detik selalu fc, uang saya nyangkut",Update terakhir,8.87.2,0,2026-06-12T03:51:53-07:00,Bank Jago,bank_jago,app_store,1539402234
14173201773,Pengguna aplikasi blubird,1,Setiap mau login harus verifikasi call,"Aplikasi idiot, mau login aja susah bener",8.87.2,0,2026-06-12T02:49:23-07:00,Bank Jago,bank_jago,app_store,1539402234
14173075385,Woyiyy,1,Bank jago,"Hati” guys uangku udah hilang lumayan banyak, bijak” dalam memilih bank",8.87.2,0,2026-06-12T01:54:18-07:00,Bank Jago,bank_jago,app_store,1539402234
14172764453,cewemasjawa,4,Bugs,"Update ini banyak bug, aplikasi sering keluar otomatis",8.87.2,0,2026-06-11T23:30:08-07:00,Bank Jago,bank_jago,app_store,1539402234
14172713678,lemonsugar277,5,JADI MUDAH KELOLA UANG,"Baru kali ini nemu aplikasi se-usefull ini pls. UI/UX nya oke banget sangat efektif. Kelola uang jadi gampang. Bunga tabungan lumayan, bikin kartu secara online juga bisaa SUKA BGT BUAT YANG MALES KELUAR RUMAH⭐️⭐️⭐️⭐️⭐️",8.87.2,0,2026-06-11T23:06:28-07:00,Bank Jago,bank_jago,app_store,1539402234
14172417153,fattih gamteng,1,JELEK,"abis update malah aplikasinya suka keluar"" sendiri ga jelas",8.87.2,0,2026-06-11T20:49:54-07:00,Bank Jago,bank_jago,app_store,1539402234
14172195128,nolpixel,1,Force Close!,Ini kenapa jadi sering force close mulu!,8.87.2,0,2026-06-11T19:17:21-07:00,Bank Jago,bank_jago,app_store,1539402234
14172044476,Frediant,1,Soo Buggy,I can't have 1 normal flow without the app lagging or force closing,8.87.2,0,2026-06-11T18:17:35-07:00,Bank Jago,bank_jago,app_store,1539402234
14171674540,Capunglincah,3,Versi update = zonk,"Tolong perbaiki aplikasinya ya, semenjak update ke versi terbaru malah logout terus, login perlu masukkan email dan password, fitur face ide jadi tidak berguna sama sekali, sehingga tidak efisien jika sedang mengantri pembayaran. Terimakasih.",8.87.2,0,2026-06-11T15:46:20-07:00,Bank Jago,bank_jago,app_store,1539402234
14170205492,Selppppp,5,Bagusss,"Best sih aman terpercaya limit gede bunga rendah, real ya ini aku jga pake",8.87.2,0,2026-06-11T07:55:36-07:00,Bank Jago,bank_jago,app_store,1539402234
14169869805,nobinemon,1,Selalu force close,Aplikasi bank ga mutu. Perbaikan bug nya lama bgt. Selalu force close saat digunakan. Duit saya ga bisa dipake transaksi apa apa. Trus apa guna nya nabung di jago klo aplikasi nya buggy dan ga ada perbaikan.,8.87.2,0,2026-06-11T06:16:55-07:00,Bank Jago,bank_jago,app_store,1539402234
14169493132,Asqhal Payvey,3,Slow,Tolong bisa diperbaiki performa kecepatan saat app baru dibuka dan meminta Face ID.,8.87.2,0,2026-06-11T04:13:38-07:00,Bank Jago,bank_jago,app_store,1539402234
14169217603,SallyNathania,5,Sangat bermanfaat,Satu-satunya bank yg top up ovo masih gratis admin,8.87.2,0,2026-06-11T02:22:26-07:00,Bank Jago,bank_jago,app_store,1539402234
14168833532,Daniel dick head,2,Logo jelek,"Logo bank jago yang minimalis udah bagus malah diganti jadi kayak gini, icon logonya jelek banget bagusan icon logo sebelumnya yang simple",8.87.2,0,2026-06-10T23:23:01-07:00,Bank Jago,bank_jago,app_store,1539402234
14168669266,efootball tol,1,Lemot,Kalo lagi butuh dana cadangan uang ga bisa diambil karena sering eror,8.87.2,0,2026-06-10T22:06:05-07:00,Bank Jago,bank_jago,app_store,1539402234
14167314590,kurniareza,1,Force close,Semenjak update terbaru sering force close dan hp jadi cepet panas. Dev cepet update sebelum gue tarik semua dana buat pindah bank,8.87.1,1,2026-06-10T12:58:15-07:00,Bank Jago,bank_jago,app_store,1539402234
14166540356,yosepandji,5,A good partner for your business,"It helps my business so much in term of managing different budget for different project. In addition to the plethora of pockets you can have, the price in transfer to other banks is also affordable due to their amazing free transfer fee! No alternative in terms of managing your finance with ease and affordable!",8.87.1,0,2026-06-10T08:50:52-07:00,Bank Jago,bank_jago,app_store,1539402234
14165472848,Dik92,5,Good app,"Bebas biaya trsfer
Pertahankan",8.87.1,0,2026-06-10T03:10:30-07:00,Bank Jago,bank_jago,app_store,1539402234
14164900566,iajhanan,5,mantap,alhamdulillah sangat membantu. tp hadiah 25rb saya blm masuk2 wkwk,8.87.1,0,2026-06-09T22:45:34-07:00,Bank Jago,bank_jago,app_store,1539402234
14164267420,Melina Wati,5,Bagus,Aplikasi bagus,8.87.1,0,2026-06-09T18:12:14-07:00,Bank Jago,bank_jago,app_store,1539402234
14164184211,I wayan hendra,5,Kecewa,Idah pemakaian hampir 1 tahun belom ada fitur pinjaman,8.87.1,0,2026-06-09T17:39:07-07:00,Bank Jago,bank_jago,app_store,1539402234
14161569548,Trianabel,5,Good,"Overall good, ada kantong nya jd goood",8.87.1,0,2026-06-09T02:45:27-07:00,Bank Jago,bank_jago,app_store,1539402234
14161223421,pcdtdtcy,5,oke,"Bagus sih aplikasinya, tapi saya masih mencoba fitur-fiturnya",8.87.1,0,2026-06-09T00:05:24-07:00,Bank Jago,bank_jago,app_store,1539402234
14161138460,Waimww,5,Jago mantap,Keren,8.87.1,0,2026-06-08T23:25:21-07:00,Bank Jago,bank_jago,app_store,1539402234
14160495353,cintaaaaaaaaaaaa,2,gabisa login,"sudah pernah bikin akun, tapi tdk bisa login. coba lupa sandi, tp katanya nik/no hp dan email tsk sesuai. coba bikin akun baru lagi tp katanya nik/no hp dan email sudah terdaftar. tolong saya harus bagaimana",8.87.1,0,2026-06-08T18:43:08-07:00,Bank Jago,bank_jago,app_store,1539402234
14160484115,Avizananta,2,SELALU MEMASUKKAN ID DAN PASS SAAT MEMBUKA,"Kenapa waktu saya mau membuka bank jago, kok disuruh untuk memasukkan id dan pass kembali? Apa data info dari akun saya tidak disimpan atau bagaimana? Sangat buruk dan mempersulit penggunaan aplikasi",8.87.1,0,2026-06-08T18:38:39-07:00,Bank Jago,bank_jago,app_store,1539402234
14159992992,Fahmjiiiiiii,1,Aplikasi tutup paksa sendiri,"Aplikasi saya beberapa hari terkahir sering tutup paksa sendiri, gak hisa dipakai. Mohon bantuannya, kalau sudah oke ratingnya akan saya ubah",8.87.1,1,2026-06-08T15:23:09-07:00,Bank Jago,bank_jago,app_store,1539402234
14159486890,Monitanov,5,Aplikasi anti ribet,"Bagus banget aplikasinya lengkap jd tiap mau transaksi apapun simple aja cari di bank jago ini, mau investasi? Reksa dana, tabungan berjangka semua ada. Gratis biaya admin dan biaya transfer!!",8.87.1,0,2026-06-08T12:20:36-07:00,Bank Jago,bank_jago,app_store,1539402234
14158776669,putera.ch,5,bagus,bagus,8.87.1,0,2026-06-08T08:34:52-07:00,Bank Jago,bank_jago,app_store,1539402234
14158733102,Herbiono,1,error,always forced close when open card info,8.87.1,1,2026-06-08T08:21:51-07:00,Bank Jago,bank_jago,app_store,1539402234
14158004993,syahputman,5,fitur,baguss bgtt bisa dipeta-petain uangnya karna ada fitur kantong,8.87.1,0,2026-06-08T04:33:04-07:00,Bank Jago,bank_jago,app_store,1539402234
14157749689,awkcjs,5,Bank Digital yang Cocok Buat Gen Z,"menurutku ini cocok banget buat kalian yang pengen punya banyak rekening tapi di 1 akun doang, karena menurutku buka baru rekening itu ribet, tapi kalo pake bank jago cukup tambah kantong aja, jadi mempermudah juga, bahkan kita bisa punya banyak kartu juga😆, yg penting kita bijak dalam menggunakan, menurutku itu sangat bantu banget buat manajemen keuangan🫶🏻",8.87.1,0,2026-06-08T02:51:59-07:00,Bank Jago,bank_jago,app_store,1539402234
14156980371,Asep somantri,3,Selalu logout,"Setelah update versi terbaru dan 1 versi sebelumnya akun selalu terlogout sendiri. Saat mau masuk ada keterangan pergunakan device lain. Padahal device yang digunakan HP yang sama. Selalu seperti itu berulang, mohon diselesaikan",8.87.1,0,2026-06-07T20:45:50-07:00,Bank Jago,bank_jago,app_store,1539402234
14156822776,izn7,1,Di ios kenapa ke logout terus,Di ios kenapa ke logout terus,8.87.1,0,2026-06-07T19:36:49-07:00,Bank Jago,bank_jago,app_store,1539402234
14153907787,Herdiawan putra,5,Bank jago paling mangap,Mantapppp,8.87.1,0,2026-06-07T02:29:42-07:00,Bank Jago,bank_jago,app_store,1539402234
14153698303,Melodicxson,5,Enak bgt,"Udah bertahun2 pakai, sangat enak sekali, fitur komplit, sampe punya uang asing juga, pocket2 nya dan free servicenya sangat berguna bgt buat dipakai ngatur keuangan.",8.87.1,0,2026-06-07T01:02:40-07:00,Bank Jago,bank_jago,app_store,1539402234
14153526015,fandyputram,1,Sering kelogout,Belakangan sering banget ke logout. Pas butuh jadi ribet. Fix dulu,8.87.1,0,2026-06-06T23:48:47-07:00,Bank Jago,bank_jago,app_store,1539402234
14152588144,vannnn24,5,bank jago best,"digital bank termantep deh bank jago, udah ga ada biaya endapan ga ada admin admin jugaa kerenn dahh bank jago, semoga selalu inovasi dah",8.87.1,0,2026-06-06T17:12:42-07:00,Bank Jago,bank_jago,app_store,1539402234
14152328689,Rufeto,5,Di mana saja,Transaksi bisa dimana saja untuk beramal dan berbisnis,8.87.1,0,2026-06-06T15:24:40-07:00,Bank Jago,bank_jago,app_store,1539402234
14151475995,Xxxayy,3,Selalu logout,Ini kenapa logout trus? Masa harus verifikasi muka tiap mau buka aplikasi? Semoga segera diperbaiki,8.87.1,0,2026-06-06T10:18:28-07:00,Bank Jago,bank_jago,app_store,1539402234
14151260147,manusiabiasaaja-_-,1,login mulu,"kenapa ni, biasanya aman aja, ini login mulu jadinya, version history kasih tau la isinya apa, apa dev nya vibecoding",8.87.1,0,2026-06-06T09:12:09-07:00,Bank Jago,bank_jago,app_store,1539402234
14151095724,Lailatul Maqhfirohh,5,Bank Jago,Sangat membantu keuangan keluarga.,8.87.1,0,2026-06-06T08:23:50-07:00,Bank Jago,bank_jago,app_store,1539402234
14151019156,Hhhvvjkkk,3,Sering logout sendiri,"Beberapa hari kebelakng jago suka logout sendiri padahal sebelumnya baru selesai transaki, tolong perhatiannya menganggu pengalaman user",8.87.1,0,2026-06-06T08:01:35-07:00,Bank Jago,bank_jago,app_store,1539402234
14150570570,Seisoci,1,Logout2 terus,"Kenapa dah udh login di android dan di iphone, di iphonenya udh login ketika masuk lagi perlu login lagi",8.87.1,0,2026-06-06T05:49:29-07:00,Bank Jago,bank_jago,app_store,1539402234
14150138789,fans berat afif,5,Gratis,teruskan gratis biaya adminnya,8.87.1,0,2026-06-06T03:16:08-07:00,Bank Jago,bank_jago,app_store,1539402234
14149946691,Akashisenju05,5,Highly recommended,Demi apa ada apps sebagus jago ngebantu banget dalam segala hal mana dapet bonus juga lagii bunganya juga bertabur syukak syekaliii❤️❤️❤️,8.87.1,0,2026-06-06T01:57:10-07:00,Bank Jago,bank_jago,app_store,1539402234
14149713760,mhmdrizkii,1,gagal transaksi terus,gagal transaksi terus akun anyar,8.87.1,0,2026-06-06T00:18:55-07:00,Bank Jago,bank_jago,app_store,1539402234
14149705903,cathelaie,2,bug,"saya gatau kenapa jago tuh tiba-tiba ke logout sendiri, bahkan sekarang ga bisa dibuka sama sekali",8.87.1,0,2026-06-06T00:15:32-07:00,Bank Jago,bank_jago,app_store,1539402234
14149460915,raptizy,5,Aplikasi digital yang bagus,"Masukkan kode ini RAFC9989
kalau mau bonus uang yang langsung masuk rekenening anda",8.87.1,0,2026-06-05T22:27:34-07:00,Bank Jago,bank_jago,app_store,1539402234
14148980856,anne alysia,4,update problem,terlalu banyak update,8.87.1,0,2026-06-05T19:05:06-07:00,Bank Jago,bank_jago,app_store,1539402234
14148650726,arsven10,5,Reliable and easy,Keep it up! So comfy,8.87.1,0,2026-06-05T16:56:29-07:00,Bank Jago,bank_jago,app_store,1539402234
14147017113,Ando93729,1,Force close terus,Force close terus di iPhone 12 mini,8.87.1,0,2026-06-05T07:41:03-07:00,Bank Jago,bank_jago,app_store,1539402234
14146663368,MinionFighter17937,1,App terlalu lemot device ip XI masih terasa berat,Kadang kadang traknsaksi suka delay 🤦‍♂️,8.87.1,0,2026-06-05T06:00:11-07:00,Bank Jago,bank_jago,app_store,1539402234
14145876724,gomesgoms,1,selalu login ulang,setiap buka aplikasinya harus login ulang terus. sejak mei 2026 selalu begitu,8.87.1,0,2026-06-05T00:58:54-07:00,Bank Jago,bank_jago,app_store,1539402234
14145687127,HusenZo,1,Bank Jago Lag Bug,"ngelag parag habis update untuk di iPhone sumpah keluar sendiri, saya menyesal ini uang saya taruh di Bank Jago, ayo dong benerin sistemnya",8.87.1,0,2026-06-04T23:29:30-07:00,Bank Jago,bank_jago,app_store,1539402234
14145647710,Fair__Reviewer,1,Selalu Minta Login,"Kenapa sekarang selalu minta login pakai email? Dulu aman aman aja.

Iphone 12 pro max",8.87.1,0,2026-06-04T23:10:47-07:00,Bank Jago,bank_jago,app_store,1539402234
14145363138,bprabawabr,1,Logout mulu,Kenapa logout mulu ya? Loginnya kan ribet.,8.87.1,0,2026-06-04T20:56:47-07:00,Bank Jago,bank_jago,app_store,1539402234
14145230064,sirjoeyds,3,logout terus,kesel bgt awal” ga ada masalah uda percaya sama apk bagus. akhir” ini tiap dibuka pagi hari ternyata udah logout sendiri jadi login lagi. besok gitu lagi logout sendiri. cape harus login mulu. tolong diperbaiki gw uda kesel bgt. kalo gini terus mending pindah bank lain buat transaksi harian,8.87.1,0,2026-06-04T19:57:40-07:00,Bank Jago,bank_jago,app_store,1539402234
14144807160,friskeisks,5,Reliable,Finally a syariah that reliable and great UX,8.87.1,0,2026-06-04T17:03:20-07:00,Bank Jago,bank_jago,app_store,1539402234
14143292935,Syara09,2,Logout terus menerus,"Aku suka Jago tapi please ini kenapa logout terus, kan jadi khawatir, tolong dong pihak developer, tester dll nya fixing yang benar",8.87.1,0,2026-06-04T08:13:44-07:00,Bank Jago,bank_jago,app_store,1539402234
14142917299,MissLilis,5,Review user Jago syariah,"Senang sekali rasanya dengan fitur kantong, sehingga saving menjadi lebih teratur, paling happy karena tidak ada potongan admin tiap bulan malah dapat cashback dari transaksi",8.87.1,0,2026-06-04T06:23:09-07:00,Bank Jago,bank_jago,app_store,1539402234
14142806505,janijey,1,Logout terus,Tolong dicek dan update lagi dong. Sering logout dari akun. Harus log in ulang dan verifikasi data lagi. Susah mau transaksi.,8.87.1,0,2026-06-04T05:49:15-07:00,Bank Jago,bank_jago,app_store,1539402234
14142445104,iyan.tp,1,Apps keep logged out,"Perlu login setiap kali mau dipakai untuk transaksi. Kali ini bahkan lebih buruk lagi diperlukan verifikasi lewat video call dengan menyertakan KTP. Saya paham ini untuk faktor keamanan, tapi perlu login setiap mau buka aplikasi adalah your biggest RED FLAG. Kekecewaan terbesar saya tahun ini jatuh pada Bank Jago. Congrats",8.87.1,0,2026-06-04T03:45:00-07:00,Bank Jago,bank_jago,app_store,1539402234
14142146557,zahraassf,5,Mudah digunakan,"Buat pelajar kayak aku bank jago sih okee bgtt yaa, banyak promonyaa dan beberapa kali gratis tf ke bank lain! juga bbrp kali dapet uang gratis dari jagoo!!! hehehehe thankyouuu!!",8.87.1,0,2026-06-04T01:36:36-07:00,Bank Jago,bank_jago,app_store,1539402234
14141707855,tolong perbanyak dev & qa,1,Crash teross,ngeforce user buat update tapi latest versionnya unstable itu gimana mangsutnya? mana udah 3x ‘hotfix’ masih crash mulu juga😭SONN 😭😭,8.87.1,0,2026-06-03T22:09:47-07:00,Bank Jago,bank_jago,app_store,1539402234
14141650368,IhateDebelopersapps,1,SUDAH 3 HARI FORCE CLOSE,Sudah 3 hari tiap buka apps selalu force close. Please benerin lah. Buat operasional ini. Sangat mengganggu aktivitas kerjaan.,8.87.1,0,2026-06-03T21:42:30-07:00,Bank Jago,bank_jago,app_store,1539402234
14141501635,Sagi goza,1,Kept on signing out,Why do I have to sign in every time I open the app??? Such a hassle,8.87.1,0,2026-06-03T20:34:38-07:00,Bank Jago,bank_jago,app_store,1539402234
14140945114,Ariissw,1,MEMPERSULIT NASABAH,"UNTUK KALIAN YANG BARU MAU COBA INI APLIKASI, SAYA SARANKAN JANGAN. AWALNYA LANCAR. MAKI KESINI APA APA DIPERSULIT. AKUN TIBA TIBA KELUAR. PAS LOGIN NGGA BISA HARUS CALL CS SURUH FOTO SELFIE KTP DLL. SETELAH MASUK AKUN KEMBALI SALDO TIBA TIBA 0 (HILANG). UNTUNG SALDO CUMAN RATUSAN RIBU. 
BUAT KALIAN HATI HATI NYIMPAN DUIT. MENDING NYIMPEN DUIT YANG PASTI PASTI AJA",8.87.1,0,2026-06-03T16:48:04-07:00,Bank Jago,bank_jago,app_store,1539402234
14139627031,wiradwan,5,Bug selalu minta login sudah dibenerin,"Akhirnya bug selalu minta login, verif NIK, dan selfie sudah dibenerin, bener-bener menggangu bgt kemarin",8.87.0,0,2026-06-03T09:03:12-07:00,Bank Jago,bank_jago,app_store,1539402234
14139546775,Taufik Crisnawan Santosa,1,"Force close ios 26,5","Force close ios 26,5 pls check",8.87.0,0,2026-06-03T08:39:13-07:00,Bank Jago,bank_jago,app_store,1539402234
14139537841,Okkyskripsi,5,Repetitively log out,"Halo bank jago, kenapa ya ini sekarang sering sekali log out tiba tiba? Bisa dibantu untuk atasi kendalanya? Apakah ini cuma bug atau kendala di device?",8.87.0,0,2026-06-03T08:36:34-07:00,Bank Jago,bank_jago,app_store,1539402234
14139478136,Septian D,1,Review 06/2026,Sdh pakai dari 2022 tapi akhir-akhir ini pas mau masuk harus diminta no tlp dan password trus merepotkan. Biasanya hanya pin atau face id,8.87.0,0,2026-06-03T08:18:53-07:00,Bank Jago,bank_jago,app_store,1539402234
14138798351,Hizkia Sebastian,1,Logout terus menerus,"Saya mengalami kendala, apps logout terus menerus, sehingga menyulitkan ketika ada transaksi. Kejadian ini terjadi 3 kali dalam sehari, sehingga tidak usable untuk transaksi sehari hari",8.87.0,0,2026-06-03T04:52:57-07:00,Bank Jago,bank_jago,app_store,1539402234
14138562443,kurniartanto,1,Aplikasi kenapa minta login melulu,"Admin tolong diperhatikan, saya kesal kalau tiap mau login harus masukkan username dari awal lagi termasuk harus verif nomor ktp dll. ini relevan kalau dilakukan tiap sebulan sekali bukan tiap hari.",8.87.0,0,2026-06-03T03:27:40-07:00,Bank Jago,bank_jago,app_store,1539402234
14138419836,Farerasr,5,Fitur KANTONG is the best,"Aku langsung tertarik sama kamu karena ada fitur kantong2 nya, jd uangku jelas kemana perginya, ga selalu glondongan kaya bank lain. Aku bisa bagi dana jadi macam2 kebutuhan, kaya dana darurat misalnya. Jos bgt sih.",8.87.0,0,2026-06-03T02:28:08-07:00,Bank Jago,bank_jago,app_store,1539402234
14138414684,Ainunicha,3,Keluhan customer setia,Suka disuruh login ulang terus,8.87.0,0,2026-06-03T02:25:51-07:00,Bank Jago,bank_jago,app_store,1539402234
14138263145,Royhan Anwar,1,Auto Logout After Login,"Tolong setelah login jangan auto logout dan harus login ulang ya, sebelumnya cukup masukan pin sana tidak perlu login ulang. Lumayan tibet untuk dapat OTP dll. Tolong kembalikan masukan pin saja tidak perlu login ulang. Terima kasih",8.87.0,0,2026-06-03T01:17:38-07:00,Bank Jago,bank_jago,app_store,1539402234
14138188694,Kopi Sanger,1,Crash Terus,"Crash terus setelah update, bahkan sebelum login",8.87.0,0,2026-06-03T00:42:56-07:00,Bank Jago,bank_jago,app_store,1539402234
14137998393,Karina Asrimaya,1,Selalau kelogout dan susah login,"Aplikasi sering hang dan ketika login harus verifikasi kyc ulang, major bug jadi gabisa dipake",8.87.0,0,2026-06-02T23:14:30-07:00,Bank Jago,bank_jago,app_store,1539402234
14137888327,Ka_zul,1,error,"transfer gagal terus, uang gw ketahan disini",8.87.0,0,2026-06-02T22:23:41-07:00,Bank Jago,bank_jago,app_store,1539402234
14137702463,Bona.14,1,Gagal konversi ke Jago Syariah,Gagal mulu mau konversi ke Jago Syariah. Maintenance ga kelar2,8.87.0,0,2026-06-02T20:59:54-07:00,Bank Jago,bank_jago,app_store,1539402234
14137418691,Fearsaa74,1,Always force close,force close ios 25,8.86.0,0,2026-06-02T19:02:20-07:00,Bank Jago,bank_jago,app_store,1539402234
14137190929,Alexweq,1,Layanan TF,"Cuma Top Up ke E Wallet kayak Dana aja lama banget LELET, benerin lagi aplikasi lu tu",8.86.0,0,2026-06-02T17:33:21-07:00,Bank Jago,bank_jago,app_store,1539402234
14137136657,Hasnalabibah,5,Hasna,Sejauh ini pakai bank jago aman dan lancar,8.86.0,0,2026-06-02T17:12:02-07:00,Bank Jago,bank_jago,app_store,1539402234
14135644120,Sana Kustjanto,1,Apk gaje,"Apk gajelas disuruh verifikasi wajah abistu dikirim nomer verif nya di no hp doang, terus apa gunanya email ? Kan nomer ge udh ga aktif pas dihubungi disuruh bikin materai lah apalah ribet, padah udah verifikasi wajah, apaan emang gunanya verifikasi wajah sama email kalo masi disuruh bikin surat bermaterai ? Gajelas",8.86.0,0,2026-06-02T08:37:21-07:00,Bank Jago,bank_jago,app_store,1539402234
14135054845,Nbheenn,2,Bad Update,"Habis update aplikasi malah tiap mau login harus verif kode wa terus, ribet",8.86.0,0,2026-06-02T05:44:18-07:00,Bank Jago,bank_jago,app_store,1539402234
14134799676,senggol dongdong,5,Nice,"Bagus fungsional, tapi gatau kenapa tiap login selalu bermasalah mulu jadi harus nunggu beberapa menit untuk normal. tolong diperbaiki❤️",8.86.0,0,2026-06-02T04:19:30-07:00,Bank Jago,bank_jago,app_store,1539402234
14134209282,shameonnia,3,Bug,Update terakhir bikin aplikasinya sering log out setiap keluar dari aplikasi. Padahal sebelumnya aman2 aja,8.86.0,0,2026-06-02T00:08:05-07:00,Bank Jago,bank_jago,app_store,1539402234
14134125591,henauwn,1,Transaksi,"Tolong dong jangan bikin gak nyaman transaksi nya jangan ada pending lama, udah berjam jam belum berhasil transaksi nya",8.86.0,0,2026-06-01T23:28:53-07:00,Bank Jago,bank_jago,app_store,1539402234
14133970130,ferryyayaya,1,update terus,update terus anjinggg,8.86.0,0,2026-06-01T22:16:32-07:00,Bank Jago,bank_jago,app_store,1539402234
14133960524,RahadianF,1,Sering force close,Tiba2 hari ini sering force close ada apa ya?,8.86.0,0,2026-06-01T22:12:07-07:00,Bank Jago,bank_jago,app_store,1539402234
14133719379,Prathita,1,Logout sendiri,"Tiap buka apps, harus login ulang terus menerus.",8.86.0,0,2026-06-01T20:25:16-07:00,Bank Jago,bank_jago,app_store,1539402234
14133608966,bluezrberry,1,-,ribet bgstuck di welcome lama sekali pdhl lgi butuh,8.86.0,0,2026-06-01T19:39:24-07:00,Bank Jago,bank_jago,app_store,1539402234
14133527304,byybiii1,4,APS logout sendiri,"Tolong ya admin segera diperbaiki, karena bank jago lumayan saya jadikan prioritas untuk bayar-bayar karena gratis transfer, bila susah tolong didowngrade version aja daripada dipaksa update tapi banyak bug, segera follow-up mengingat problem sudah jalan hampir seminggu ini.",8.86.0,0,2026-06-01T19:07:11-07:00,Bank Jago,bank_jago,app_store,1539402234
14133324668,Apaajahakleh,1,.,Tolong di perbaikin force close mulu pas baru masuk aplikasinya,8.86.0,0,2026-06-01T17:49:52-07:00,Bank Jago,bank_jago,app_store,1539402234
14133240897,alan.muhari,4,v8.86.0 bermasalah,"Halo tim Jago!

Saya sudah hampir satu tahun menggunakan Jago dan sangat puas sekali dengan fitur dan performanya. Fiturnya sangat sesuai dengan kebutuhan saya khususnya Kantong Jago, keren! Tapi seminggu ini saya sangat terganggu setiap kali buka aplikasi Jago karena selalu minta login, masalahnya setiap login harus isi email, password, otp, setup pin baru dan face id lagi. Semoga tim Jago bisa perbaiki bug yang sangat mengganggu ini.

Fyi, saya engga terlalu ngikutin update aplikasi tapi yang sedang saya gunakan saat ini sudah versi terbaru: v8.86.0.


Terimakasih untuk tim Jago yg keren!",8.86.0,0,2026-06-01T17:18:07-07:00,Bank Jago,bank_jago,app_store,1539402234
14132989800,buhanuwan,2,bug,"setelah update apps malah sering sekali ke logout dari aplikasi, jd harus masuk ulang dengan men set pin yg baru. sangat merepotkan ketika akan transaksi",8.86.0,0,2026-06-01T15:42:40-07:00,Bank Jago,bank_jago,app_store,1539402234
14132922746,deafebriyanti,5,mantap,mantap,8.86.0,0,2026-06-01T15:17:42-07:00,Bank Jago,bank_jago,app_store,1539402234
14132106485,Qqtela17,5,fungsional,"banyak fitur, dan keuntungan melimpah dari bank jago",8.86.0,0,2026-06-01T10:53:12-07:00,Bank Jago,bank_jago,app_store,1539402234
14131583125,miongmiongmiongmiong,1,App Crash,"on ios 26.5 iPhone 14 Pro app get crash when opening pocket menu since the newest update, and splash screen are slow",8.86.0,0,2026-06-01T08:15:56-07:00,Bank Jago,bank_jago,app_store,1539402234
14131164801,And yudhani,1,Kesulitan login,"Ini gimana mau login di minta verifikasi 2 langah terus , bank macam apa ini , setelah di perbarui bukan nya malah bagus malah memperlambat transaksi",8.86.0,0,2026-06-01T06:14:43-07:00,Bank Jago,bank_jago,app_store,1539402234
14131092380,Prdct.Dsgnr,1,Bugs kah setiap buka aplikasi?,"Bad experience, males banget setiap buka aplikasi selalu relog2 LOL. Bad tech team!",8.86.0,0,2026-06-01T05:52:50-07:00,Bank Jago,bank_jago,app_store,1539402234
14131064425,mbuhgffhjjh,1,Auto logout,"Akun ke logout terus tiap seharu sekali, masa mau transfer harus kyc lagi, otp lagi, verif lagi

Benerin bang udah lama banget kaya gini ga ada update update",8.86.0,0,2026-06-01T05:44:13-07:00,Bank Jago,bank_jago,app_store,1539402234
14131063716,kucing gendut,1,ke log out terus dalam sehari,"udah berkali kali kayak gini. ga ganti device tapi tiba tiba ke log out dan ketika udah berhasil, pas next time dibuka ke log out lagi. pls benerin issue ini!!",8.86.0,0,2026-06-01T05:43:59-07:00,Bank Jago,bank_jago,app_store,1539402234
14130806257,hasbrooo,2,Akun log out sendiri,"Tolong perbaiki bugs update yg ini dong, karena akun sy tiap hari selalu log out sendiri & sangat merepotkan saat mau byr pke QRIS tau2 harus melewati proses log in yg membutuhkan input code verifikasi..utk team developer apps nya mohon utk lbh teliti lagi saat testing versi yg baru",8.86.0,0,2026-06-01T04:19:16-07:00,Bank Jago,bank_jago,app_store,1539402234
14130532009,Arfnug18,2,Auto Logout,"Kenapa akun Jago sering terlogout otomatis? Baru sebentar login sudah terlogout lagi. Untuk loginnya repot harus verifikasi ulang. Mungkin bisa diperbaiki, karena sebelumnya tidak pernah begitu.",8.86.0,0,2026-06-01T02:31:11-07:00,Bank Jago,bank_jago,app_store,1539402234
14130521063,Abdssss12,1,L,Sekarang suka error login akunya masa di suruh login terus tiap buka aplikasi gak jelas,8.86.0,0,2026-06-01T02:26:30-07:00,Bank Jago,bank_jago,app_store,1539402234
14130397092,Mastionugroho,5,Bank andalan,Andalan banget buat bagi pos pos pengeluaran,8.86.0,0,2026-06-01T01:32:19-07:00,Bank Jago,bank_jago,app_store,1539402234
14130290617,Purnamaaaaa ayu,1,Log out terus,"Masa aplikasi perbankan tiap kali keluar log out terus, masuk aplikasi harus verifikasi terus. Hadeuhhh bikin repot",8.86.0,0,2026-06-01T00:44:23-07:00,Bank Jago,bank_jago,app_store,1539402234
14130001144,Just Someone Thought,1,Re-Login terus terusan,"Sudah seminggu lebih, error minta re-login dan verifikasi ulang, padahal tidak ada perubahan device atau aktivitas mencurigakan, ribet banget kalo lagi transaksi di tempat umum.. tolong segera perbaiki!!",8.86.0,0,2026-05-31T22:34:32-07:00,Bank Jago,bank_jago,app_store,1539402234
14129941180,Ald can,1,Aplikasi tertutup,aplikasinya sering tertutup sendiri,8.86.0,0,2026-05-31T22:08:25-07:00,Bank Jago,bank_jago,app_store,1539402234
14129908178,Yusuf hamka,5,Bagus membantu,Good,8.86.0,0,2026-05-31T21:53:49-07:00,Bank Jago,bank_jago,app_store,1539402234
14129537689,shabrina12,1,bug,setelah di update kenapa ke logout terus sih tolong di benarkan,8.86.0,0,2026-05-31T19:16:51-07:00,Bank Jago,bank_jago,app_store,1539402234
14129287395,ast214,5,Apk aneh,"Mau byr kasir, tiba2 eror. Skrg suka log out sendiri. Masa tiap transaksi harus login terus 😂

Kacau",8.86.0,0,2026-05-31T17:39:03-07:00,Bank Jago,bank_jago,app_store,1539402234
14128782980,menhariq,1,8.86 crash terus,Tolong diperbaiki,8.86.0,0,2026-05-31T14:20:21-07:00,Bank Jago,bank_jago,app_store,1539402234
14127915369,Candrawcsn,1,LOG OUT SENDIRI,"Semenjak update versi terbaru jd sering logout2 sendiri, klo tidak di perbaiki saya gak akan pakai bank ini lagi sebagai tabungan saya. Saya tunggu perbaikannya secepatnya ya njing.",8.86.0,0,2026-05-31T09:35:42-07:00,Bank Jago,bank_jago,app_store,1539402234
14127471551,agung skp,1,fix the damn app pls,"dipaksa update, tapi setelah update jadi ke logout terus tiap hari. harus  ulang verifikasi selfie yg ribet dan kadang susah kebaca juga. sangat menyusahkan, coba tolong segera diperbaiki, atau kalau emang appnya belum stabil, gausah maksa update dulu",8.86.0,0,2026-05-31T07:26:50-07:00,Bank Jago,bank_jago,app_store,1539402234
14126919503,OKTA7387,5,OKT6D900,OKT6D900,8.86.0,0,2026-05-31T04:31:21-07:00,Bank Jago,bank_jago,app_store,1539402234
14126824228,ali.khafid,5,bagus kok ini aplikasi,bagus kok ini aplikasi dari pertama saya buat akun 2025 sampe sekarang gk kenapa kenapa dah. kayaknya  yang kasih bintang 1 emang mau ngejelekin aja ini aplikasi,8.86.0,0,2026-05-31T03:55:29-07:00,Bank Jago,bank_jago,app_store,1539402234
14126801675,Fredboi66,1,Tidak bisa reactive account,Ini gimana sinyal full tapi aplikasinya lambat sekali di suruh reactive account tapi lambat sekali aplikasinya saya baru gajian ini butuh uang nya buat keperluan sehari hari,8.86.0,0,2026-05-31T03:46:39-07:00,Bank Jago,bank_jago,app_store,1539402234
14126788871,nisarhm04,2,sering logout,"sering banget logout akun saya sekarang, sampai harus login terus tiap transaksi",8.86.0,0,2026-05-31T03:41:36-07:00,Bank Jago,bank_jago,app_store,1539402234
14126766650,RRiung,1,Annoyingly remove session. Better to remember your password rather than using biometrics.,This a good probably best banking app until there is an update. The ease to use using biometrics are gone when the session are removed during their update and it happens like alot of time you must. So when re login you must remember your password otherwise you get locked for a long time when you need the most. And changing your password just to be told “ don’t  use the same password “. I mean why bother use biometrics if you planning to remove session during updates.,8.86.0,0,2026-05-31T03:32:48-07:00,Bank Jago,bank_jago,app_store,1539402234
14126682609,Pengguna PM,2,Login ribet,"Tiap mau masuk apk, harus mulai dari awal isi email atau no hp , password, pin, face id dll.. ribet. Tolong di perbaiki",8.86.0,0,2026-05-31T02:58:43-07:00,Bank Jago,bank_jago,app_store,1539402234
14126436268,Andikaa3131,1,Tolong diperbaiki,"Sejak hari ini, akun saya terus logout dan harus login ulang setiap kali masuk. Bukan hanya itu, login ulang sangat ribet: (1) Verifikasi Wajah & (2) OTP dimana biasanya cukup memasukkan PIN saja.

Riwayat transaksi juga menjadi tidak lengkap.",8.86.0,0,2026-05-31T01:16:02-07:00,Bank Jago,bank_jago,app_store,1539402234
14126381485,ciabombb,1,logout otomatis menggunakan password dan email,saya sudah 4 kali terkeluar dari aplikasi bank jago harus login ulang  menggunakan password dan email. jdi tidak bisa cepat melakukan pembayaran,8.86.0,0,2026-05-31T00:52:41-07:00,Bank Jago,bank_jago,app_store,1539402234
14126018962,ersamarif,1,Always log out,"This app its joke, right now alwyas log in after close the app. In iphone",8.86.0,0,2026-05-30T22:12:15-07:00,Bank Jago,bank_jago,app_store,1539402234
14124355838,Heyamine,3,Complaints,Selama hampir kurang lebih 1 tahun tidak ada masalah. Tapi ini kenapa ya akun aku selalu ke log out tanpa ada informasinya kenapa? Dan juga setelah log in aku verify menggunakan device saat ini hasil verifynya error hhhh. Jago kamu kenapa? Padahal aku seneng banget pake apps ini tp kejadian ini nyebelin jadi repottr,8.86.0,0,2026-05-30T11:17:59-07:00,Bank Jago,bank_jago,app_store,1539402234
14122314398,mariosandoz,5,Fast af,"Fast, reliable",8.86.0,0,2026-05-29T23:47:44-07:00,Bank Jago,bank_jago,app_store,1539402234
14122246271,indaaayu,1,Bobrok,"Tiba"" akun terkunci, lanjut tlp customer service katanya suruh kirim KTP yg jelas lewat email. Uda aku kirim, sampe hampir 1x24 jam ga ada respond. Di email yg balesin robot terus.. mana ini manusia""nya?? Gak punya pegawai ta?
Katanya aja customer service 24/7 berasa punya bank sendiri.
Pdhl baru aja buka 3hr uda main ngunci"" akun orang.",8.86.0,0,2026-05-29T23:17:31-07:00,Bank Jago,bank_jago,app_store,1539402234
14122097368,SPRBW,1,App keep logging off,"App keeps logging off and need to re-log-in via email and password, then verification via Whatsapp, and creating new PIN. This always happen every time i tried to open the app. Really inconvenient.",8.86.0,0,2026-05-29T22:10:39-07:00,Bank Jago,bank_jago,app_store,1539402234
14121776771,surya.putra5692,3,bug - logout terus,"versi terbaru, bolak balik ter-logout sendiri, tolong perbaiki",8.86.0,0,2026-05-29T19:52:39-07:00,Bank Jago,bank_jago,app_store,1539402234
14121513152,joseph.aditya,1,Login ulang berkali kali,"Ini login ulang berkali2, padahal sebelumnya engga.

Malah ngeri simpen uang disini, apalagi bank digital
Tiba2 ga bisa login ngurusnya ribet administrasi nanti, yg response cm CSnya doang .. wasalam",8.86.0,0,2026-05-29T18:09:25-07:00,Bank Jago,bank_jago,app_store,1539402234
14121448353,uci12589,2,ke logout trs,ini kenapa jadi ke logout terus dah? tiap mau buka jadi hrs verifikasi segala macem,8.86.0,0,2026-05-29T17:44:34-07:00,Bank Jago,bank_jago,app_store,1539402234
14120251030,Bank jago anjing,1,Akun bank jago saya di non aktifkan sepihak tanpa ada kesalahan yg masuk akal,"Parah ni layanan bank jago g jelas dan sangat bobrok akun saya di nonaktifkan sepihak tanpa konfirmasi dan mengurus perbaikannya pun memakan waktu sangat lama, solusi dari CS pun muter muter ga jelas sampahn ni bank tobat gue transaksi di bank sampah ini, pokoknya saya sangat tidak suka bank jago ini, semoga semua pihak bank jago yg terlibat saya doakan akan mengalami kecelakaan dalam hidupnya Aminnnnn",8.86.0,0,2026-05-29T10:24:04-07:00,Bank Jago,bank_jago,app_store,1539402234
14120011341,Riztoper,2,Feature,"Sekarang kalo mau pindahin uang ke pocket lain pake search, jangan langsung swipe down gitu dong. Tetep stay aja, kalo salah ketik nama pocket jadi biar bisa langsung dibenerin. Kalo swipe down repot banget bro.",8.86.0,0,2026-05-29T09:09:05-07:00,Bank Jago,bank_jago,app_store,1539402234
14119930899,Robbyfa01,4,Session issue,"Tiap force closed aplikasi, akun selalu logout dan harus login dengan verifikasi via video call, hari ini sudah dua kali. Dulu hanya butuh masukkan pin saja / face id. Kenapa sekarang harus ada verifikasi menggunakan video call sedangkan tidak sedang mencoba login ke perangkat lain?",8.86.0,0,2026-05-29T08:45:01-07:00,Bank Jago,bank_jago,app_store,1539402234
14119720314,Arie May,1,Logout Terus,"Token nya sering invalid, jadi refresh token nya ga jalan buat dapetin access token baru. Tiap buka harus login fresh terus. Tolong diperbaiki",8.86.0,0,2026-05-29T07:43:36-07:00,Bank Jago,bank_jago,app_store,1539402234
14119557164,~Beih,5,Jago Perfect,Tempat nabung paling worth it sedunia,8.86.0,0,2026-05-29T06:56:42-07:00,Bank Jago,bank_jago,app_store,1539402234
14119310478,Riripermata,5,Bank jago,Keren tanpa admin apapun,8.86.0,0,2026-05-29T05:43:13-07:00,Bank Jago,bank_jago,app_store,1539402234
14119300793,Anto3321,1,Convert ke Syariah,"Ngga bisa di convert ke syariah, jangan mengakali lah perusaahaan masa iya ngga bisa ke Syariah",8.86.0,0,2026-05-29T05:40:10-07:00,Bank Jago,bank_jago,app_store,1539402234
14119188813,POLSKA891,5,Jadi yang terbaik,mantap,8.86.0,0,2026-05-29T05:04:13-07:00,Bank Jago,bank_jago,app_store,1539402234
14119134136,DevJuga,3,Repot,"Belakangan suka logout sendiri, repot harus login terus tiap buka aplikasi",8.86.0,0,2026-05-29T04:45:54-07:00,Bank Jago,bank_jago,app_store,1539402234
14118893608,Luthfi Shidik,5,Jago,LOVE BANGET AMA NIE APPSSS 😊,8.86.0,0,2026-05-29T03:18:19-07:00,Bank Jago,bank_jago,app_store,1539402234
14118579118,Twilighttz,3,Biaya admin,Ke bank lain sudah ada biaya. Sisanya so far so good,8.86.0,0,2026-05-29T00:59:50-07:00,Bank Jago,bank_jago,app_store,1539402234
14117569483,tpyogi25,1,Mr Y,Saya belum bisa transaksi sampai sekarang. Gangguan terus. Dana saya mengendap tidak bisa dipindahkan. Menyebalkan sekali.,8.86.0,0,2026-05-28T17:29:01-07:00,Bank Jago,bank_jago,app_store,1539402234
14117523792,ray ryan 09,3,Sering log out,Di iphone aplikasi bank jago sering logout sendiri gk seperti di android.,8.86.0,0,2026-05-28T17:11:01-07:00,Bank Jago,bank_jago,app_store,1539402234
14117210324,Verganos,1,Aplikasi penipu perampok,"Saya alokasikan gaji semua ke jago 
Tiba tiba aplikasi tidak bisa di buka 
Password salah duit saya gimana ini disana semua uang bulanan",8.86.0,0,2026-05-28T15:05:18-07:00,Bank Jago,bank_jago,app_store,1539402234
14115887959,shansujudi,3,Update apps,Semenjak upadate terbaru jadi sering force ke login email dan buat pin baru terus,8.86.0,0,2026-05-28T07:42:00-07:00,Bank Jago,bank_jago,app_store,1539402234
14115413698,Vaanvan evan,1,Login ulang terus,"Halo ini knp, harus login ulang trus, biasanya cukup pakai kata sandi aja, ga jelas app ini",8.86.0,0,2026-05-28T05:18:55-07:00,Bank Jago,bank_jago,app_store,1539402234
14114766362,Amel-dormant,1,pake bank lain aja,"mantap akun lama di tutup, tidak bisa membuat akun baru",8.86.0,0,2026-05-28T01:05:32-07:00,Bank Jago,bank_jago,app_store,1539402234
14114620596,$oloensis,2,Log out sendiri,Setelah update sering log out sendiri,8.86.0,0,2026-05-27T23:57:26-07:00,Bank Jago,bank_jago,app_store,1539402234
14113335643,sikribooo,5,Jago kerennnn,Aah terbaikkkkkk deh,8.86.0,0,2026-05-27T14:42:06-07:00,Bank Jago,bank_jago,app_store,1539402234
14112674271,neo_gazebo,1,Apps nya sering crash,"lemot dan sering crash. benerin dong, mengganggu bngt!!",8.86.0,1,2026-05-27T10:43:26-07:00,Bank Jago,bank_jago,app_store,1539402234
14112553689,bang jagoan,1,Logout mulu,Logout mulu,8.86.0,0,2026-05-27T10:02:59-07:00,Bank Jago,bank_jago,app_store,1539402234
14111977866,Cokkkknjg,1,Ribet,"Jujur ribet, kode otp kirim nomor telepon gak ada opsi kirim email, nomor telepon ganti harus pakai surat, security lu bagus sihh tapi ribet bgt untuk yg ga bisa ngurus seenaknya ,, smntara bintang 1 dulu",8.86.0,0,2026-05-27T07:03:01-07:00,Bank Jago,bank_jago,app_store,1539402234
14111971460,Demarkus6620,1,Auto tutup,"Aplikasi tertutup beberapa detik setelah dibuka. Selalu berulang seperti itu, jadi nya tidak bisa lakukan transaksi apapun seharian",8.86.0,1,2026-05-27T07:01:07-07:00,Bank Jago,bank_jago,app_store,1539402234
14111027873,Kian Santang77,1,Force close,"APK nya perbaiki bugs force close dan lainnya, jadi gbisa tf gw pdhal pake versi terbaru",8.86.0,0,2026-05-27T01:06:22-07:00,Bank Jago,bank_jago,app_store,1539402234
14110912220,Hans' Ded,5,Jago,MantaB deh 👍,8.86.0,0,2026-05-27T00:10:13-07:00,Bank Jago,bank_jago,app_store,1539402234
14108056937,Saipulbasokuttu,1,Keluhan yang gak ada solusinya,Bank ini gak jelas akun saya di lock saya mau ganti password gak bisa2 dan agent nya cuma merespon namun tdk ada tindakan.. saya sudah 1 bulan mengalami kendala ini selalu saya hubungi tanya jago namun gak ada hasil.,8.86.0,0,2026-05-26T06:06:41-07:00,Bank Jago,bank_jago,app_store,1539402234
14107519948,Hotib b,2,Logout,"Logout sendiri mulu si skrg
Harus isi lagi NIK , email , selfie setiap mau buka ke aplikasi , kenapa ya..",8.86.0,0,2026-05-26T02:53:32-07:00,Bank Jago,bank_jago,app_store,1539402234
14107170627,Anthonynir,1,Log Out terus sejak update 22 Mei 26,Selalu logout hingga minta password dan verifikasi ulang setiap buka aplikasi. Update terakhir malah bikin rusak.,8.86.0,0,2026-05-26T00:07:54-07:00,Bank Jago,bank_jago,app_store,1539402234
14107154462,Siapa aja !,1,Nyesel bikin bank ini,"Bank ribet di persulit mau buka mbangking sendiri aja perkara ganti nomer ribet bngt sampe berhari2 gak bisa , mau dateng ke bank minta alamat gak di kasih aneh nih bank , sumpah lebih enak bank yg lain cepet di permudah dan bisa dateng ke bank !!!",8.86.0,0,2026-05-25T23:59:46-07:00,Bank Jago,bank_jago,app_store,1539402234
14106506143,bertfil,1,keluar aplikasi otomatis,"sudah beberapa hari aplikasi nya keluar otomatis, belum selesai transaksi sudah langsung keluar dari aplikasi pas mau transfer tidak bisa juga. mohon diperbaiki lagi",8.86.0,0,2026-05-25T18:54:30-07:00,Bank Jago,bank_jago,app_store,1539402234
14106359995,Candraydn,5,Apilkasi crash terus,"Ngga bisa pake aplikasi woi, setiap buka crash",8.86.0,0,2026-05-25T17:55:32-07:00,Bank Jago,bank_jago,app_store,1539402234
14106348922,ronald yoss,1,Crash di IOS 26.3,"Tolong dibantu saya mengalami crash setiap 3 detik app dibuka. Detail device. Iphone 14 Pro, IOS 26.3.",8.86.0,1,2026-05-25T17:50:59-07:00,Bank Jago,bank_jago,app_store,1539402234
14105960726,jekebekejjejeh,4,QR tampil,tolong sediakan QR tampil,8.86.0,0,2026-05-25T15:12:56-07:00,Bank Jago,bank_jago,app_store,1539402234
14104928047,selowes,2,Terjadi kesalahan,"di aplikasi sering muncul notifikasi terjadi kesalahan, dan tidak bisa di gunakan untuk transfer",8.86.0,0,2026-05-25T09:17:06-07:00,Bank Jago,bank_jago,app_store,1539402234
14104208485,alfiyawn,3,Error,App sering keluar sendiri setelah masuk beranda aplikasi,8.86.0,0,2026-05-25T05:42:57-07:00,Bank Jago,bank_jago,app_store,1539402234
14103950088,Tataaaaaaaassa,5,Aplikasi bank digital,"Mudah, cepat, banyak untungnya, ga ribet, gada batas transaksi",8.86.0,0,2026-05-25T04:13:56-07:00,Bank Jago,bank_jago,app_store,1539402234
14103147027,Tio vernades,5,Sukses,Terbaik,8.86.0,0,2026-05-24T22:08:42-07:00,Bank Jago,bank_jago,app_store,1539402234
14103060887,Galank aja,5,bagus,bagusss,8.86.0,0,2026-05-24T21:26:54-07:00,Bank Jago,bank_jago,app_store,1539402234
14103038440,ryqyy,5,Bagus bgt aplikasi nya cocok bgt buat gen z,RIA5CD12,8.86.0,0,2026-05-24T21:16:07-07:00,Bank Jago,bank_jago,app_store,1539402234
14103034380,kepala ojk,1,Perbaiki sistem,"Seharian transaksi tertunda, ternyata gagal. History malah hilang. Tidak ada konfirmasi refund dll. Bad.",8.86.0,0,2026-05-24T21:14:13-07:00,Bank Jago,bank_jago,app_store,1539402234
14102742705,Steven Kurniawan,1,Logout otomatis mulu,"Sering bgt kelogout otomatis, jawaban CSnya cuma silakan berikan screenshot/rekaman layar terhadap masalahnya. Ya masa saya tiap mau buka app harus persiapan screen record.",8.86.0,0,2026-05-24T19:04:49-07:00,Bank Jago,bank_jago,app_store,1539402234
14102593094,yussynthsy,1,Akun sering log out sendiri,"Sudah satu bulan ini aku saya sering log out sendiri. Sudah hubungi CS lewat email dan DM Instagram tetep ga ada solusi. Diminta untuk nunggu 10 hari kerja tanpa ada penjelasan kenapa akun saya seperti itu. Tolong segera diperbaiki, karena ini sangat berbahaya. Saya jadi tidak bisa mendapat notifikasi terkait transaksi keluar-masuk di akun saya. Selain itu, ini sangat merepotkan jika tiap kali transaksi harus login terus. Mohon untuk team CS juga diperbaiki kembali terkait penanganan nasabah, saya sudah follow up by email minta penjelasan kenapa ini bisa terjadi akun saya namun tidak dibalas juga sampai review ini saya buat. Saya harap masalah ini bisa segera teratasi karena ini sangat berbahaya dan merepotkan.",8.86.0,0,2026-05-24T18:03:27-07:00,Bank Jago,bank_jago,app_store,1539402234
14102566065,COM2usLONTE,1,Payah,Transfer lemott koneksi bagus malah jadi 2x ASU,8.86.0,0,2026-05-24T17:52:16-07:00,Bank Jago,bank_jago,app_store,1539402234
14099443335,Rizal1878,4,nomor hp yang lama hilang mau daftar pake nomor hp baru tapi gabisa karna nik udah terdaftar,tolong di bantu penghapusan akun nomor yang udah hilang biar nik nya bisa di pake lagi,8.86.0,0,2026-05-23T22:47:10-07:00,Bank Jago,bank_jago,app_store,1539402234
14098462968,Brilliandra Nau,2,Force Close,"I can’t access Jago like usual by today. After a few seconds, it force closes. Why? my other applications are working fine, btw i’m using ios 26",8.86.0,1,2026-05-23T15:59:26-07:00,Bank Jago,bank_jago,app_store,1539402234
14096117291,cewaries,5,UI UX,UI UX Friendly untuk gen Z,8.86.0,0,2026-05-23T02:39:01-07:00,Bank Jago,bank_jago,app_store,1539402234
14093317765,Luth A,1,Parah crash terus,tolong segera perbaiki dong tiap mau transfer dan top up selalu crash! udah 1 minggu loh!,8.86.0,1,2026-05-22T08:23:11-07:00,Bank Jago,bank_jago,app_store,1539402234
14093205450,guyak25,1,gakjelas,masa saya verifikasi tidak bisa dilanjutkan karena kendala yang tidk bisa di jelskan,8.86.0,0,2026-05-22T07:49:42-07:00,Bank Jago,bank_jago,app_store,1539402234
14092674532,and124589,2,Force close,"Aplikasinya minta login terus, mohon cepat diperbaiki",8.86.0,0,2026-05-22T05:05:20-07:00,Bank Jago,bank_jago,app_store,1539402234
14090789250,zhrtxme,5,Liquid Glass,Tolong berikan UI Liquid Glass,8.86.0,0,2026-05-21T15:03:57-07:00,Bank Jago,bank_jago,app_store,1539402234
14089893214,bsjsjssh,1,JELEK BGT,"gbs tf ke qris, bank, gagal mulu😡",8.86.0,0,2026-05-21T09:35:38-07:00,Bank Jago,bank_jago,app_store,1539402234
14089609031,Dosihotang,1,Setiap buka aplikasinya harus login dari awal kaya baru install,Bad,8.86.0,0,2026-05-21T08:04:47-07:00,Bank Jago,bank_jago,app_store,1539402234
14087097758,Klanaroch,1,Force close,Force close sendiri tiba2 berkali-kali belum ada solusi,8.85.2,0,2026-05-20T14:39:57-07:00,Bank Jago,bank_jago,app_store,1539402234
14082349332,riskyana08,1,KECEWA,"install jago dan login eh ternyata dlu sudah daftar akun jago pake no hp lama dan sekrg udah ga aktif lagi.. hubungi tanya@jago untuk ubah no hp..
udah beli pulsa tp sama aja, ga ada solusi sm sekali..
kecewa...",8.85.2,0,2026-05-19T08:11:59-07:00,Bank Jago,bank_jago,app_store,1539402234
14081762473,C R U U Z,1,Buruk,"Sistem pelayanan jelek, masa mau transfer selalu gagal",8.85.2,0,2026-05-19T05:02:55-07:00,Bank Jago,bank_jago,app_store,1539402234
14081504135,Ahabibie,5,Jagooo,Emang jago,8.85.2,0,2026-05-19T03:23:47-07:00,Bank Jago,bank_jago,app_store,1539402234
14081249066,Julia ahmadi,4,"Min cara masuk melalui email bagaimana min, apk nya tiba2kluar trus no yg lama nya udah gak aktifmin",Cara ganti no yg aktif,8.85.2,0,2026-05-19T01:21:44-07:00,Bank Jago,bank_jago,app_store,1539402234
14080812293,Gajagok,1,Ngaco,Apalikasi apa ini kok gini banget akun saya tiba tiba terkunci,8.85.2,0,2026-05-18T21:34:12-07:00,Bank Jago,bank_jago,app_store,1539402234
14080515910,ariesetiawan,1,Force close,Force close tolllool,8.85.2,0,2026-05-18T19:14:18-07:00,Bank Jago,bank_jago,app_store,1539402234
14077294740,Martonoq,1,Jagoan adventure,"Sudah komplit 5 dari 5 misi jagoan adventure, bukan 50 ribu yang didapat tapi cuma 25 ribu, tanya lewat email disuruh tunggu 7 hari kerja, sampai sekarang pas 7 hari kerja (diluar sabtu-minggu dan tanggal merah) belum juga ada reward 1 lg yg masuk.",8.85.2,0,2026-05-17T22:14:03-07:00,Bank Jago,bank_jago,app_store,1539402234
14076676927,Ericsson Budhilaw,1,Force close di iPhone 13 Pro,"Semenjak updates FC mulu di iphone 13 pro, pindahin saldo ke bank lain dulu dah",8.85.2,0,2026-05-17T17:30:04-07:00,Bank Jago,bank_jago,app_store,1539402234
14074108298,Pak Ayip,5,Bank Jago,Digitally literally okay lah yaw,8.85.2,0,2026-05-17T02:25:47-07:00,Bank Jago,bank_jago,app_store,1539402234
14073400690,@Int81,3,Logout,Apps versi baru bolak balik ke-logout capedehhhhh,8.85.2,1,2026-05-16T21:07:31-07:00,Bank Jago,bank_jago,app_store,1539402234
14073354127,Prayoga03,5,Bank jago,"Terimakasih bank jago, pengguna baru tapi sudah merasakan manfaat nya..",8.85.2,0,2026-05-16T20:46:58-07:00,Bank Jago,bank_jago,app_store,1539402234
14073078859,Kurt Stevent,5,Jago,Emang jago dahh,8.85.2,0,2026-05-16T18:53:44-07:00,Bank Jago,bank_jago,app_store,1539402234
14071949065,Lzikdy,5,Tidak ada barcode,masukan saya harap di kasih barcodenya biar enak,8.85.2,0,2026-05-16T11:26:50-07:00,Bank Jago,bank_jago,app_store,1539402234
14069213200,Abawono,5,tramsfer,good,8.85.2,0,2026-05-15T18:32:36-07:00,Bank Jago,bank_jago,app_store,1539402234
14069027777,Ica9666,5,Bagus,Suka sama aplikasinya. Banyak kantongnya banyak untungnya,8.85.2,0,2026-05-15T17:19:16-07:00,Bank Jago,bank_jago,app_store,1539402234
14067743587,pewwwwwwwz,5,mantap,best,8.85.2,0,2026-05-15T09:19:28-07:00,Bank Jago,bank_jago,app_store,1539402234
14067496052,foxtruth,5,App force close di iphone 13,App bank jago lambat dan close sendiri setelah update!,8.85.2,0,2026-05-15T08:03:50-07:00,Bank Jago,bank_jago,app_store,1539402234
14067290164,Mirza Rama,5,KODE : MUT9098C,dapat kemudahan dalam urusan keuangan di jago,8.85.2,1,2026-05-15T07:02:35-07:00,Bank Jago,bank_jago,app_store,1539402234
14066308682,Ardian2,5,Mudah,"Mempermudah transaksi, bebas biaya dan aman",8.85.2,0,2026-05-15T00:59:04-07:00,Bank Jago,bank_jago,app_store,1539402234
14066119594,Adetyantoro,5,bagus,"e bank dgn integrasi app terbaik, ke stockbit, bibit, gopay, dll",8.85.2,0,2026-05-14T23:27:05-07:00,Bank Jago,bank_jago,app_store,1539402234
14065739060,babamjantan,1,gabisa daftar,"tulisannya NIK sudah terdaftar di akun jago , setelah coba login pake NIK, rulisanya NIK belum terdaftar apk sampah bet",8.85.2,0,2026-05-14T20:17:28-07:00,Bank Jago,bank_jago,app_store,1539402234
14063966923,Ave adzkia,5,Bank terbaik,"Terima kasih ya jagooo udah selalu mempermudah semua urusan keuangankuu, semoga kamu selalu baik seperti ini dan nggk neko neko kaya sebelah, plis pertahanin kaya gini terus",8.85.2,0,2026-05-14T08:47:14-07:00,Bank Jago,bank_jago,app_store,1539402234
14063450987,ghubrdvk,5,bagus,bagus,8.85.2,0,2026-05-14T06:07:13-07:00,Bank Jago,bank_jago,app_store,1539402234
14062887391,saputro dwy,5,terbaik,layanan mudah di akses fitur sangat bermanfaat dan bisa kirim e-wallet,8.85.2,0,2026-05-14T02:44:45-07:00,Bank Jago,bank_jago,app_store,1539402234
14062536294,den03.,2,gabisa daftar,"maaf tolong saya gabisa daftar krna ktp saya ikut akun lama yg udh mati, tolong hps akun saya yg dlu biar ktp saya bisa dipake buat daftar",8.85.2,0,2026-05-13T23:59:43-07:00,Bank Jago,bank_jago,app_store,1539402234
14062188710,rz12rr,1,CRASH TERUS?????,Aplikasi nya kenapa crash terus dah 2 hari terakhir ini bener2 gabisa dipake 🤦🤦 abis dibuka ga ada 1 menit kemudian selalu crash,8.85.2,0,2026-05-13T21:02:01-07:00,Bank Jago,bank_jago,app_store,1539402234
14059546236,zoofiq,1,Selalu Logout,Akun saya selalu logout dan ribet banget mau login nya lagi.,8.85.2,0,2026-05-13T04:41:08-07:00,Bank Jago,bank_jago,app_store,1539402234
14057638571,Bintangneev,5,Bagus,Bagus banget aplikasinya,8.85.2,0,2026-05-12T14:23:23-07:00,Bank Jago,bank_jago,app_store,1539402234
14056558626,LoisMunthe,1,Apps error,Saat mau tf atau scan qris apps nya keluar sendiri,8.85.2,0,2026-05-12T08:09:13-07:00,Bank Jago,bank_jago,app_store,1539402234
14056465802,ndraadinda,1,perbaikan,tolong diperbaikin ini selalu gangguan terus entah kenapa.. jadinya harus diuninstall trs di instal lagi setiap mau melakukan pembayaran.. sangat menyusahkan,8.85.2,0,2026-05-12T07:40:36-07:00,Bank Jago,bank_jago,app_store,1539402234
14055391402,Desi susanti9999,1,Penipuan,Transaksi sukses saldo kepotong tapi gk masuk di penerima . Gk jls bgt,8.85.2,0,2026-05-12T00:52:26-07:00,Bank Jago,bank_jago,app_store,1539402234
14055372391,mnrendra,1,Bug Auto Logout,"Ada bug selalu logout setiap beberapa menit ketika udah gak dipakai appnya. Jadi setiap mau buka appnya harus selalu login dg vermuk dll, merepotkan!",8.85.2,0,2026-05-12T00:42:41-07:00,Bank Jago,bank_jago,app_store,1539402234
14055138378,wowlhgt,1,Penipu Tidak bertanggung jawab,"Pembayaran qris, saldo terpotong tapi di merchant tujuan tidak masuk, giliran chat cs bank jago tidak ada respon, uang saya hilang 1,500,000 sudah di info ke customer service tapi tidak ada tindakan , penipu ya?",8.85.2,0,2026-05-11T22:42:00-07:00,Bank Jago,bank_jago,app_store,1539402234
14053903375,bankjagojmbt,1,bank jago scam,"akun bank tidak bisa digunakan untuk transfer, status selalu gagal dan tidak berhasil setelah di tf akun tidak bisa di buka dan saldo tidak bisa dikelurkan, cs bank juga sangat tidak relevan di respon saja tidak",8.85.1,0,2026-05-11T13:42:17-07:00,Bank Jago,bank_jago,app_store,1539402234
14052991230,putuadityabayu,2,Suka Crash,"Semenjak update, aplikasinya sering crash. tiba tiba keluar",8.85.1,0,2026-05-11T08:26:29-07:00,Bank Jago,bank_jago,app_store,1539402234
14052497511,sellhynaz,3,ke log-out terus,"sekarang jago sering bgt ke logout. lagi proses transfer, cuma mau cek app lain untuk copy nomor accountnya, pas balik ke jago app, udah ke logout. udah lihon logout lagi. berkali kali logout terus aneh bgt.",8.85.1,0,2026-05-11T05:51:00-07:00,Bank Jago,bank_jago,app_store,1539402234
14052073933,twitterrrrrr,4,Virtual account,"Padahal ini aplikasi bank uang recommend, tapi sayang ga ada fitur virtual account :(",8.85.1,0,2026-05-11T03:13:18-07:00,Bank Jago,bank_jago,app_store,1539402234
14051259355,rvansyah,1,LOG OUT TERUS TERUSAN,"ke log out terus, bug terus",8.85.1,0,2026-05-10T20:21:55-07:00,Bank Jago,bank_jago,app_store,1539402234
14047833991,babaw01,5,Kode ALD0BCA0,Nabung Rp500.000 dan tahan selama 30 hari dan dapat Rp50.000 dengan masukkan kode referal ALD0BCA0,8.85.1,0,2026-05-09T22:56:26-07:00,Bank Jago,bank_jago,app_store,1539402234
14047239150,saykan12,2,verifikasi,setiap verifikasi bikin akun baru selalu gagal dengan alasan yang tidak jelas.,8.85.1,0,2026-05-09T18:38:28-07:00,Bank Jago,bank_jago,app_store,1539402234
