review_id,user_name,rating,title,review_text,app_version,vote_sum,review_date,app_name,app_slug,platform,store_id
14457646135,Julyansen SPZ,5,mantappp,"cocok untuk Tabungan online, bagus juga buat investasi untuk pemula, Deposito wow.",3.7.01,0,2026-08-21T23:39:12-07:00,Bank Neo Commerce (BNC),bnc_neobank,app_store,1519178181
14457578953,rangga viandra,5,investasi untuk pemula,"aplikasinya cocok inventasi untuk pemula, caranya gampang ga ribet sama sekali, bisa buat nabung juga",3.7.01,0,2026-08-21T23:09:37-07:00,Bank Neo Commerce (BNC),bnc_neobank,app_store,1519178181
14457101111,Raa's,5,Kerennn,"Mantap banget nih apknya banyak fitur yang mudah digunakan dan memudahkan aktivitas juga, matap pokoknya mah",3.7.01,0,2026-08-21T19:42:34-07:00,Bank Neo Commerce (BNC),bnc_neobank,app_store,1519178181
14457081749,Cinta kita damai,5,Neo,Bagus aplikasinya kak👍🏻👍🏻,3.7.01,0,2026-08-21T19:34:58-07:00,Bank Neo Commerce (BNC),bnc_neobank,app_store,1519178181
14456649067,fadholii,5,rating,aplikasii inii sangattt bagusss apalagii cocokk buattt investasiii buatt pemulaa bener bener cocokk dan baguss banget,3.7.01,0,2026-08-21T16:43:55-07:00,Bank Neo Commerce (BNC),bnc_neobank,app_store,1519178181
14456451444,danang133,5,tabungan online,Menggunakan layanan tabungan online sangat praktis dan cepat. Proses buka rekening lewat HP tanpa antre. Bunga lebih tinggi dan bebas biaya admin,3.7.01,0,2026-08-21T15:24:05-07:00,Bank Neo Commerce (BNC),bnc_neobank,app_store,1519178181
14456242883,avebisvq,5,Mantappp,"Aplikasinya menarik,banyaj fitut yang memudahkan aktivitas sehari-hari terutama qrisnya,ditanbah peromo ters euyyy🫶🏻",3.7.01,0,2026-08-21T14:01:58-07:00,Bank Neo Commerce (BNC),bnc_neobank,app_store,1519178181
14456188958,Ricrdoo,5,Ulasan Saya,"Investasi bagu pemula sangat bagus di neobank dari BNC Digital, Deposito nya sangat Wow",3.7.01,0,2026-08-21T13:41:25-07:00,Bank Neo Commerce (BNC),bnc_neobank,app_store,1519178181
14455772207,Anggitta Dwi Agustin,5,suka bangettt,"suka banget sama fiturnya yang lengkap, apalagi untuk qrissny. cocok juga buat tabungan untuk pemula nih, mantab neobank sukses terus.",3.7.01,0,2026-08-21T11:13:25-07:00,Bank Neo Commerce (BNC),bnc_neobank,app_store,1519178181
14455632786,Ahlan ganteng,5,investasi untuk pemula,"Aplikasinya menarik banyak promo yang sangat bagus, cocok buat yang ingin belajar investasi untuk pemula",3.7.01,0,2026-08-21T10:27:22-07:00,Bank Neo Commerce (BNC),bnc_neobank,app_store,1519178181
14455215104,mhalvinds,5,aplikasi yang sangat bermanfaat,aplikasi ini sangat bermanfaat untuk saya di tambah lagi memudahkan investasi untuk pemula seperti saya,3.7.01,0,2026-08-21T08:19:47-07:00,Bank Neo Commerce (BNC),bnc_neobank,app_store,1519178181
14455122085,Ikbal Baihaqi,5,Kerennn,"Buat kalian yang mau punya Tabungan online, kalian bisa download neobank karna aplikasinya gampang buat di pakai.
selain itu banyak fitur lainnya",3.7.01,0,2026-08-21T07:53:02-07:00,Bank Neo Commerce (BNC),bnc_neobank,app_store,1519178181
14454991353,Putra0101,5,Neobank,"Aplikasi yang sangat menarik,selain bisa bertransaksi kita juga bisa gunakan untuk tabungan,dan juga memiliki fitur qris yang memudahkan kita dalam transaksi",3.7.01,0,2026-08-21T07:15:59-07:00,Bank Neo Commerce (BNC),bnc_neobank,app_store,1519178181
14454988202,@bucinyakamu,5,Josjis bngetssss,Aplikasinya sangat membantu fitur fitur nya juga banyak dan mudah dipahami untuk kalangan anak remaja yang ingin menabung dan pastinya banyak hadiah menarik disini hihi,3.7.01,0,2026-08-21T07:15:06-07:00,Bank Neo Commerce (BNC),bnc_neobank,app_store,1519178181
14454834590,Wati ica,5,Praktis,"Neobank cocok buat yang ingin tabungan online praktis dan mudah digunakan. Proses pembukaan rekeningnya terasa sederhana, tampilan aplikasinya juga cukup modern dan mudah dipahami. Fitur-fitur digitalnya membantu mengatur keuangan dengan lebih praktis tanpa harus sering datang ke kantor bank. Bagi yang sedang mencari layanan perbankan digital yang simpel untuk kebutuhan sehari-hari, Neobank bisa menjadi salah satu pilihan yang menarik untuk dipertimbangkan.",3.7.01,0,2026-08-21T06:31:01-07:00,Bank Neo Commerce (BNC),bnc_neobank,app_store,1519178181
14454809122,raynaldy a rahmansyah,5,tabungan,tabungan ini lebih baik dari tabungan digital lainya fiturnya sangat mudah dipahami dan di mengerti,3.7.01,0,2026-08-21T06:23:35-07:00,Bank Neo Commerce (BNC),bnc_neobank,app_store,1519178181
14454787436,Wldn2704,5,Neo bank,Bank neo bagus untuk dijadikan tempat menabung,3.7.01,0,2026-08-21T06:17:12-07:00,Bank Neo Commerce (BNC),bnc_neobank,app_store,1519178181
14454712128,fiyogacorr,5,MANTAPP,"jujurr ini bank gacorr bnerr,buka deposito online bisa disini cuyy",3.7.01,0,2026-08-21T05:54:55-07:00,Bank Neo Commerce (BNC),bnc_neobank,app_store,1519178181
14454703827,Daffa6262,5,Bank,Aplikasi neo bank fitur fitur di dalam nya bagus dan lengkap tabungan online yang top wajib buat di coba pokoknya,3.7.01,0,2026-08-21T05:52:25-07:00,Bank Neo Commerce (BNC),bnc_neobank,app_store,1519178181
14454590563,Mainemis123,5,Neobank make it easier,"Aplikasi yg sangat membantu dan memudahkan, buka tabungan online satset gak lama, buka depositonya juga bisa online gak perlu capek2 dateng ke branch. Selain interfacenya mudah sekali dipahami untuk investasi bagi pemula, bunga depositonya juga menarik",3.7.01,0,2026-08-21T05:17:29-07:00,Bank Neo Commerce (BNC),bnc_neobank,app_store,1519178181
14454269095,Yuliiisyffraaaa,5,Apknya keren sangat mudah ga ribet,Belum mengundang teman saldonya nambah terus,3.7.01,0,2026-08-21T03:28:11-07:00,Bank Neo Commerce (BNC),bnc_neobank,app_store,1519178181
14454044817,zuriafff,5,tabungan online,"Aplikasi sangat praktis! Buka rekening cepat, bebas biaya admin, dan bunga tabungannya lumayan banget. Transaksi harian jadi makin gampang. Rekomendasi banget!",3.7.01,0,2026-08-21T01:59:44-07:00,Bank Neo Commerce (BNC),bnc_neobank,app_store,1519178181
14453951500,Law Vay,5,Investasi pemula,"Bagus banget buat pemula yang belum terlalu paham investasi,recomended.",3.7.01,0,2026-08-21T01:21:24-07:00,Bank Neo Commerce (BNC),bnc_neobank,app_store,1519178181
14453660725,Naaaaaajh,5,Mantappp,"Aplikasinya menarikk,bnyk fitur yg mempermudah sehari hari kaya qris,di tambah bnyk promonya lagi🥰",3.7.01,0,2026-08-20T23:17:06-07:00,Bank Neo Commerce (BNC),bnc_neobank,app_store,1519178181
14453648719,Asa Hwa,5,SUKAA,"keren banget ini, cocok buat investasi untuk pemula. aman bgt ini ges 🫶",3.7.01,0,2026-08-20T23:11:54-07:00,Bank Neo Commerce (BNC),bnc_neobank,app_store,1519178181
14453602518,Xjack04,5,Tanpa admin,Enak tranfer kemana pun tanpa biaya admin,3.7.01,0,2026-08-20T22:51:31-07:00,Bank Neo Commerce (BNC),bnc_neobank,app_store,1519178181
14453483279,black drill,5,review,aplikasi ini sangat membantu untuk menabung dan untuk investasi,3.7.01,0,2026-08-20T21:58:50-07:00,Bank Neo Commerce (BNC),bnc_neobank,app_store,1519178181
14453133709,emak12,5,Tabungan online,"Tabungan online yg cocok untuk berbagai generasi, karena user friendly dan bisa di akses kapan ajah dan dimana aja",3.7.01,0,2026-08-20T19:34:04-07:00,Bank Neo Commerce (BNC),bnc_neobank,app_store,1519178181
14453056205,neo bank 123,5,bank ini sangat rekomendasi,"Ini aplikasi investasi untuk pemula terbaik. Tampilannya simple, edukasinya jelas dan bikin nagih nabung.",3.7.01,0,2026-08-20T19:04:23-07:00,Bank Neo Commerce (BNC),bnc_neobank,app_store,1519178181
14453009703,ameljlynti,5,rekomendasii,Keren bgtt apk inii rekomendasi buat kaliannn👍🏻👍🏻,3.7.01,0,2026-08-20T18:46:46-07:00,Bank Neo Commerce (BNC),bnc_neobank,app_store,1519178181
14452928553,Asri Maqsudana,5,Tabungan digital,Tabungan digital yang sangat saya rekomendasikan. Bunga depositonya yang tinggi dan cara membuka deposito sangat mudah. Sangat cocok untuk pemula yang ingin investasi.,3.7.01,0,2026-08-20T18:16:04-07:00,Bank Neo Commerce (BNC),bnc_neobank,app_store,1519178181
14452897077,Arhezz17,5,Mantepp bangettt,"Neobank cocok banget buat orang” yang ingin tabungan online, selain bisa tabungan online, neobank juga bisa digunakan untuk transaksi lainnya. nah ketika orang melakukan tabungan online, saya sarankan di neobank saja, mengapa karena udah terjamin tabungan onlinenya. Selain tabungan online, neobank juga menyediakan berbagai fitur seperti melakukan pembayaran qris, dll. Ketika melakukan tabungan knline di neobank, seseorang akan merasakan hal yang dia tidak pernah radakan sebelumnya ketika melakukan tabungan online itu. Tabungan online di neobank udah pasti yang terbaik dari pada tabungan online yang lain. Sebab di neobank tabungan online tersebut kalian bisa mendapatkan kepuasan tersendiri ketika melakukan tabungan online.",3.7.01,0,2026-08-20T18:04:05-07:00,Bank Neo Commerce (BNC),bnc_neobank,app_store,1519178181
14452753118,userjoey1016,5,tabungan online,"tabungan online neobank sangat membantu untuk menyimpan uang dengan praktis, aman, dan mudah diakses kapan saja.",3.7.01,0,2026-08-20T17:08:24-07:00,Bank Neo Commerce (BNC),bnc_neobank,app_store,1519178181
14452405271,Kunyuk122,5,Muantap,Aplikasinya menarik banyak fitur yang memudahkan aktivitas sehari hari terutama qurisnya di tambah promo terus,3.7.01,0,2026-08-20T14:49:52-07:00,Bank Neo Commerce (BNC),bnc_neobank,app_store,1519178181
14452121159,ghaitsa atha,5,app sangat membantu,app ini sangat membatu aku karena saat membayar atau  mengisi token pln biaya admin sangat rendah,3.7.01,0,2026-08-20T13:02:38-07:00,Bank Neo Commerce (BNC),bnc_neobank,app_store,1519178181
14452090010,ade3461,5,Bagus,Tabungan online disini sangatttt bagus dann terpecaya ayoo rekomen banget sih apk ini,3.7.01,0,2026-08-20T12:51:35-07:00,Bank Neo Commerce (BNC),bnc_neobank,app_store,1519178181
14451579224,nayliadm,5,baguss,Aplikasi neobank sangat membantu saya dalam mengelola keuangan sehari-hari melalui fitur tabungan online yang aman dan praktis.,3.7.01,0,2026-08-20T10:01:52-07:00,Bank Neo Commerce (BNC),bnc_neobank,app_store,1519178181
14451487656,Fadhilatul Dhiva,5,Rating,"Aplikasinya menarik banget, cocok buat investasi untuk pemula seperti aku ini. memudahkan semua akses juga, semoga ada promo terus yaa",3.7.01,0,2026-08-20T09:33:44-07:00,Bank Neo Commerce (BNC),bnc_neobank,app_store,1519178181
14451202521,Nicholas aldi,5,Tabungan,Tabungan yang sangat mantap,3.7.01,0,2026-08-20T08:10:24-07:00,Bank Neo Commerce (BNC),bnc_neobank,app_store,1519178181
14450928173,putskyyyy,5,Sangat Membantu,"UI nya enak dipandang, mudah diakses. Cocok buat investasi untuk pemula. pokoknya mantapppp",3.7.01,0,2026-08-20T06:53:21-07:00,Bank Neo Commerce (BNC),bnc_neobank,app_store,1519178181
14450912806,tetuko roratandya,5,mantap,tabungan online,3.7.01,0,2026-08-20T06:49:01-07:00,Bank Neo Commerce (BNC),bnc_neobank,app_store,1519178181
14450872403,flvmra21,5,Investasi untuk pemula,Tabungan Online,3.7.01,0,2026-08-20T06:37:30-07:00,Bank Neo Commerce (BNC),bnc_neobank,app_store,1519178181
14450652536,Whoishengkyz,5,kerennn,"Aplikasii ini banyak fiturnya ga kalah menarik dari bank lainya,cocokk untuk menyimpan uang digital disinii",3.7.01,0,2026-08-20T05:32:32-07:00,Bank Neo Commerce (BNC),bnc_neobank,app_store,1519178181
14450086962,zhvvaulia,5,Bagus banget,"Neobank cocok banget untuk tabungan online karena praktis, mudah digunakan, dan prosesnya juga cepat 👍🏻👍🏻",3.7.01,0,2026-08-20T02:14:01-07:00,Bank Neo Commerce (BNC),bnc_neobank,app_store,1519178181
14449975955,FikriNadhifF,5,Mantap,"Aplikasi NeoBank hadir sebagai solusi perbankan digital untuk generasi muda. Setelah menggunakan aplikasi ini, berikut poin plus dan minus yang saya rasakan secara objektif😁😁",3.7.01,0,2026-08-20T01:28:31-07:00,Bank Neo Commerce (BNC),bnc_neobank,app_store,1519178181
14449908883,SyahiraS,5,Tabungan Online!,Aplikasi untuk tabungan online yang digunakan mudah dan gampang untuk dilakukan dan cepat,3.7.01,0,2026-08-20T01:00:49-07:00,Bank Neo Commerce (BNC),bnc_neobank,app_store,1519178181
14449861094,syegllghr,5,Aplikasi Keren,Aplikasi ini benar-benar menjadi solusi terbaik untuk investasi untuk pemula. Tampilannya sangat mudah dipahami dan tidak membingungkan bagi orang yang baru belajar,3.7.01,0,2026-08-20T00:40:30-07:00,Bank Neo Commerce (BNC),bnc_neobank,app_store,1519178181
14449811707,felbap,5,Tabungan digital,"Tabungan digital bunga tinggi, praktis dipakai dan cocok buat nabung sedikit demi sedikit setiap hari.",3.7.01,0,2026-08-20T00:19:36-07:00,Bank Neo Commerce (BNC),bnc_neobank,app_store,1519178181
14449805630,ptraa.e,5,meninjau,"sangat bagus,  bagi saya aplikasi ini cocok investasi untuk pemula, karna fitur nya sangat mudah dan simpel untuk digunakan. terimakasih developer",3.7.01,0,2026-08-20T00:17:03-07:00,Bank Neo Commerce (BNC),bnc_neobank,app_store,1519178181
14449780619,mba mba mantap,5,Mantap,Deposito untuk pemula dan aplikasinya menarik,3.7.01,0,2026-08-20T00:06:35-07:00,Bank Neo Commerce (BNC),bnc_neobank,app_store,1519178181
14449739101,Dhioabsyhdn,5,Tabungan Online,Neobank sangat mengembangkan niat saya menabung dalam tabungan online dan sangat membantu,3.7.01,0,2026-08-19T23:48:53-07:00,Bank Neo Commerce (BNC),bnc_neobank,app_store,1519178181
14449716279,annisanurulshanti,5,rekomendasi bgt sih,rekomendasi bgt ni apk buat investasi di masa muda cara inves gampang ga ribet dijamin aman deposito di bank ini udh ga jadi watir krna ini apk bagus bgt,3.7.01,0,2026-08-19T23:39:11-07:00,Bank Neo Commerce (BNC),bnc_neobank,app_store,1519178181
14449694544,Hyurkt,5,Tabungan digital,"Tabungan digital yang keren banget bisa untuk investasi bagi pemula dan yang belum pernah coba harus coba sih,,, tabungan yang rekomen banget",3.7.01,0,2026-08-19T23:29:47-07:00,Bank Neo Commerce (BNC),bnc_neobank,app_store,1519178181
14449675859,Riaanggraini287,5,Tabungan online,"Wah tabungan nya aman mudah dan cepat, banyak fitur untuk kita pemula yg mau investasi, di jamin bagus 
Neo bank tabungan online yg mudah dan  cepat",3.7.01,0,2026-08-19T23:21:45-07:00,Bank Neo Commerce (BNC),bnc_neobank,app_store,1519178181
14449610080,ulandara,5,aplikasi menarik,"tabungan online, banyak promo, modal 100rb udh bisa buka deposito bunga cair tiap hari",3.7.01,0,2026-08-19T22:52:59-07:00,Bank Neo Commerce (BNC),bnc_neobank,app_store,1519178181
14449587388,Nizie juliansyah,5,Nizie juliansyah,Bagus keren bisa menyimpan dan banyak bonus untuk claim juga,3.7.01,0,2026-08-19T22:42:49-07:00,Bank Neo Commerce (BNC),bnc_neobank,app_store,1519178181
14449580844,Yayayaaini0,5,Tabungan digital dengan bunga tinggi,"Bunga deposito yang ditawarkan sangay bagus, aplikasi ini keren banget.",3.7.01,0,2026-08-19T22:39:51-07:00,Bank Neo Commerce (BNC),bnc_neobank,app_store,1519178181
14449567750,megautmi,5,tabungan online,sangat rekomended untuk pekerja seperti saya yg membutuhkan tabungan online dan bisa belajar investasi untuk pemulaaa,3.7.01,0,2026-08-19T22:34:05-07:00,Bank Neo Commerce (BNC),bnc_neobank,app_store,1519178181
14449518984,mozrizky,5,TABUNGAN ONLINE rekomen,"Gaa salahh pilihh bankk 
mantappp, bagus banget buat TABUNGAN ONLINE",3.7.01,0,2026-08-19T22:12:40-07:00,Bank Neo Commerce (BNC),bnc_neobank,app_store,1519178181
14449502279,heyla06,5,MANTAPPP,"ini aplikasii baguss bangett sii jangann ragu deh pake aplikasi ini, tabungan online pasti aman, tabungan digital bunga tinggi, depositnya woww parahh, buka depostit nya online jadi lebih mudah, ada juga deposit bank digital dan bunga deposit, dan bisa investadi untuk pemula, pokonyaa amann dehh di sinii",3.7.01,0,2026-08-19T22:05:21-07:00,Bank Neo Commerce (BNC),bnc_neobank,app_store,1519178181
14449370477,putri ranni,5,kerenn,aplikasinya yang memudahkan saya membuka tabungan online,3.7.01,0,2026-08-19T21:07:49-07:00,Bank Neo Commerce (BNC),bnc_neobank,app_store,1519178181
14449367694,bintangajeaa,5,kerenn,"Tabungan online ini praktis, mudah digunakan, dan membantu saya mengatur keuangan sehari-hari dengan lebih teratur.",3.7.01,0,2026-08-19T21:06:35-07:00,Bank Neo Commerce (BNC),bnc_neobank,app_store,1519178181
14449343880,Gilanghafidz03,5,Mantapp,Aplikasinya sangat membantu apalagi fitur qris nya banyak promo nya dan juga memudahkan aktivitas sehari hari,3.7.01,0,2026-08-19T20:56:34-07:00,Bank Neo Commerce (BNC),bnc_neobank,app_store,1519178181
14449245548,Juairiahjavier,5,Tabungan zaman now,"Senang banget dpt aplikasi ini, tabungan online yg kekinian dan memudahkan segala aktivitas dan ga ribet. Tinggal rebahan aja udah bisa ngapa2in.",3.7.01,0,2026-08-19T20:16:12-07:00,Bank Neo Commerce (BNC),bnc_neobank,app_store,1519178181
14449150999,LanangIreng,5,Aplikasi Perbankan,"Salah satu bank digital terbaik untuk INVESTASI PEMULA, ada tabungan online, deposito, dll",3.7.01,0,2026-08-19T19:39:13-07:00,Bank Neo Commerce (BNC),bnc_neobank,app_store,1519178181
14449132402,Zael 0554,5,Bagus aplikasi nya,"Aplikasinya simpel banget, daftar nya juga cepet, transfer pun gratis, recommended buat nabung",3.7.01,0,2026-08-19T19:32:03-07:00,Bank Neo Commerce (BNC),bnc_neobank,app_store,1519178181
14449093369,kevin diaz saputra,5,neo bank apk,"Aplikasi neo bank ini sangat praktis dan aman untuk tabungan online, proses pendaftarannya cepat serta fiturnya sangat membantu.",3.7.01,0,2026-08-19T19:17:18-07:00,Bank Neo Commerce (BNC),bnc_neobank,app_store,1519178181
14448985572,neineiuuu,5,neobank oke,"aplikasi bank tersatset, semua fitur nya oke bgt terutama tabungan online nya bener bener ngebantu banget",3.7.01,0,2026-08-19T18:36:52-07:00,Bank Neo Commerce (BNC),bnc_neobank,app_store,1519178181
14448975813,ozellaaa,5,keren,"cocok banget bagi yang investasi untuk pemula, praktis dan gampang digunakan👍🏻",3.7.01,0,2026-08-19T18:33:12-07:00,Bank Neo Commerce (BNC),bnc_neobank,app_store,1519178181
14448934978,rrsmawtii_,5,Mantappp,"deposito wow,aplikasinya menarik banyak fitur yang memudahkan aktivitas sehari hari",3.7.01,0,2026-08-19T18:17:55-07:00,Bank Neo Commerce (BNC),bnc_neobank,app_store,1519178181
14448793821,zafeeeya,5,Investasi,"aplikasinya mudah digunakan, menarik banget buat dicoba apalagi yang mau mulai investasi di sini cocok investasi untuk pemula",3.7.01,0,2026-08-19T17:24:12-07:00,Bank Neo Commerce (BNC),bnc_neobank,app_store,1519178181
14448327785,Alyazahra27,5,review,"untuk investasi pemula bagus banget si karna mudah,aman dan terpercaya!! best pokoknya",3.7.01,0,2026-08-19T14:22:31-07:00,Bank Neo Commerce (BNC),bnc_neobank,app_store,1519178181
14448302623,gondrong25,5,bagus,bagus sekali dan gampang cara daftar nya untuk dapet cuan gampang banget di neobank,3.7.01,0,2026-08-19T14:13:09-07:00,Bank Neo Commerce (BNC),bnc_neobank,app_store,1519178181
14448266751,sesaazs,5,Tabungan online,Cobain tabungan online pake Bank Neo ternyata secanggih ini. Fitur Neo Now & bunga tiap hari bikin makin semangat nabung.,3.7.01,0,2026-08-19T14:00:00-07:00,Bank Neo Commerce (BNC),bnc_neobank,app_store,1519178181
14448161262,prskx,5,high interest rates,"Suka banget pakai digital bank satu ini buat nabung karena dapet bunganya tinggi up to 4% 😍 baru coba tabungan NOW sihh, tp next mau coba depositnya yang WOW itu ah bisa dapet up to 7% 🥹",3.7.01,0,2026-08-19T13:21:42-07:00,Bank Neo Commerce (BNC),bnc_neobank,app_store,1519178181
14447795424,nadinssssss,5,Mantap,Tabungan digital bunga tinggi,3.7.01,0,2026-08-19T11:16:18-07:00,Bank Neo Commerce (BNC),bnc_neobank,app_store,1519178181
14447690912,nopenn.dra,5,Mantappp,Rekomendasi banget buat yang mau nyimpen uang! Dapet tabungan digital bunga tinggi yang bikin dana berkembang cepat.,3.7.01,0,2026-08-19T10:42:10-07:00,Bank Neo Commerce (BNC),bnc_neobank,app_store,1519178181
14447554238,iqbalramadan,5,Mantap,Aplikasi menarik,3.7.01,0,2026-08-19T09:59:06-07:00,Bank Neo Commerce (BNC),bnc_neobank,app_store,1519178181
14447475414,ipankuy,5,deposit,mau mencoba deposit disini semoga bisa,3.7.01,0,2026-08-19T09:34:50-07:00,Bank Neo Commerce (BNC),bnc_neobank,app_store,1519178181
14447466805,Fadel amd,5,Investasi untuk pemula,Investasi untuk pemula,3.7.01,0,2026-08-19T09:32:14-07:00,Bank Neo Commerce (BNC),bnc_neobank,app_store,1519178181
14447405029,Tafarel Zakiano,5,review,investasi untuk pemula,3.7.01,0,2026-08-19T09:13:45-07:00,Bank Neo Commerce (BNC),bnc_neobank,app_store,1519178181
14447319652,Syifa_maharani,5,Tabungan online,Tabungan online untuk kemudahan transaksi secara online dimanapun dan kapanpun. Fitur sangat lengkap sehingga memudahkan dalam transaksi apapun.,3.7.01,0,2026-08-19T08:48:28-07:00,Bank Neo Commerce (BNC),bnc_neobank,app_store,1519178181
14447293962,Jennynababan,5,Kerennn cuyyy,Aplikasi yg keren dan menarik semoga lebih cetar dan gong lagi buat promo nya,3.7.01,0,2026-08-19T08:40:59-07:00,Bank Neo Commerce (BNC),bnc_neobank,app_store,1519178181
14447276144,Rezafahlefi1,5,Neo Bank,"aplikasi nya sangat menarik, mempermudah untuk melakukan transaksi, sangat berguna bagi investasi pemula",3.7.01,0,2026-08-19T08:35:49-07:00,Bank Neo Commerce (BNC),bnc_neobank,app_store,1519178181
14447108385,Fariswapa,5,Mantap,Bunga deposito yang rendah bunga,3.7.01,0,2026-08-19T07:48:04-07:00,Bank Neo Commerce (BNC),bnc_neobank,app_store,1519178181
14447104537,prasetyo adhi rabbani,5,ulasan,aplikasi terbaik bunga deposit rendah dan cepat deposit,3.7.01,0,2026-08-19T07:46:58-07:00,Bank Neo Commerce (BNC),bnc_neobank,app_store,1519178181
14447054726,Santiw12,5,Tabungan online,"Rekomendasi Tabungan online terbaik di bankneo,aku pake udah hampir 5tahun.",3.7.01,0,2026-08-19T07:32:57-07:00,Bank Neo Commerce (BNC),bnc_neobank,app_store,1519178181
14446941457,Newdidi2000,5,Kerennn,"Tabungan online yang bagus, praktis dan mudah digunakan semua orang untuk transaksi di era digital sekarang",3.7.01,0,2026-08-19T07:01:11-07:00,Bank Neo Commerce (BNC),bnc_neobank,app_store,1519178181
14446741127,intan canss,5,keren,"syukaa bgtt sama aplikasi ini, aku jadi bisa buka tabungan online dan mulai menabung sendiri, pokoknya rekomendasi bgttt🫶",3.7.01,0,2026-08-19T06:03:17-07:00,Bank Neo Commerce (BNC),bnc_neobank,app_store,1519178181
14446431484,Yulfatifah,5,Tabungan Online,Aplikasi memudahkan apalagi di zaman digital seperti ini tabungan online tanpa perlu datang ke cabang sangat sangat menyenangkan,3.7.01,0,2026-08-19T04:26:09-07:00,Bank Neo Commerce (BNC),bnc_neobank,app_store,1519178181
14446414127,Azizah Putriiii,5,Neo Bank,"Penawaran aplikasinya beragam dan menarik, banyak fitur yang memudahkan transaksi sehari-hari mulai dari investasi, tabungan, dan juga pinjaman pun ada. Jujur untuk fitur tabungan online nya sangat pemula friendly. Ditambah banyak promo dan juga penawaran lainnya kerenn, thank u bank neo 🤩🫶🏻",3.7.01,0,2026-08-19T04:20:21-07:00,Bank Neo Commerce (BNC),bnc_neobank,app_store,1519178181
14446397246,Zaskia Zr,5,KEPUASAN PELANGGAN,"Ulasan Bank Neo

Awalnya coba Bank Neo karena tertarik dengan konsep tabungan online yang praktis dan serba digital. Menurutku menarik banget karena ada pilihan tabungan digital bunga tinggi, jadi uang yang disimpan tetap bisa berkembang.

Selain tabungan, ada juga Deposito WOW yang cocok buat yang ingin menyimpan uang dalam jangka waktu tertentu. Proses buka deposito online juga praktis karena bisa dilakukan langsung dari aplikasi tanpa perlu datang ke bank.

Buat yang baru mulai belajar mengatur keuangan, deposito bank digital seperti ini cukup menarik untuk dipertimbangkan, terutama karena bisa belajar memahami bunga deposito sekaligus membangun kebiasaan menabung.

Menurutku, Bank Neo juga bisa jadi salah satu pilihan investasi untuk pemula yang ingin mulai mengelola uang secara digital dengan cara yang simpel dan mudah dipahami. 💙✨",3.7.01,0,2026-08-19T04:14:35-07:00,Bank Neo Commerce (BNC),bnc_neobank,app_store,1519178181
14446264570,octxx,5,BAGUS SEKALI,aplikasinya sangat memudahkan dalam membuka tabungan online. tidak ribet dan sangat memudahkan bagi pengguna baru,3.7.01,0,2026-08-19T03:27:03-07:00,Bank Neo Commerce (BNC),bnc_neobank,app_store,1519178181
14446234085,AWSOE1-INDO,5,Lengkap,Aplikasi paling lengkap,3.7.01,0,2026-08-19T03:15:36-07:00,Bank Neo Commerce (BNC),bnc_neobank,app_store,1519178181
14446202649,dfzzz177,5,tabungan online,"Aplikasi mudah digunakan, proses cepat, tabungan online praktis, aman, dan sangat membantu.",3.7.01,0,2026-08-19T03:03:33-07:00,Bank Neo Commerce (BNC),bnc_neobank,app_store,1519178181
14446127381,Astissa,5,Tabungan online,"Tabungan online ini menurut saya praktis dan mudah digunakan. Prosesnya sederhana, tampilannya juga",3.7.01,0,2026-08-19T02:34:04-07:00,Bank Neo Commerce (BNC),bnc_neobank,app_store,1519178181
14445919039,mamay999,5,bagus,mantap betul,3.7.01,0,2026-08-19T01:09:16-07:00,Bank Neo Commerce (BNC),bnc_neobank,app_store,1519178181
14445887537,JENNInallut,5,MANTUL,"Keren bnget ni Apk memudah aku bngett untuk membuka deposito bank online, tanpa harus pergi ke kantor bank.",3.7.01,0,2026-08-19T00:56:20-07:00,Bank Neo Commerce (BNC),bnc_neobank,app_store,1519178181
14445674465,Adhinda.pz,5,Tabungan online terbaik,"Aplikasi NeoBank cocok banget buat yang cari tabungan online. Prosesnya mudah, tampilannya simpel, dan fitur-fiturnya juga cukup lengkap. Menabung jadi lebih praktis karena bisa dilakukan langsung dari HP. Sejauh ini pengalaman saya menggunakan NeoBank cukup nyaman.",3.7.01,0,2026-08-18T23:25:38-07:00,Bank Neo Commerce (BNC),bnc_neobank,app_store,1519178181
14445649474,alfadiat,5,mantap,sangat memuaskan,3.7.01,0,2026-08-18T23:14:34-07:00,Bank Neo Commerce (BNC),bnc_neobank,app_store,1519178181
14445619328,abdulslayer,5,ulasan,best neo bank buat tabungan online sangat bagus,3.7.01,0,2026-08-18T23:01:19-07:00,Bank Neo Commerce (BNC),bnc_neobank,app_store,1519178181
14445355314,Divi ganteng,5,Neobank mantapp,"Tabungan online ini sangat praktis dan mudah digunakan. Bunga yang ditawarkan menarik, sehingga cocok untuk menabung sekaligus mendapatkan keuntungan. Fitur deposito online juga memudahkan pengguna dalam mengatur keuangan dan investasi untuk pemula.",3.7.01,0,2026-08-18T21:05:16-07:00,Bank Neo Commerce (BNC),bnc_neobank,app_store,1519178181
14445348350,Cikal robiatul madani,5,Keren bangettttt,Cocok banget buat investasi buat pemula kaya saya di jamin mudah banget,3.7.01,0,2026-08-18T21:02:16-07:00,Bank Neo Commerce (BNC),bnc_neobank,app_store,1519178181
14445330371,Lilyaaaa672,5,Tabungan onlinee,"Tabungan online di Bank Neo praktis, mudah digunakan, proses cepat, dan cocok untuk kebutuhan finansial sehari-hari.",3.7.01,0,2026-08-18T20:54:42-07:00,Bank Neo Commerce (BNC),bnc_neobank,app_store,1519178181
14445264824,Rizqi Fath,5,Sangat membantu,"Aplikasi Bank Neo cukup membantu untuk investasi pemula karena tampilannya sederhana dan mudah dipahami. Proses pembukaan rekening cepat, fitur tabungan dan deposito menarik, serta informasi produk keuangan disajikan dengan jelas. Cocok bagi yang baru mulai mengelola keuangan dan belajar berinvestasi dengan risiko yang lebih terukur. Pengalaman penggunaan sejauh ini lancar dan fiturnya terus berkembang.",3.7.01,0,2026-08-18T20:27:29-07:00,Bank Neo Commerce (BNC),bnc_neobank,app_store,1519178181
14445207014,kumprank,5,aplikasi baguss,ni aplikasi sangat membantu apalagi buat tabungan online worth it banget gak ngelag lucu juga lagi,3.7.01,0,2026-08-18T20:04:05-07:00,Bank Neo Commerce (BNC),bnc_neobank,app_store,1519178181
14444977360,Musacahya_k,5,Tabungan online rekomended,"Aplikasinya praktis dan mudah digunakan. Cocok untuk tabungan online karena prosesnya cepat, tampilannya sederhana, dan informasinya cukup jelas.",3.7.01,0,2026-08-18T18:36:24-07:00,Bank Neo Commerce (BNC),bnc_neobank,app_store,1519178181
14444772009,Fanabasita,5,Nice,"Sejauh ini pengalaman menggunakan neo cukup menyenangkan. Prosesnya praktis, mudah digunakan, dan sangat membantu untuk mengatur keuangan secara digital. Fitur yang tersedia juga cukup lengkap sehingga transaksi menjadi lebih cepat dan nyaman.",3.7.01,0,2026-08-18T17:18:56-07:00,Bank Neo Commerce (BNC),bnc_neobank,app_store,1519178181
14444756329,N.eyza,5,Tabungan online praktis,"Pengalaman menggunakan layanan ini sangat memuaskan Proses pembuatan tabungan online sangat cepat, praktis, dan aman tanpa perlu repot antre di bank. Sangat direkomendasikan",3.7.01,0,2026-08-18T17:12:55-07:00,Bank Neo Commerce (BNC),bnc_neobank,app_store,1519178181
14444653296,kimsareal,5,mudah digunakan,"dulu awalnya ga ngrti cara pakenya, trus awal nyoba pke qris gilaa transaksinya cepet bgt anti macet, akhirnya smpe skrg selalu pke neo, cocok nih buat investasi untuk pemula",3.7.01,0,2026-08-18T16:32:47-07:00,Bank Neo Commerce (BNC),bnc_neobank,app_store,1519178181
14444554351,Arrapw,5,Wowww memudahkan,"Menurut saya, Bank Neo Commerce cocok untuk pemula karena tabungan online mudah digunakan, memiliki bunga tabungan digital yang menarik, dan tersedia Deposito WOW. Prosesnya praktis melalui aplikasi, sehingga bisa menjadi pilihan investasi untuk pemula.",3.7.01,0,2026-08-18T15:53:36-07:00,Bank Neo Commerce (BNC),bnc_neobank,app_store,1519178181
14443292936,ell gemas,5,bagus,bagus banget apk ini banyak fitur” nya disini cocok banget buat nabung karna keamanan nya terjamin serta banyak promo menarik pokoknya mantep deh,3.7.01,0,2026-08-18T08:44:14-07:00,Bank Neo Commerce (BNC),bnc_neobank,app_store,1519178181
14443038846,Matthew KS,5,rating,"keren kak apknya, cocok ni buat yg mau invest untuk pemula kek aku",3.7.01,0,2026-08-18T07:31:16-07:00,Bank Neo Commerce (BNC),bnc_neobank,app_store,1519178181
14442554997,guaisj,1,Gua registrasi gabisa,Habis download registrasi gabisa malah dispam nomor’ gadikenal ga worth gaesss never download this,3.7.01,0,2026-08-18T05:09:42-07:00,Bank Neo Commerce (BNC),bnc_neobank,app_store,1519178181
14442492715,Tsabina mikayla,5,Deposito wow,"Suka banget sama neobank. Proses buka deposito wow gampang banget lewat HP, ga ribet, tenornya juga fleksibel buat pengatur keuangan.",3.7.01,0,2026-08-18T04:49:46-07:00,Bank Neo Commerce (BNC),bnc_neobank,app_store,1519178181
14442406946,Mufidaaaaa,5,Neobank,"App keuangan yang di percaya , memudahkan untuk pembayaran tiap hari",3.7.01,0,2026-08-18T04:21:15-07:00,Bank Neo Commerce (BNC),bnc_neobank,app_store,1519178181
14442403635,Ikbaldwi,5,Tabungan online,Tabungan online ini rekomendasi banget mudah diakses cocok untuk semua kalangan,3.7.01,0,2026-08-18T04:20:07-07:00,Bank Neo Commerce (BNC),bnc_neobank,app_store,1519178181
14442058522,Orang Baek,5,APLIKASI BANK TERFAVORIT,"Aplikasi bank yang jarang error atau gangguan apapun,dari segi aplikasi dan fitur gampang dan sangat rekomen buat di download,dan hal yang paling oke,deposito dengan bunga yang cukup besar dibandingan bank” yang lain. 

Ig:@ganggaaa13
Ref:WFY3C3",3.7.01,0,2026-08-18T02:11:00-07:00,Bank Neo Commerce (BNC),bnc_neobank,app_store,1519178181
14441983970,Mnsgejrmbd,5,Puasnya Ada Bankneo,"Neobank Merupakan TABUNGAN ONLINE, TABUNGAN DIGITAL BUNGA TINGGI, produknya tabunga ini juga ada DEPOSITO WOW, terdapat juga BUKA DEPOSITO ONLINE, DEPOSITO BANK DIGITAL dengan BUNGA DEPOSITO yg cukup tinggi dan tersedia juga INVESTASI PEMULA",3.7.01,0,2026-08-18T01:40:42-07:00,Bank Neo Commerce (BNC),bnc_neobank,app_store,1519178181
14441672248,sabila nids,5,Neo Bank,"Sejauh ini pengalaman pakai Bank Neo cukup oke. Buat yang butuh tabungan online yang praktis, menurutku ini bisa jadi salah satu pilihan. Prosesnya simpel dan semuanya bisa dilakukan lewat aplikasi👍👍",3.7.01,0,2026-08-17T23:28:09-07:00,Bank Neo Commerce (BNC),bnc_neobank,app_store,1519178181
14441620858,nta01457,5,WOW,"aplikasinya sangat menarik, memudahkan untuk bertransaksi, sangat berguna berinvestasi untuk pemula",3.7.01,0,2026-08-17T23:05:27-07:00,Bank Neo Commerce (BNC),bnc_neobank,app_store,1519178181
14441509675,raffelll,5,BANK DIGITAL YANG BERGUNA,neobank menjadi salah satu bank digital yang sangat berguna untuk sekarang dan seterusnya,3.7.01,0,2026-08-17T22:15:56-07:00,Bank Neo Commerce (BNC),bnc_neobank,app_store,1519178181
14441503811,febrilianaa,5,Bagus,Suka banget sama tabungan digital bunga tinggi di sini. Cuan tiap bulan dan fiturnya lengkap.,3.7.01,0,2026-08-17T22:13:17-07:00,Bank Neo Commerce (BNC),bnc_neobank,app_store,1519178181
14441433222,yanolyx,5,APLIKASI KEREN,"ngebantu banget untuk investasi pemula atau sekedar tabungan online, mantap👍🏻🫰🏻",3.7.01,0,2026-08-17T21:42:07-07:00,Bank Neo Commerce (BNC),bnc_neobank,app_store,1519178181
14441308871,Tom Christ123,5,Tabungan Online,"sangat bagus untuk memulai tabungan online, karena uang yang berada didalam sangat terjaga dengan aman dan sangat mudah melakukan transaksi",3.7.01,0,2026-08-17T20:48:26-07:00,Bank Neo Commerce (BNC),bnc_neobank,app_store,1519178181
14441292405,rznopnop,5,investasi buat pemula,"Investasi terbaik untuk pemula bukanlah saham atau properti, melainkan ilmu dan konsiste",3.7.01,0,2026-08-17T20:41:36-07:00,Bank Neo Commerce (BNC),bnc_neobank,app_store,1519178181
14441272399,Venni oktaviani,5,KEREEENNN,"yg bingung mau nabung di bank tabungan online dimana bisa bgt nih pake neobank, fiturnya lengkap dan memudahkan bgttt buat nabung 🤩",3.7.01,0,2026-08-17T20:33:21-07:00,Bank Neo Commerce (BNC),bnc_neobank,app_store,1519178181
14441196468,Ardiansyahhabdullhasan,5,Sangat menarik,Sangat membantu sekali dengan apk neo bank sangt rekomendasi bgt,3.7.01,1,2026-08-17T20:02:50-07:00,Bank Neo Commerce (BNC),bnc_neobank,app_store,1519178181
14441184838,MBG My Bini Gue,5,Tabungan Online Terbaik,"keren sih ini aplikasinya, buat tabungan online lebih praktis. bunga nya juga rendah, dan kalo mau transaksi jadi ga ribet lagi tinggal buka aplikasi neo bank semua fitur sudah tersedia.",3.7.01,0,2026-08-17T19:58:22-07:00,Bank Neo Commerce (BNC),bnc_neobank,app_store,1519178181
14441119123,ʚɞ🙏,4,Keren,Keren,3.7.01,0,2026-08-17T19:32:56-07:00,Bank Neo Commerce (BNC),bnc_neobank,app_store,1519178181
14441118548,pratiwi lulu,5,bunga tinggi,"bank dengan bunga tinggi, tersedia jg deposito.
cocok buat invest pemula",3.7.01,0,2026-08-17T19:32:42-07:00,Bank Neo Commerce (BNC),bnc_neobank,app_store,1519178181
14441088180,Astuti_widya,5,Kerennn,Aplikasi yang sangat terpecaya buat jadi tujuan tabungan online emang terbaik deh👍👍,3.7.01,0,2026-08-17T19:21:08-07:00,Bank Neo Commerce (BNC),bnc_neobank,app_store,1519178181
14440920643,monnnnn20,5,TOP!!!,"amat sangat membantu untuk nabungg online dan trf sehari"" soalnya free adminn, sukaaak😽🫶🏻",3.7.01,0,2026-08-17T18:18:35-07:00,Bank Neo Commerce (BNC),bnc_neobank,app_store,1519178181
14440840360,jejejejejejeh,5,Niceeee,Bagus banget untuk yang mau investasi bagi pemula bisa belajar disini juga bisa banget buat qris👍🏻,3.7.01,0,2026-08-17T17:48:20-07:00,Bank Neo Commerce (BNC),bnc_neobank,app_store,1519178181
14440648517,Erlinannn,5,Tabungan Online,"Baru ini sih nemu tabungan digital bunganya tinggi cocok banget buat yg kaum milenial jaman sekarang, transaksinya juga mudah tampilannya gak ngebosenin suka banget deh sama tabungan ini",3.7.01,0,2026-08-17T16:34:24-07:00,Bank Neo Commerce (BNC),bnc_neobank,app_store,1519178181
14440481714,Fara Nella,5,MANTAPPP BANGET,aplikasi nya menarik sekaliii banyak fiturnyaa dan nyaman banget dipake memudahkan kita buat payment dan banyak promonyaaa 🤩,3.7.01,0,2026-08-17T15:29:13-07:00,Bank Neo Commerce (BNC),bnc_neobank,app_store,1519178181
14440435789,ila nurlaila,5,neobank,"Aku suka banget dengan adanya fitur tabungan online di Bank Neo karena menurut aku sangat membantu untuk menyisihkan uang dan mengatur keuangan dengan lebih teratur. Menabung jadi terasa lebih mudah karena uang yang ingin ditabung bisa dipisahkan dari uang untuk kebutuhan sehari-hari, jadi nggak gampang kepakai 😭💗

Menurut aku fitur tabungannya juga praktis dan cocok banget buat yang sedang belajar membangun kebiasaan menabung. Kita bisa menentukan tujuan dan lebih termotivasi untuk konsisten mengumpulkan uang sedikit demi sedikit. Walaupun nominalnya belum besar, kalau dilakukan secara rutin lama-lama pasti terkumpul juga.

Sejauh ini pengalaman aku menggunakan tabungan online di Bank Neo cukup nyaman. Semoga ke depannya semakin banyak fitur yang membantu pengguna dalam menabung, mengatur keuangan, dan mencapai target finansial. Buat aku, nabung jadi terasa lebih gampang, rapi, dan menyenangkan 💰✨",3.7.01,0,2026-08-17T15:11:38-07:00,Bank Neo Commerce (BNC),bnc_neobank,app_store,1519178181
14440415227,makkkppii,4,Goodd,"aplikasi yang wow sangat enak untuk dibuat transaksi dan investasi.
buat keseharian sangat worth it banget🫶",3.7.01,0,2026-08-17T15:03:58-07:00,Bank Neo Commerce (BNC),bnc_neobank,app_store,1519178181
14439954736,Vega Riyanti,5,Tabungan Online Top,"Keren banget apk nya,saya jadi bisa nabung online",3.7.01,0,2026-08-17T12:18:41-07:00,Bank Neo Commerce (BNC),bnc_neobank,app_store,1519178181
14439836712,syafiraaw,5,jujurly recomended,cocok bgtt buat yang mau mulai nabung online plus bunga tabungannya okee pisan ueyy lovee🫰🏻,3.7.01,0,2026-08-17T11:39:13-07:00,Bank Neo Commerce (BNC),bnc_neobank,app_store,1519178181
14439716761,danielofernandoalex,5,danielofernandoalex,"buka tabungan di neobank lebih
josjis pokonya aman dan
terpercaya lagi love uuu neobank🙏🏻🙏🏻🙏🏻🙏🏻",3.7.01,0,2026-08-17T11:00:12-07:00,Bank Neo Commerce (BNC),bnc_neobank,app_store,1519178181
14439590047,Emil anggara,5,pt,"aplikasi nya menarik, tempat menabung yang parktis dan mantap",3.7.01,0,2026-08-17T10:20:11-07:00,Bank Neo Commerce (BNC),bnc_neobank,app_store,1519178181
14439478076,karunggggg,5,Mantap bosss,layanan tabungan digital bunga tinggi ini sangat membantu mengoptimalkan keuntungan finansial masa depan saya secara maksimal,3.7.01,0,2026-08-17T09:46:12-07:00,Bank Neo Commerce (BNC),bnc_neobank,app_store,1519178181
14439152515,Mira larasati,5,Okeee,"Awalnya tertarik karena ada fitur tabungan online yang praktis dan mudah digunakan. Setelah mencoba, ternyata prosesnya cukup simpel dan informasinya juga mudah dipahami. Buat yang sedang mencari tabungan digital bunga tinggi, menurut saya ini bisa jadi salah satu pilihan yang menarik. Saya juga suka karena tersedia pilihan deposito bank digital dan informasi mengenai bunga deposito yang cukup jelas. Selain untuk menabung, ada juga pilihan investasi untuk pemula yang menurut saya cukup membantu untuk mulai belajar mengelola keuangan. Secara keseluruhan, pengalaman saya cukup positif dan aplikasinya terasa praktis untuk kebutuhan finansial sehari-hari.",3.7.01,0,2026-08-17T08:10:43-07:00,Bank Neo Commerce (BNC),bnc_neobank,app_store,1519178181
14438966220,Margais Nurdiono,5,Bank digital terbaik,Bisa nabung disini dan bisa deposito dengan mudah disini,3.7.01,0,2026-08-17T07:17:57-07:00,Bank Neo Commerce (BNC),bnc_neobank,app_store,1519178181
14438843416,bagus noviyanto,5,Mantapp,"Aplikasinya menarik, banyak fitur yang memudahkan aktivitas sehari-hari terutama qris nyaa, ditambah promo trus euyyy🤩🥳",3.7.01,0,2026-08-17T06:43:00-07:00,Bank Neo Commerce (BNC),bnc_neobank,app_store,1519178181
14438823162,zaki alvin,5,bagus banget,tabungan online yang sangat terpercaya baik dari kalangan muda maupun lansia,3.7.01,0,2026-08-17T06:37:05-07:00,Bank Neo Commerce (BNC),bnc_neobank,app_store,1519178181
14438784719,Achmad Nizam,5,worthhh,"Menabung online membantu kita menyimpan uang dengan aman, mudah, dan praktis.",3.7.01,0,2026-08-17T06:25:56-07:00,Bank Neo Commerce (BNC),bnc_neobank,app_store,1519178181
14438722447,fynaaarnti,5,mantappp,"Tabungan online ini praktis digunakan, fiturnya mudah dipahami, dan membantu mengatur serta menyimpan uang secara lebih teratur. Recomended baanget pokoknya",3.7.01,0,2026-08-17T06:07:30-07:00,Bank Neo Commerce (BNC),bnc_neobank,app_store,1519178181
14438698403,Anggawhyd,5,Mantapp,Untuk yang baru pemula investasi bisa banget nih menggunakan aplikasi ini dan banyak promo menariknya dan tentu saja bisa menggunakan fitur qris,3.7.01,0,2026-08-17T06:00:18-07:00,Bank Neo Commerce (BNC),bnc_neobank,app_store,1519178181
14438518455,Rafiauliaa,5,kerenn,tabungan online ini sangat worth it untuk jaman digital sekarang,3.7.01,0,2026-08-17T05:04:07-07:00,Bank Neo Commerce (BNC),bnc_neobank,app_store,1519178181
14438488923,Rehanzar,5,Mantap aplikasinya sangat membantu dan banyak fitur' nya🫶🏻,"aplikasinya mantao sangat membantu sekali,buat semua orang memudahkan aktivitas sehari hari terutama qrisnya,ditambah promo terus ueyy🥰",3.7.01,0,2026-08-17T04:54:31-07:00,Bank Neo Commerce (BNC),bnc_neobank,app_store,1519178181
14438341499,rielekas,5,investasi untuk pemula,"sumpah bagus banget ni applikasi... menguntungkan banget buat gua buat invest, apalagi gua pemulaaaa gampang banget asliiiii teruss juga menarik banget ni applikasi buat belajar invest",3.7.01,0,2026-08-17T04:04:02-07:00,Bank Neo Commerce (BNC),bnc_neobank,app_store,1519178181
14438285808,jikalau ada mana ada,5,aplikasi bagus,aplkasinya bagus dan enak buat tabung uang,3.7.01,0,2026-08-17T03:43:36-07:00,Bank Neo Commerce (BNC),bnc_neobank,app_store,1519178181
14438259691,keyqhaa,5,investt,"investasi untuk pemula samgat direkomendasikan sih karena fiturnya lengkap dan jugaa dijamin pemula friendly jugaa, dan ui nya masih okee bangettt menurutku dan sangat bikin aku paham step by step fiturnya",3.7.01,0,2026-08-17T03:33:52-07:00,Bank Neo Commerce (BNC),bnc_neobank,app_store,1519178181
14438247735,Aolia Afidah,5,Bank Online,"Bank yg cukup bagus pembukaan rekening yg mudah, deposito bank digital dengan bunga deposito tinggi dan dapat mudahkan pengguna untuk investasi bagi pemula seperti saya
Semoga bisa lebih berkembang lagi",3.7.01,0,2026-08-17T03:29:21-07:00,Bank Neo Commerce (BNC),bnc_neobank,app_store,1519178181
14438088301,puput sahara,5,bgus,aplikasinya menarik dan bgus bgttt,3.7.01,0,2026-08-17T02:27:23-07:00,Bank Neo Commerce (BNC),bnc_neobank,app_store,1519178181
14438033496,Oklina widya,5,Menabung online aman di neobank,Cocok banget buat menabung online yg aman lewat neobank aja,3.7.01,0,2026-08-17T02:05:25-07:00,Bank Neo Commerce (BNC),bnc_neobank,app_store,1519178181
14438014459,Ryannnn_0106,5,Tabungan online mantap,"Mantap
Tabungan online yang menarik dan bisa deposit online juga",3.7.01,0,2026-08-17T01:57:40-07:00,Bank Neo Commerce (BNC),bnc_neobank,app_store,1519178181
14437990646,deyyaaw,5,pengalaman nabung praktis di neobank,"Tabungan online di neobank praktis dan mudah digunakan, cocok untuk kebutuhan menabung sehari-hari.",3.7.01,0,2026-08-17T01:47:55-07:00,Bank Neo Commerce (BNC),bnc_neobank,app_store,1519178181
14437947029,Nashukasu,5,Membantu,"Aplikasi ini sangat membantu untuk kebutuhan tabungan online, praktis digunakan, tampilannya sederhana, dan prosesnya juga cepat.",3.7.01,0,2026-08-17T01:29:52-07:00,Bank Neo Commerce (BNC),bnc_neobank,app_store,1519178181
14437941447,ttaaata2764,5,keren,"apknya bagus, bisa untuk tabungan online, qrisnya juga bisa digunakan, kalo untuk menyimpan uang aman si apk ini best😍",3.7.01,0,2026-08-17T01:27:33-07:00,Bank Neo Commerce (BNC),bnc_neobank,app_store,1519178181
14437827069,awaaajaa,5,rateapp,"Aplikasinya menarik, banyak fitur yang memudahkan aktivitas sehari-hari terutama qrisnyaa, ditambah promo teruss",3.7.01,0,2026-08-17T00:39:28-07:00,Bank Neo Commerce (BNC),bnc_neobank,app_store,1519178181
14437619459,Softdaisy30,5,Terbaik Bank Online,"Saya suka aplikasi Bank Neo, fitur’ nya terbaru memudahkan untuk kegiatan sehari’, banyak promo’ yg menarik juga",3.7.01,0,2026-08-16T23:09:33-07:00,Bank Neo Commerce (BNC),bnc_neobank,app_store,1519178181
14437134456,afzamaulidachaerani,5,Neo bank,"Tabungan digital bunga tinggi yang bunganya lebih gede daripada harapan gebetan ke kamu.Buka di HP, gratis admin, cuan ngalir tiap bulan.",3.7.01,0,2026-08-16T19:42:33-07:00,Bank Neo Commerce (BNC),bnc_neobank,app_store,1519178181
14437102123,mega asri,5,Nabung untung,"Buat yg suka nabung, cobain deh nabung disini, bunganya tinggi lumayan kan dari pada nabung biasa mending disini bisa dapat tambahan dari bunganya",3.7.01,0,2026-08-16T19:29:57-07:00,Bank Neo Commerce (BNC),bnc_neobank,app_store,1519178181
14437094897,PT Bank Neo Commrce Tbk,5,PT Bank Neo Commerce Tbk,Aplikasi yng sngt menrik dan berguna banyak fitur untuk memudahkan aktivitas sehari-hari terutama qrisnya di tambah promo” yang mendatang,3.7.01,0,2026-08-16T19:27:10-07:00,Bank Neo Commerce (BNC),bnc_neobank,app_store,1519178181
14437022535,Tyanurnadiva,5,Bagus,Dapat membuka tabungan online secara cepat dan mudah,3.7.01,0,2026-08-16T18:59:23-07:00,Bank Neo Commerce (BNC),bnc_neobank,app_store,1519178181
14436716991,larass3030,5,mantap,mantapppp,3.7.01,0,2026-08-16T17:01:49-07:00,Bank Neo Commerce (BNC),bnc_neobank,app_store,1519178181
14436372761,muhamad randy sugandi,5,apk nya bagus,"apk ini bikin nabung jadi ga ribet. fitur tabungan online nya jelas, bunga transparan dan tarik dana cepat",3.7.01,0,2026-08-16T14:44:52-07:00,Bank Neo Commerce (BNC),bnc_neobank,app_store,1519178181
14436087541,inel123,5,Bagus banget aplikasi nya buat tabungan,Cinta anget deh,3.7.01,0,2026-08-16T13:01:20-07:00,Bank Neo Commerce (BNC),bnc_neobank,app_store,1519178181
14435803559,VERNANDO ALBETH ARVIANTO,5,Tabungan online bunga tinggi,Tabungan online yang mudah di gunakan dengan bunga yang tinggi. Membuka bunga deposito yang tinggi dan cocok untuk investasi bagi pemula.,3.7.01,0,2026-08-16T11:27:24-07:00,Bank Neo Commerce (BNC),bnc_neobank,app_store,1519178181
14435651799,rizkamakez,5,aplikasi nabung,"aplikasi nabung bunga tinggi, cocok buat investasi yg masih pemula, bunga deposito tinggi pula, banyak promo menarik. mantapppp",3.7.01,0,2026-08-16T10:39:58-07:00,Bank Neo Commerce (BNC),bnc_neobank,app_store,1519178181
14435644816,T*****^*,5,Praktis,"NeoBank jadi pilihan saya untuk tabungan online karena praktis dan mudah digunakan. Cek saldo, transaksi, dan mengatur tabungan bisa dilakukan langsung lewat aplikasi.",3.7.01,0,2026-08-16T10:37:48-07:00,Bank Neo Commerce (BNC),bnc_neobank,app_store,1519178181
14435622302,Nbmsj,5,PEMULA,"Sangat cocok investasi untuk pemula, bagian sistemnya yang mudah dipahami, gampang untuk dimengerti",3.7.01,0,2026-08-16T10:30:54-07:00,Bank Neo Commerce (BNC),bnc_neobank,app_store,1519178181
14435487850,Hany1408,5,menarik,jujur  aplikasi nya menarik banget wajib download fiturnya banyak suka bayar pake qris lewat neo bank bisa jadi investasi buat pemula,3.7.01,0,2026-08-16T09:50:23-07:00,Bank Neo Commerce (BNC),bnc_neobank,app_store,1519178181
14435343966,saaaal.im,5,review jujuuuur,"apk gacor dan sangat membantu keuangan gw! Tabungan online instan, tabungan digital bunga tinggi, Deposito wow juga untung hebat, kemudahan buka deposito online kapan aja, kepercayaan penuh pada deposito bank digital terpercaya, bunga deposito yang jujuuur menarik, juga cocok buat investasi pemula. Fitur lengkap, aman, dan recommended deh!",3.7.01,0,2026-08-16T09:08:04-07:00,Bank Neo Commerce (BNC),bnc_neobank,app_store,1519178181
14434602226,adhiiprrr,5,JOSJIS,pake neobank mudah semuanya,3.7.01,0,2026-08-16T05:33:21-07:00,Bank Neo Commerce (BNC),bnc_neobank,app_store,1519178181
14434530893,idoybae,5,dho,Aplikasi Neo by Bank Neo Commerce menawarkan kemudahan tabungan online praktis dengan bunga deposito yang tinggi dan menguntungkan.,3.7.01,0,2026-08-16T05:09:55-07:00,Bank Neo Commerce (BNC),bnc_neobank,app_store,1519178181
14434488654,Pinky Boys,5,Tabungan Online,"aplikasi bank digital ter favorit,mudah digunakan untuk menabung dan juga transfer antar bank,fitur investasi juga mudah untuk di gunakan,mantap neobank",3.7.01,0,2026-08-16T04:55:45-07:00,Bank Neo Commerce (BNC),bnc_neobank,app_store,1519178181
14433964310,Ruby anna 16,5,Bagus app nya,"Sejauh ini suka banget sama aplikasinya! Mudah digunakan, tampilannya simpel dan rapi, serta sangat membantu dan memudahkan aktivitas sehari-hari. Recommended banget untuk dicoba!",3.7.01,0,2026-08-16T01:32:15-07:00,Bank Neo Commerce (BNC),bnc_neobank,app_store,1519178181
14433889255,edelineth,5,tabungan digital,"buka tabungan digital pakai neobank mempermudah saya untuk mengatur gaji dan keuangan sehari hari, juga aman dan terpercaya, bunga deposito nya jg sangat mantap , jadi investasi bagi pemula",3.7.01,0,2026-08-16T01:01:25-07:00,Bank Neo Commerce (BNC),bnc_neobank,app_store,1519178181
14433768485,candraGG,5,Bagus banget,"Ini aplikasi buat investasi untuk pemula,cocok banget sihhh ayo download sekarang…",3.7.01,0,2026-08-16T00:10:55-07:00,Bank Neo Commerce (BNC),bnc_neobank,app_store,1519178181
14433653134,junnnd18,5,tabungan online,aplikasi ini bagus sekali untuk kamu yang ingin menabung karena aplikasi aman dan terpercaya,3.7.01,0,2026-08-15T23:20:59-07:00,Bank Neo Commerce (BNC),bnc_neobank,app_store,1519178181
14433594088,hbiblana,5,MANTAP APK NYAA,investasi untuk pemula bagus bngt buruan dwonload apk nya,3.7.01,0,2026-08-15T22:54:56-07:00,Bank Neo Commerce (BNC),bnc_neobank,app_store,1519178181
14433400795,aviiinas,5,Review,Buka deposito digital bank neo banyak keuntungannya. ada 2 macem deposito wow dan flexi. bunga depositonya juga bisa sampe 7.25% kereenn. Cocok investasi untuk pemula karena start deposito mulai dari 100k,3.7.01,0,2026-08-15T21:29:59-07:00,Bank Neo Commerce (BNC),bnc_neobank,app_store,1519178181
14433377602,liana224.,5,Mantappp,ini tabungan online yang oke banget lagi😆✨ banyak fitur yang membantu dan lumayan bisa manage duit juga. josjis abisz🤩✌🏻,3.7.01,0,2026-08-15T21:20:03-07:00,Bank Neo Commerce (BNC),bnc_neobank,app_store,1519178181
14433342958,ilalangg,5,good sekali,"Saya puas menggunakan Bank Neo. Aplikasinya mudah digunakan, transaksi cepat, dan fitur tabungan online sangat membantu untuk mengelola keuangan dengan praktis. Cocok untuk kebutuhan perbankan digital sehari-hari.",3.7.01,0,2026-08-15T21:05:15-07:00,Bank Neo Commerce (BNC),bnc_neobank,app_store,1519178181
14433318751,Dwiii_,5,Tabungan online,"Buka deposit online lebih mudah dan gampang, sangat membantu sekali terbaik pokoknya",3.7.01,0,2026-08-15T20:55:04-07:00,Bank Neo Commerce (BNC),bnc_neobank,app_store,1519178181
14433234097,Tyaacantikkk,5,RIVIEW JUJUR,"keren banget ni apk, nabung pnline dpt bunga tinggi😍
apalagi dipermudah waktu transaksi tiap hari",3.7.01,0,2026-08-15T20:20:33-07:00,Bank Neo Commerce (BNC),bnc_neobank,app_store,1519178181
14433139418,Maylani16,5,Tabungan online,Cocok banget buat aku yang suka nyimpen uang di tabungan online,3.7.01,0,2026-08-15T19:43:17-07:00,Bank Neo Commerce (BNC),bnc_neobank,app_store,1519178181
14433120826,Siti nuraini.03,5,Deposit woww,Mempermudah segala urusan transfer.,3.7.01,0,2026-08-15T19:36:06-07:00,Bank Neo Commerce (BNC),bnc_neobank,app_store,1519178181
14432983401,senayasenaye,5,neo,"aplikanya bener2 ngebantu banget buat nabung, fitur tabungan online mudah dipakai, transfer cepet dan tentunya aman",3.7.01,0,2026-08-15T18:44:09-07:00,Bank Neo Commerce (BNC),bnc_neobank,app_store,1519178181
14432853670,Rafliputra641,5,Keren,"buka rekening untuk tabungan online yang sangat cocok untuk pelajar, tidak ribet dan mudah.",3.7.01,0,2026-08-15T17:54:28-07:00,Bank Neo Commerce (BNC),bnc_neobank,app_store,1519178181
14432791807,bima anu,5,keren,Neobank sangat cocok untuk melakukan deposito karena bunga deposito nya sangat tinggi,3.7.01,0,2026-08-15T17:30:14-07:00,Bank Neo Commerce (BNC),bnc_neobank,app_store,1519178181
14432646359,Pemulasaja,5,Bagus,"Sangat Bagus untukInvestasi pemula, mudah dan aman pastinya di neobank",3.7.01,0,2026-08-15T16:32:06-07:00,Bank Neo Commerce (BNC),bnc_neobank,app_store,1519178181
14432638362,Ginarya Mutiara,5,Mantapp,"Kerenn sekali, aplikasi ini dapat membantu untuk tabungan online, jadi lebih mudah dan hemat waktu untuk transfer uang",3.7.01,0,2026-08-15T16:28:53-07:00,Bank Neo Commerce (BNC),bnc_neobank,app_store,1519178181
14432554520,Sambadars,5,Investasi,"Mantapsih buat kalian yang mau investasi pemula, apk ini bisa sekaligus ngajarin untuk investasi jangka panjang",3.7.01,0,2026-08-15T15:55:02-07:00,Bank Neo Commerce (BNC),bnc_neobank,app_store,1519178181
14432515815,Jzlv8787,5,Tabungan digital bunga tinggi,"Keren sih, simple. Tabungan online dengan bunga tinggi. Gratis transfer. Bisa buat investasi juga buat pemula",3.7.01,0,2026-08-15T15:39:16-07:00,Bank Neo Commerce (BNC),bnc_neobank,app_store,1519178181
14432137760,Ayoonabung,5,Investasi untuk pemula wowww,"Investasi buat pemula yg wow banget, dicoba aja langsung dan gak ribet",3.7.01,0,2026-08-15T13:14:43-07:00,Bank Neo Commerce (BNC),bnc_neobank,app_store,1519178181
14432073219,M Edoansyah,5,Tabungan Online,Deposito Wow,3.7.01,0,2026-08-15T12:52:01-07:00,Bank Neo Commerce (BNC),bnc_neobank,app_store,1519178181
14431754080,sidik05,5,Jos,aplikasi tabungan online yang mudah di mengerti dari fitur fitur nya,3.7.01,0,2026-08-15T11:05:15-07:00,Bank Neo Commerce (BNC),bnc_neobank,app_store,1519178181
14431733823,fabelcastle,5,5-star review :-),Satu satunya tabungan online yang aku punya sejak 2024 - super beginner-friendly and safe!,3.7.01,0,2026-08-15T10:58:53-07:00,Bank Neo Commerce (BNC),bnc_neobank,app_store,1519178181
14431643274,Rayfan Irham,5,mantap pokoknya,"Menurut saya, neobank merupakan pilihan tabungan online yang praktis dengan tabungan digital bunga tinggi. Fitur deposito WOW memudahkan pengguna untuk buka deposito online, sehingga deposito bank digital menjadi lebih praktis. Bunga deposito yang menarik juga bisa membantu mengembangkan dana, sekaligus cocok sebagai investasi untuk pemula yang ingin mulai belajar mengelola keuangan.",3.7.01,0,2026-08-15T10:30:30-07:00,Bank Neo Commerce (BNC),bnc_neobank,app_store,1519178181
14431634537,Destyan nur,5,Terbaik,Aplikasi yang sangat bagus untuk investasi untuk pemula sangat enakk sekali,3.7.01,0,2026-08-15T10:27:44-07:00,Bank Neo Commerce (BNC),bnc_neobank,app_store,1519178181
14431473939,rhmdanty,5,aplikasi bank online terbaik,"Pilihan terbaik untuk tabungan digital bunga tinggi yang aman, menguntungkan, dan sangat mudah diakses🫶🏻🫶🏻",3.7.01,0,2026-08-15T09:39:16-07:00,Bank Neo Commerce (BNC),bnc_neobank,app_store,1519178181
14431429732,Wiwiiiink,5,Bank neo,Pakai bank neo banyak cashback nya di merchant2,3.7.01,0,2026-08-15T09:26:24-07:00,Bank Neo Commerce (BNC),bnc_neobank,app_store,1519178181
14431327122,rifki adi,5,bagus,bagus,3.7.01,0,2026-08-15T08:56:43-07:00,Bank Neo Commerce (BNC),bnc_neobank,app_store,1519178181
14431324365,Wolfie1718,4,-,Cocok untuk investasi bagi pemula,3.7.01,0,2026-08-15T08:55:53-07:00,Bank Neo Commerce (BNC),bnc_neobank,app_store,1519178181
14431320950,ladela_,5,baik,"untuk aplikasi harian ini bagus si, apalagi kalau digunakan sebagai tabungan online berjangka, oke bangett",3.7.01,0,2026-08-15T08:54:55-07:00,Bank Neo Commerce (BNC),bnc_neobank,app_store,1519178181
14431300759,jemboti,5,bank neo,aplikasi bank digital yg bagus cocok untuk investasi untuk pemula juga dan fitur” nya juga lengkap,3.7.01,0,2026-08-15T08:49:12-07:00,Bank Neo Commerce (BNC),bnc_neobank,app_store,1519178181
14431166096,scarrose13,5,so far so good,"oke bgt sihh karena bebas transfer dan cocok jg buat investasi bagi pemula soalnya bunga depositonya lumayan tinggi dan minim resiko, luvv🫶🏻",3.7.01,0,2026-08-15T08:11:18-07:00,Bank Neo Commerce (BNC),bnc_neobank,app_store,1519178181
14431133561,cidiww,5,“Pilihan Tabungan yang Praktis”,Tabungan online ini sangat praktis untuk digunakan karena proses transaksi dan pengelolaan uang terasa lebih mudah.,3.7.01,0,2026-08-15T08:02:18-07:00,Bank Neo Commerce (BNC),bnc_neobank,app_store,1519178181
14431045446,alwnazahri,5,neo,aplikasinya bisa investasi untuk pemula dan juga mudah  untuk digunakan bagi yang belum bisa,3.7.01,0,2026-08-15T07:37:46-07:00,Bank Neo Commerce (BNC),bnc_neobank,app_store,1519178181
14431044626,sirbetwich,5,MANTAP,"aplikasinya bagus,bahkan bisa di bilang sangat bagus karena bisa Buka deposito online,yang mana hal ini memudahkan pengguna apalagi dengan qris yang membuat mudah",3.7.01,0,2026-08-15T07:37:32-07:00,Bank Neo Commerce (BNC),bnc_neobank,app_store,1519178181
14430985299,Octavianisp,5,Sukanabung,"Suka banget sama fiturnya yang lengkap, tabungan online yang oke banget buat dipakai sehari hari jadi ngerasa aman",3.7.01,0,2026-08-15T07:21:13-07:00,Bank Neo Commerce (BNC),bnc_neobank,app_store,1519178181
14430971266,Ceker betuah,5,Investasi online,Investasi untuk pemula yang ramah dan menarik,3.7.01,0,2026-08-15T07:17:19-07:00,Bank Neo Commerce (BNC),bnc_neobank,app_store,1519178181
14430878648,Deaav,5,Bagus,"Tabungan online praktis banget, gampang dipakai, dan bikin nabung jadi lebih nyaman.",3.7.01,0,2026-08-15T06:51:39-07:00,Bank Neo Commerce (BNC),bnc_neobank,app_store,1519178181
14430867344,mirandapinky,5,bank neo terbaik.,"udah lama install bank digital ini. daftarnya gampang banget, tinggal ikutin cara di setiap poinnya terus langsung di approve deh! saya install ini karena untuk tabungan online saya. tapi karena saya merasa begitu2 aja kalau di tabung, akhirnya tabungannya saya ikutkan ke deposito. bunga depositonya gede bnget loh di neo bank. mantappp bangett!! sukses selalu neo bankkk",3.7.01,0,2026-08-15T06:48:28-07:00,Bank Neo Commerce (BNC),bnc_neobank,app_store,1519178181
14430763584,Kamilafitri02,5,Mantep kereen,"Keren banget aplikasinya padahal aku blm undang temen tapi saldoku udah tambah terus 
Bagus banget",3.7.01,0,2026-08-15T06:18:51-07:00,Bank Neo Commerce (BNC),bnc_neobank,app_store,1519178181
14430673993,AprKa134,5,Investasi untuk pemula,"Aplikasi neobank cukup mudah digunakan, tampilannya simpel dan fiturnya lengkap. Cocok juga buat pemula yang baru mulai belajar investasi, karena bisa mulai dari nominal yang relatif kecil dan jadi lebih mudah untuk belajar mengelola keuangan sekaligus mengenal produk investasi seperti emas. Overall, user friendly dan praktis untuk kebutuhan finansial sehari-hari.",3.7.01,0,2026-08-15T05:52:12-07:00,Bank Neo Commerce (BNC),bnc_neobank,app_store,1519178181
14430650028,Anawul,5,Neobank,Akhirnya nemuin tabungan digital dengan bunga yg tinggi 🤩,3.7.01,0,2026-08-15T05:44:49-07:00,Bank Neo Commerce (BNC),bnc_neobank,app_store,1519178181
14430596823,Fahrezi irgi,5,Neo keren,Wa tabungan online terbaik investesi untuk pemula buka deposit onlinenya mudah dan tabungan digital bunga tinggi sangat disukai anak muda,3.7.01,0,2026-08-15T05:28:15-07:00,Bank Neo Commerce (BNC),bnc_neobank,app_store,1519178181
14430534390,Widi889,5,Tabungan Online Super Fleksibel,Tabungan Online super fleksibel dan alternatif bagi temen-temen yang lagi cari untuk deposito yang bunga nya wow. <3,3.7.01,0,2026-08-15T05:08:26-07:00,Bank Neo Commerce (BNC),bnc_neobank,app_store,1519178181
14430467296,nisrinajla,5,tabungan online,tabungan online paling menguntungkan dengan bunga yang tinggi,3.7.01,0,2026-08-15T04:46:01-07:00,Bank Neo Commerce (BNC),bnc_neobank,app_store,1519178181
14430412082,ma’rifa,1,Tabungan digital bunga tinggi,"apk yang bagus untuk pemula yang baru ingin menabung, dengan suku bunga yang tinggi beda dari yang lain. sukses terus neobank",3.7.01,0,2026-08-15T04:26:58-07:00,Bank Neo Commerce (BNC),bnc_neobank,app_store,1519178181
14430408804,Maulidiyah sholihah,5,Ulasan,"Sangat puas menggunakan Neobank, fitur tabungan online aman dan penarikan uangnya super cepat.",3.7.01,0,2026-08-15T04:25:49-07:00,Bank Neo Commerce (BNC),bnc_neobank,app_store,1519178181
14430398884,Ziroyy12,5,Mantap,"Aplikasi ini cukup menarik untuk yang ingin mulai belajar mengelola keuangan. Fitur tabungan online membuat proses menabung terasa lebih praktis karena bisa dilakukan secara digital tanpa harus datang langsung ke bank. Informasi mengenai tabungan digital bunga tinggi juga cukup membantu untuk memahami pilihan produk yang tersedia.

Selain itu, tersedia informasi mengenai deposito online dan deposito bank digital, sehingga pengguna bisa mempertimbangkan berbagai pilihan sesuai kebutuhan. Menurut saya, fitur dan informasinya cukup mudah dipahami, terutama bagi pemula yang sedang mencari informasi tentang tabungan, bunga deposito, maupun investasi untuk pemula.",3.7.01,0,2026-08-15T04:22:21-07:00,Bank Neo Commerce (BNC),bnc_neobank,app_store,1519178181
14430354222,naagustinana,5,Good,"Baru mau coba tabungan online neo bank ini, karna aku lihat banyak keuntungan nya dan kita bisa investasi juga disitu. 
Jadi makin penasaran juga buat nabung di neo bank",3.7.01,0,2026-08-15T04:06:07-07:00,Bank Neo Commerce (BNC),bnc_neobank,app_store,1519178181
14430220363,call me tika,5,Praktis,"Menurut aku neobank tuh enak banget dipakai, tampilannya simpel dan nggak ribet. Ada fitur Deposito WOW cocok buat yang baru mulai nabung atau belajar investasi untuk pemula btw kalau nabung aku pake fitur ini lumayan lah bunganya. Basically, praktis banget buat yang maunya serba digital.",3.7.01,0,2026-08-15T03:15:34-07:00,Bank Neo Commerce (BNC),bnc_neobank,app_store,1519178181
14430209189,Leyoww,5,Keren,"aplikasi investasi yang ramah untuk pemula, tabungan digitalnya dapat bunga tinggi, tampilannya mudah dimengerti",3.7.01,0,2026-08-15T03:11:11-07:00,Bank Neo Commerce (BNC),bnc_neobank,app_store,1519178181
14430191796,nabilanthh,5,nabila,"Saya sudah menggunakan NeoBank beberapa waktu dan sejauh ini cukup puas. Tabungan online yang ditawarkan mudah digunakan, proses transaksi cepat, dan aplikasinya juga sederhana. Cocok untuk yang ingin menabung dengan lebih praktis tanpa harus sering ke bank. ⭐⭐⭐⭐⭐",3.7.01,0,2026-08-15T03:04:20-07:00,Bank Neo Commerce (BNC),bnc_neobank,app_store,1519178181
14430060678,Irchamna,5,Aplikasi unik,"Aplikasinya sangat menarik dan unik, bisa daftar deposito online, nyesel banget baru tau sekarang.",3.7.01,0,2026-08-15T02:11:53-07:00,Bank Neo Commerce (BNC),bnc_neobank,app_store,1519178181
14429970732,Anandaaa16,5,Tabungan digital,"Keren bgt, utk tabungan digital nya oke bgt bisa untunggg",3.7.01,0,2026-08-15T01:35:21-07:00,Bank Neo Commerce (BNC),bnc_neobank,app_store,1519178181
14429941479,berrymatchaa,5,deposito online,mantap bisa buka deposito online,3.7.01,0,2026-08-15T01:23:22-07:00,Bank Neo Commerce (BNC),bnc_neobank,app_store,1519178181
14429854780,Dewia11,5,Keren,"Menurut saya tabungan online ini sangat membantu untuk menyimpan uang dengan lebih praktis. Aksesnya mudah, prosesnya cepat, dan bisa dipantau kapan saja. Pengalaman sejauh ini sangat positif dan memuaskan.",3.7.01,0,2026-08-15T00:47:36-07:00,Bank Neo Commerce (BNC),bnc_neobank,app_store,1519178181
14429460139,Damar289,5,Neo bank review,"Aplikasi ini sangat praktis untuk tabungan online, proses pendaftarannya cepat dan fitur keamanannya bikin tenang",3.7.01,0,2026-08-14T21:59:47-07:00,Bank Neo Commerce (BNC),bnc_neobank,app_store,1519178181
14429337309,rawraawrrrr,5,mantappp,"cocok sekali buat dijadikan tabungan online, tidak ada bunga bank melainkan dapat tambahan",3.7.01,0,2026-08-14T21:08:14-07:00,Bank Neo Commerce (BNC),bnc_neobank,app_store,1519178181
14429244651,nablib,5,recommended,download!!! apk nyaa bagus banget recommended 😻💘💘,3.7.01,0,2026-08-14T20:30:53-07:00,Bank Neo Commerce (BNC),bnc_neobank,app_store,1519178181
14429241906,saskiaarsya,5,mantapp,"tabungan online yang praktis di gunakan sehari hari, pokoknya aplikasi yang bagus dehh",3.7.01,0,2026-08-14T20:29:49-07:00,Bank Neo Commerce (BNC),bnc_neobank,app_store,1519178181
14429216844,kuciew,5,Good,"Enaknya pake Bank Neo tuh
bisa buka tabungan online dan deposito dengan bunga yang mantap",3.7.01,0,2026-08-14T20:19:54-07:00,Bank Neo Commerce (BNC),bnc_neobank,app_store,1519178181
14429171603,rorawk,5,keren bisa tabungan online,mantap nabung uang jadi prastis dan tidak takut hilang dan bungganya tinggi hanya di tabungan digital bungga tinggi,3.7.01,0,2026-08-14T20:02:23-07:00,Bank Neo Commerce (BNC),bnc_neobank,app_store,1519178181
14429154629,Sinayo2022,5,Gunakan Kode T6NK54,"Silahkan gunakan kode T6NK54 supaya kalian mendapatkan banyak bonus ketika membuka rekening neobank. Jangan ragu utk buka rekening neobank, karena prosesnya cepat, penggunaannya mudah dan promonya sangat banyak..",3.7.01,0,2026-08-14T19:55:56-07:00,Bank Neo Commerce (BNC),bnc_neobank,app_store,1519178181
14429126840,Oktav5,5,Neobank Mantap,"Tabungan online di neobank sangat praktis, prosesnya mudah, dan bunga yang ditawarkan cukup menarik.",3.7.01,0,2026-08-14T19:45:29-07:00,Bank Neo Commerce (BNC),bnc_neobank,app_store,1519178181
14429075751,hellobillieee,5,helpful bgt,"Pengalaman pakai Bank Neo buat investasi pertama kali: 10/10.* Buat pemula yang takut ribet, di sini ada reksadana, deposito, dan tabungan bunga tinggi. Modal kecil juga bisa mulai investasi.",3.7.01,0,2026-08-14T19:26:19-07:00,Bank Neo Commerce (BNC),bnc_neobank,app_store,1519178181
14428319002,RepaldoAr,5,Tabungan,"Ini bagus sih buat tabungan online, soalnya bunganya lumayan juga…",3.7.01,0,2026-08-14T14:41:40-07:00,Bank Neo Commerce (BNC),bnc_neobank,app_store,1519178181
14427996930,urgentsosial,5,Kode Promo : H92R2T,sangat rekomendasi untuk temen” karena kita buka buka deposito bank digital juga loh,3.7.01,0,2026-08-14T12:44:54-07:00,Bank Neo Commerce (BNC),bnc_neobank,app_store,1519178181
14427158442,carlsls,5,NeoBank Best!!!,"Neo Bank praktis banget buat tabungan online. Aplikasinya mudah dipahami, tampilannya simpel, dan transaksi juga gampang dilakukan. Buat yang baru mulai investasi pemula, menurutku fiturnya cukup membantu. Pilihan bunga deposito juga menarik dan proses buka deposito online nggak ribet. Cocok buat yang mau mulai mengatur uang dan nabung secara digital.",3.7.01,0,2026-08-14T08:21:13-07:00,Bank Neo Commerce (BNC),bnc_neobank,app_store,1519178181
14427073538,Addien Althaf,5,JOSSSS,Untuk Investasi Pemula sangat bagus di bank neo sangat rekomendasi,3.7.01,0,2026-08-14T07:57:44-07:00,Bank Neo Commerce (BNC),bnc_neobank,app_store,1519178181
14426801086,ayszb,5,ulasan,membantu sekalii hehehehe,3.7.01,0,2026-08-14T06:41:42-07:00,Bank Neo Commerce (BNC),bnc_neobank,app_store,1519178181
14426433039,dhxfils,5,gampang banget,Baru pertama kalo investasi dan langsung paham.fitur investasi untuk pemula di Neo bank lengkap+ada panduannya. Rekomended!,3.7.01,0,2026-08-14T04:51:18-07:00,Bank Neo Commerce (BNC),bnc_neobank,app_store,1519178181
14426279456,lalapiww,5,.,"Bank Neo praktis untuk tabungan online, tampilannya sederhana dan proses transaksi terasa mudah dipahami.",3.7.01,0,2026-08-14T04:00:14-07:00,Bank Neo Commerce (BNC),bnc_neobank,app_store,1519178181
14426223270,ardunii,5,josparr,"menarik sekali neobank ini segala bisa pake bank neo, pokonya kedepannya makin sukses mantap",3.7.01,0,2026-08-14T03:40:23-07:00,Bank Neo Commerce (BNC),bnc_neobank,app_store,1519178181
14426157285,Laila Dwi Kartika Sari,5,Aplikasi sangat bagus,"Aplikasi Neobank praktis, proses menabung mudah, transaksi cepat, dan fitur tabungannya sangat membantu dalam mengatur keuangan.",3.7.01,0,2026-08-14T03:16:16-07:00,Bank Neo Commerce (BNC),bnc_neobank,app_store,1519178181
14425750786,ar4yu,5,Araa,"Cocok untuk menyimpan tabungan online, tentunya aman juga",3.7.01,0,2026-08-14T00:34:46-07:00,Bank Neo Commerce (BNC),bnc_neobank,app_store,1519178181
14425522162,tamboratunu,5,Tabungan Online,Tabungan Digital dengan bunga tinggi,3.7.01,0,2026-08-13T22:56:03-07:00,Bank Neo Commerce (BNC),bnc_neobank,app_store,1519178181
14425419901,Atikawd,5,Memudahkan transaksi,"Sangat memudahkan dalam transaksi, bisa tarik tunai di indomaret juga. Mudah diakses, aplikasinya juga ringan jadi gampang diakses.
Boleh pakai kode referalku ya hehe

WKLTZ2

Ig: @atikawulandarii",3.7.01,0,2026-08-13T22:11:18-07:00,Bank Neo Commerce (BNC),bnc_neobank,app_store,1519178181
14425032415,vrgyuu,5,ulasan,aplikasi yang sangat rekomendasi untuk investasi untuk pemula🫶🏻🫶🏻🫶🏻,3.7.01,0,2026-08-13T19:33:50-07:00,Bank Neo Commerce (BNC),bnc_neobank,app_store,1519178181
14424742219,Azzura1844,5,anjay🤙🏼,"Neobank cocok banget buat yang mau punya tabungan online, tapi nggak mau ribet. Tinggal dari HP, semuanya sat-set, jadi nabung nggak lagi nanti aja",3.7.01,0,2026-08-13T17:46:03-07:00,Bank Neo Commerce (BNC),bnc_neobank,app_store,1519178181
14424550744,luckyloveina,5,Bagus,Aplikasinya berjalan dengan bagus dan cocok investasi untuk pemula dan cocok tabungan digitalnya bunganya tinggi,3.7.01,0,2026-08-13T16:33:38-07:00,Bank Neo Commerce (BNC),bnc_neobank,app_store,1519178181
14423431338,muzaqir,5,mantapp,tabungan online ini mempermudah untuk tf ke bank manapun dan ada gratis nya untuk transaksi trimakasih neo bank,3.7.01,0,2026-08-13T09:54:31-07:00,Bank Neo Commerce (BNC),bnc_neobank,app_store,1519178181
14423382899,ochisaurus,5,Tabungan Digital Bunga Tinggi,"Salah satu aplikasi tabungan digital bunga tinggi, dengan deposito wow yang sangat cocok untuk pemula yang sedang belajar investasi.",3.7.01,0,2026-08-13T09:39:47-07:00,Bank Neo Commerce (BNC),bnc_neobank,app_store,1519178181
14423338790,rexnaka,5,bank neo,"Cocok nih investasi untuk pemula seperti aku
(Sudah kirim tapi belum masuk review app storenya)",3.7.01,0,2026-08-13T09:26:38-07:00,Bank Neo Commerce (BNC),bnc_neobank,app_store,1519178181
14423044966,arooomi,5,Tabungan online,"Untung ada aplikasi ini untuk tabungan online, mudah dan terpercaya 😍🥰",3.7.01,0,2026-08-13T08:01:26-07:00,Bank Neo Commerce (BNC),bnc_neobank,app_store,1519178181
14423036747,sela2507,5,Tabungan online,Tabungan online sangat amanah dan sangat membantu sangat terpercaya bagus palikasinya,3.7.01,0,2026-08-13T07:59:04-07:00,Bank Neo Commerce (BNC),bnc_neobank,app_store,1519178181
14422558485,Afdalni,5,Kode : GRYD62,"Selalu jadi andalan, terbaik dan tercuan ❤️❤️❤️",3.7.01,1,2026-08-13T05:42:27-07:00,Bank Neo Commerce (BNC),bnc_neobank,app_store,1519178181
14422519771,Hanggraheni,5,Tabungan digital,"Tabungan digital bunga tinggi yang wajib dicoba in this economy, apalagi untuk para gen z. Dijamin cuan deh pasti",3.7.01,0,2026-08-13T05:30:40-07:00,Bank Neo Commerce (BNC),bnc_neobank,app_store,1519178181
14422266264,sarsarn,5,mantap sekali,"buka tabungan online di neobank mudah bangett, dan fiturnya tersection dengan rapi jadi gampang ternavigasi 👍🏻",3.7.01,0,2026-08-13T04:09:28-07:00,Bank Neo Commerce (BNC),bnc_neobank,app_store,1519178181
14422199254,Bejotiktok,5,Tabungan online,Transaksi jadi mudah ada fitur lengkap di aplikasi bank neobank,3.7.01,0,2026-08-13T03:45:59-07:00,Bank Neo Commerce (BNC),bnc_neobank,app_store,1519178181
14422091238,dearsenn,5,THE BESTTT PWOLLL,Menabung di bank Neo sangat cocok utnuk pemula seperti aku karena kalo pake bank lain kadang sering kepake terus saldonya kalo disini aman ga bakal kepake hehe,3.7.01,0,2026-08-13T03:06:32-07:00,Bank Neo Commerce (BNC),bnc_neobank,app_store,1519178181
14422064330,Vlstne32,5,Mantapp banget,"Aplikasinya sungguh menarik banyak fitur yang memudahkan kita sehari-hari kayak qris, ditambah promonya makin menarik deh🫶🏻🫶🏻",3.7.01,0,2026-08-13T02:56:14-07:00,Bank Neo Commerce (BNC),bnc_neobank,app_store,1519178181
14422033893,mikayla sloan,5,cocok untuk investasi pemula,"buat yang mau investasi, rekomendasi banget ni pakai neobank pemakaian mudah di pahami jadi cocok banget buat investasi untuk pemulaa, kuyy cobain",3.7.01,0,2026-08-13T02:44:29-07:00,Bank Neo Commerce (BNC),bnc_neobank,app_store,1519178181
14422014565,Cecem nadi,5,Menarik,"Wahh bagus bgt ini aplikasi, cocok nih investasi untuk pemula karena penawaran nya sangat menjanjikan mantap",3.7.01,0,2026-08-13T02:37:08-07:00,Bank Neo Commerce (BNC),bnc_neobank,app_store,1519178181
14421948594,zoellfkr,5,ulasan saya,aplikasi ini sangat membatu dan sangat aman untuk menyimpan banyak uang,3.7.01,0,2026-08-13T02:11:31-07:00,Bank Neo Commerce (BNC),bnc_neobank,app_store,1519178181
14421946629,Rahsya Akbar,5,investasi untuk pemula,"Cocok bagi investasi untuk pemula, ini keren banget aku suka aplikasi ini",3.7.01,0,2026-08-13T02:10:44-07:00,Bank Neo Commerce (BNC),bnc_neobank,app_store,1519178181
14421910740,andii1122,5,neobank,aplikasinya bagus dan lacar aplikasi yg menarik,3.7.01,0,2026-08-13T01:56:49-07:00,Bank Neo Commerce (BNC),bnc_neobank,app_store,1519178181
14421752487,Ro&-81,5,Keren,Mantap  invenstasi untuk pemula,3.7.01,0,2026-08-13T00:53:49-07:00,Bank Neo Commerce (BNC),bnc_neobank,app_store,1519178181
14421735206,Eni suhartina,5,Mantap,Aplikasi sangat bermanfaat dan bisa banyak melakukan transaksi seperti top up dan juga deposit yang pastian cuan,3.7.01,0,2026-08-13T00:46:40-07:00,Bank Neo Commerce (BNC),bnc_neobank,app_store,1519178181
14421265207,ATL897,5,Kode :  JVLK22,Gunakan kode JVLK22 agar dapat cuannn ❤️❤️❤️❤️❤️,3.7.01,1,2026-08-12T21:27:08-07:00,Bank Neo Commerce (BNC),bnc_neobank,app_store,1519178181
14421139163,Jagat Genta N,5,Tabungan Online,"Aplikasinya berguna sekali untuk investasi pemula, menarik, banyak fitur yang baru saya temukan di aplikasi ini",3.7.01,0,2026-08-12T20:34:37-07:00,Bank Neo Commerce (BNC),bnc_neobank,app_store,1519178181
14421032112,Mpiw09,5,TABUNGAN ONLINE,"TABUNGAN ONLINE NEO Sangat praktis, mudah digunakan,aman,proses cepat,tampilannya yang menarik,dan sangat membantu untuk mengatur keuangan",3.7.01,0,2026-08-12T19:52:43-07:00,Bank Neo Commerce (BNC),bnc_neobank,app_store,1519178181
14420892595,rizky aldo,5,bunga deposito,investasi untuk pemula,3.7.01,0,2026-08-12T19:00:52-07:00,Bank Neo Commerce (BNC),bnc_neobank,app_store,1519178181
14420833987,Dinda Murni,5,Mantab,"Aplikasinya sangat menarik dan banyak fiturnya seperti tabungan online, tabungan digital, deposit, dan masih banyak lagi, sangat membantu sekali",3.7.01,0,2026-08-12T18:39:30-07:00,Bank Neo Commerce (BNC),bnc_neobank,app_store,1519178181
14420723951,Yourkembang,5,Review,"Buka Tabungan onlen kamu sekarang, tabungan digital bunga tinggi dan imvestasi untuk pemula aman terpercaya aman tingkatkan saldo terpercaya buka tabungan sekarang juga dowloan gratis",3.7.01,0,2026-08-12T17:59:08-07:00,Bank Neo Commerce (BNC),bnc_neobank,app_store,1519178181
14420283530,syhnndaffaadr,5,JosssJissss,aplikasinya simple midah di paham rekomended buat pelajar atau mahasiswa yang mau menabung sejak dini,3.7.01,0,2026-08-12T15:09:20-07:00,Bank Neo Commerce (BNC),bnc_neobank,app_store,1519178181
14419999152,Laksmi Dewi A,5,memudahkan,"bank digital yang punya deposito dengan bunga cukup tinggi, aplikasi nya juga user friendly jd memudahkan nasabah, yg mau belajar investasi pakai deposito coba pake aplikasi ini",3.7.01,0,2026-08-12T13:23:56-07:00,Bank Neo Commerce (BNC),bnc_neobank,app_store,1519178181
14419539422,Nonocin,5,Mantul,"Aplikasinya bagus banget, banyak promo dan enak buat dipake buat transaksi daily🫶🏽",3.7.01,0,2026-08-12T10:45:06-07:00,Bank Neo Commerce (BNC),bnc_neobank,app_store,1519178181
14419529621,Nanzy07,1,lumayan,sering tiba” eror saat melakukan transaksi,3.7.01,0,2026-08-12T10:41:52-07:00,Bank Neo Commerce (BNC),bnc_neobank,app_store,1519178181
14419222513,Bank neo,5,Bank neo 🥰,"Bank Neo merupakan salah satu aplikasi perbankan digital yang menawarkan kemudahan dalam mengelola keuangan secara online. Proses pembukaan rekening dapat dilakukan langsung melalui aplikasi tanpa perlu datang ke kantor cabang, sehingga sangat praktis bagi pengguna yang menginginkan layanan serba digital.

Tampilan aplikasinya cukup sederhana dan mudah dipahami, dengan berbagai fitur seperti transfer dana, pembayaran tagihan, QRIS, tabungan, serta deposito digital. Selain itu, Bank Neo juga sering menawarkan promo menarik dan suku bunga tabungan yang kompetitif.

Dari segi keamanan, Bank Neo telah dilengkapi dengan sistem perlindungan seperti PIN, OTP, dan verifikasi biometrik untuk membantu menjaga keamanan akun pengguna. Meski demikian, seperti aplikasi digital lainnya, pengguna tetap perlu menjaga kerahasiaan data pribadi dan tidak membagikan kode OTP kepada siapa pun.

Secara keseluruhan, Bank Neo merupakan pilihan yang baik bagi masyarakat yang menginginkan layanan perbankan digital yang praktis, mudah digunakan, dan memiliki fitur yang cukup lengkap untuk kebutuhan transaksi sehari-hari.",3.7.01,0,2026-08-12T09:06:54-07:00,Bank Neo Commerce (BNC),bnc_neobank,app_store,1519178181
14419073366,tiaragio,5,tabungan online,"pembukaan tabungan online sangat mudah, verifikasi samgat cepat, dan untuk buka deposito online juga terbilang mudah",3.7.01,0,2026-08-12T08:23:48-07:00,Bank Neo Commerce (BNC),bnc_neobank,app_store,1519178181
14418599350,Sherryn Febrina,5,wow keren!!,"aplikasi bank digital dengan bunga deposito up to 7,25%, lebih tinggi daripada bank lainnya! wadah investigasi bagi pemula yang oke banget. user interfacenya juga bagus & mudah dipahami",3.7.01,0,2026-08-12T06:09:53-07:00,Bank Neo Commerce (BNC),bnc_neobank,app_store,1519178181
14418252803,pipinatttt,5,nabung online,cocok bangun buat kalian yg mau nabung online. aplikasi tabungan online yg pas banget untuk investasi pemula. the bestt deh apk ini❤️,3.7.01,0,2026-08-12T04:21:02-07:00,Bank Neo Commerce (BNC),bnc_neobank,app_store,1519178181
14418111995,dedessand,5,Best,Mantap banget buat menabung. Bisa untuk investasi masa depan. Mudah dipahami dan bisa digunakan sebagai investai untuk pemula,3.7.01,0,2026-08-12T03:31:08-07:00,Bank Neo Commerce (BNC),bnc_neobank,app_store,1519178181
14417898410,Ignatius Vincent,5,Digital Bank,Sudah pakai bank neo sekitar 4-5 Tahun selama ini pemakaian Bank Neo selalu berkembang dan promo2 nya sangat menarik,3.7.01,0,2026-08-12T02:08:27-07:00,Bank Neo Commerce (BNC),bnc_neobank,app_store,1519178181
14417858026,nunuanishas,5,oke,bank digital paling oke bungganya tingggi,3.7.01,0,2026-08-12T01:52:11-07:00,Bank Neo Commerce (BNC),bnc_neobank,app_store,1519178181
14417777376,fiks15,2,komplain,"kemarin saya transfer harus identifikasi wajah, tapi verifikasinya  lama bangettttt",3.7.01,0,2026-08-12T01:19:12-07:00,Bank Neo Commerce (BNC),bnc_neobank,app_store,1519178181
14417771031,Intan-,5,Kerenn,"Aplikasi nya baguss, apalagi buat tabungan ditigal bunga tinggii, rekomenn guys😍",3.7.01,0,2026-08-12T01:16:37-07:00,Bank Neo Commerce (BNC),bnc_neobank,app_store,1519178181
14417743604,Rerevee_hc,5,Neobank mantab,"Sangat mudah digunakan, bunga deposito nya juga tinggi, banyak kesempatan gratis transfer berkali kali. Mantab pokonya",3.7.01,0,2026-08-12T01:05:14-07:00,Bank Neo Commerce (BNC),bnc_neobank,app_store,1519178181
14417737607,bb1ensp,5,aplikasi terbaik menarik fiturnya banyak dan dapat di pahami terutama promo qrisnya asek,oke,3.7.01,0,2026-08-12T01:02:48-07:00,Bank Neo Commerce (BNC),bnc_neobank,app_store,1519178181
14417530333,zoepiphany,5,Tabungan dengan Bunga Tinggi,"Puas banget nabung disini, selain praktis ada tabungan digital bunga tinggi yang bikin untung",3.7.01,0,2026-08-11T23:36:15-07:00,Bank Neo Commerce (BNC),bnc_neobank,app_store,1519178181
14417451548,CLYIBG5B,5,Produk menarik,"Menurut saya, produk ini sangat menarik untuk yang ingin mulai mengatur keuangan. Sebagai tabungan online, penggunaannya praktis dan mudah. Bunga yang ditawarkan juga cukup menarik dibandingkan tabungan biasa. Selain itu, tersedia deposito online dengan bunga deposito yang kompetitif, sehingga bisa menjadi pilihan untuk menyimpan dana sekaligus mendapatkan imbal hasil. Cocok juga untuk pemula yang baru belajar investasi dan ingin mulai dari instrumen yang sederhana.",3.7.01,0,2026-08-11T23:02:18-07:00,Bank Neo Commerce (BNC),bnc_neobank,app_store,1519178181
14417221378,Caehrul,5,baguss,"applikasi yang menarik, banyak fitur yang memudahkan dalam keseharian, dan bunga deposito yang tinggi🙌",3.7.01,0,2026-08-11T21:22:06-07:00,Bank Neo Commerce (BNC),bnc_neobank,app_store,1519178181
14417120163,gabrielpl_,5,Mantap,TABUNGAN ONLINE,3.7.01,0,2026-08-11T20:40:08-07:00,Bank Neo Commerce (BNC),bnc_neobank,app_store,1519178181
14417016105,t_aiiii,5,Bestttt,"Tabungan online ini praktis, mudah digunakan, dan membantu saya mengatur keuangan sehari-hari.",3.7.01,0,2026-08-11T19:59:39-07:00,Bank Neo Commerce (BNC),bnc_neobank,app_store,1519178181
14416968968,Septia1290,5,Tabungan digital bunga tinggi,"Aplikasi menarik,banyak fitur yang sangat memudahkan pengguna nya 😖🫶🏻",3.7.01,0,2026-08-11T19:41:31-07:00,Bank Neo Commerce (BNC),bnc_neobank,app_store,1519178181
14416950959,cinemaisaa,5,mantap,"aplikasinya bagus banget, cocok banget buat dijadiin investasi awal untuk pemula yang baru terjun untuk belajar investasi. ga ribet juga 👍",3.7.01,0,2026-08-11T19:34:42-07:00,Bank Neo Commerce (BNC),bnc_neobank,app_store,1519178181
14416869835,Gipoiyyy,5,Keren,Aplikasi nya sangat cocok untuk Investasi untuk pemula,3.7.01,0,2026-08-11T19:04:53-07:00,Bank Neo Commerce (BNC),bnc_neobank,app_store,1519178181
14416836033,RyaanFd,5,bagusss,"bagus aplikasinya, banyak fitur yang menarik contonya Tabungan digital bunga tinggi, pokoknya mantap",3.7.01,0,2026-08-11T18:52:26-07:00,Bank Neo Commerce (BNC),bnc_neobank,app_store,1519178181
14416758233,lolllllsiiwwi,5,Bunga Deposito,Untuk bunga deposito nya cukup menarik untuk uang mengendap biar ga kena inflasi,3.7.01,0,2026-08-11T18:24:03-07:00,Bank Neo Commerce (BNC),bnc_neobank,app_store,1519178181
14416606033,ikyyabadi,1,penilaian,aplikasi tidak bermanfaat,3.7.01,0,2026-08-11T17:27:55-07:00,Bank Neo Commerce (BNC),bnc_neobank,app_store,1519178181
14416181733,luminnous,5,MANTAPPP,aplikasinya menarik banyak fitur,3.7.01,0,2026-08-11T14:43:46-07:00,Bank Neo Commerce (BNC),bnc_neobank,app_store,1519178181
14416157746,Yuay_ayuu,5,Rekomend,"Bank Neo beneran ngebantu buat nabung! Aplikasi tabungan digital bunga tinggi nya enak banget, daftar 5 menit langsung jadi. Bunganya jauh lebih tinggi dari bank biasa jadi semangat nabung tiap bulan. Tampilan simpel, transfer gratis juga. Recommended!",3.7.01,0,2026-08-11T14:34:38-07:00,Bank Neo Commerce (BNC),bnc_neobank,app_store,1519178181
14415833674,bayu bagus aditya,5,INVESTASI PEMULA,"aplikasinya sangat bagus,dan sangat mendukung untuk investasi pemula",3.7.01,0,2026-08-11T12:38:08-07:00,Bank Neo Commerce (BNC),bnc_neobank,app_store,1519178181
14415802462,Kwerenn,5,"Keren, Bagus","aplikasi bagus banget cocok buat investasi pemula, pokonya the bestt🫰🏻",3.7.01,0,2026-08-11T12:27:26-07:00,Bank Neo Commerce (BNC),bnc_neobank,app_store,1519178181
14415422008,sxhvrx,5,Review,"Cocok banget buat investasi untuk pemula seperti saya. Gampang, aman, dan bunganya menarik. Baru pertama kali pakai tapi langsung nyaman. Pasti lanjut pakai terus.",3.7.01,0,2026-08-11T10:22:51-07:00,Bank Neo Commerce (BNC),bnc_neobank,app_store,1519178181
14415107066,ahmadsfd,5,Tabungan online,saya seneng menabung dalam aplikasi bank neo ini karna mempermudah menyimpan uang dan aman,3.7.01,0,2026-08-11T08:49:01-07:00,Bank Neo Commerce (BNC),bnc_neobank,app_store,1519178181
14414806498,Qushay18,5,Tabungan online,Deposito wow,3.7.01,0,2026-08-11T07:25:49-07:00,Bank Neo Commerce (BNC),bnc_neobank,app_store,1519178181
14414482647,kwrmlg,5,Tabungan online,Tabungan online terbaik. Buka deposito online sangat mudah.,3.7.01,0,2026-08-11T05:54:46-07:00,Bank Neo Commerce (BNC),bnc_neobank,app_store,1519178181
14414414636,mandaasy,4,MANTAPPP,"So interesting, and helpful sekalii!!!",3.7.01,0,2026-08-11T05:34:39-07:00,Bank Neo Commerce (BNC),bnc_neobank,app_store,1519178181
14414399369,Making21,5,Tabungan online,Sangat baik untuk investasi pemula,3.7.01,0,2026-08-11T05:30:08-07:00,Bank Neo Commerce (BNC),bnc_neobank,app_store,1519178181
14414390174,incakar,5,GOKILL,"aplikasinya cukup mudah digunakan, terutama buat yg baru mulai investasi. cocok banget untuk platform investasi buat pemula karena tampilannya simpel dan informasinya cukup jelas",3.7.01,0,2026-08-11T05:27:22-07:00,Bank Neo Commerce (BNC),bnc_neobank,app_store,1519178181
14414341194,Dj Kimtt,5,Investasi untuk Pemula,"Aplikasi ini bagus banget, kalian anak muda wajib buka tabungan online , bunga rendah top banget",3.7.01,0,2026-08-11T05:12:34-07:00,Bank Neo Commerce (BNC),bnc_neobank,app_store,1519178181
14414234018,huudzz,5,keren bangett,"Tabungan online yang praktis, mudah digunakan, dan fiturnya cukup lengkap. Cocok buat yang mau mulai nabung secara digital. Tampilannya juga simpel dan nyaman digunakan sehari-hari.",3.7.01,0,2026-08-11T04:39:03-07:00,Bank Neo Commerce (BNC),bnc_neobank,app_store,1519178181
14414204902,Sitihumairoh,5,Mantapp,"APLIKASI BAGUS BUAT NABUNG, TABUNGAN AMAN HATI SENANG, REKOMENDASI BUAT YANG MAU NABUNG DI NEOBANK AJA",3.7.01,0,2026-08-11T04:29:50-07:00,Bank Neo Commerce (BNC),bnc_neobank,app_store,1519178181
14414170898,Nasyaah,5,Good,"Tabungan online di neo bank sangat bagus, sangat terpeecaya, aku kasih bintang 5 karna benar benar tabungan online paling tepercaya dan sangat memudahkan saat membayar karna di neo bank tersedia qris 🫰🏻",3.7.01,0,2026-08-11T04:18:47-07:00,Bank Neo Commerce (BNC),bnc_neobank,app_store,1519178181
14413656002,Siti Rizkiya Putri,5,Mantappp,"Sangat membantu dan praktis, tabungan online ini bisa dibuka kapan saja tanpa perlu ke bank, aman dan mudah digunakan sehari-hari.",3.7.00,0,2026-08-11T01:11:21-07:00,Bank Neo Commerce (BNC),bnc_neobank,app_store,1519178181
14413452340,Gita Oktavia,5,Tabungan Online,"Menarik sekali aplikasinya, fitur nya juga cukup user interface, jadi mudah dalam aktivitas sehari-hari terutama qrisnya",3.7.00,0,2026-08-10T23:51:07-07:00,Bank Neo Commerce (BNC),bnc_neobank,app_store,1519178181
14413395697,yyyyyyhhu,5,mantap,Nabung nya di sini aman banget bejirr gaskan nabung disini,3.7.00,0,2026-08-10T23:27:37-07:00,Bank Neo Commerce (BNC),bnc_neobank,app_store,1519178181
14413363313,Faidah Ulasan,5,Bank,"Aplikasi ini praktis banget buat buka tabungan online, prosesnya cepat, aman, dan sangat membantu transaksi harian saya.",3.7.00,0,2026-08-10T23:13:48-07:00,Bank Neo Commerce (BNC),bnc_neobank,app_store,1519178181
14412930269,Riang Nirmala,5,Mantulll,Aplikasi bank digital yang bagus bangett. Tabungan digital dengan bunga yang tinggi. Sangat bagus buat kita yang mau nabung2 ringan.,3.7.00,0,2026-08-10T20:05:02-07:00,Bank Neo Commerce (BNC),bnc_neobank,app_store,1519178181
14412890735,siti sifaul hekmah,5,mantap,investasi untuk pemula,3.7.00,0,2026-08-10T19:49:06-07:00,Bank Neo Commerce (BNC),bnc_neobank,app_store,1519178181
14412797285,Erpan1945,5,Neo Bank Mantap,"Aplikasinya bagus bangett, banyak fitur yang bisa diakses sehingga memudahkan kegiatan sehari-hari terutama tabungan digitalnya",3.7.00,0,2026-08-10T19:12:45-07:00,Bank Neo Commerce (BNC),bnc_neobank,app_store,1519178181
14412680137,rnugraheni,5,Buka deposito online,Sangat mudah aplikasi menarik dan fitur-fitur banyak serta mudah dimengerti untuk para pemula,3.7.00,0,2026-08-10T18:28:29-07:00,Bank Neo Commerce (BNC),bnc_neobank,app_store,1519178181
14412644964,DiehZz,5,Mantap,"Menurut saya Neo cukup bagus dan mudah di gunakan,tampilan nya simpel.",3.7.00,0,2026-08-10T18:15:25-07:00,Bank Neo Commerce (BNC),bnc_neobank,app_store,1519178181
14412353223,Surni imutttt,5,Tabungan,Jujur bagus banget Dan aku suka,3.7.00,0,2026-08-10T16:23:18-07:00,Bank Neo Commerce (BNC),bnc_neobank,app_store,1519178181
14411859209,midadun,5,"Tabungan digital bunga tinggi, beneran worth it!","Awalnya coba-coba doang karena penasaran sama Tabungan digital bunga tinggi. Eh ternyata beneran cair bunganya dan lebih tinggi dari bank konvensional. Daftarnya gampang, tanpa admin bulanan. Cocok buat dana darurat & tabungan jangka panjang.",3.7.00,0,2026-08-10T13:17:15-07:00,Bank Neo Commerce (BNC),bnc_neobank,app_store,1519178181
14411731140,peggy dania,5,tabungan online,"aku dari dulu pake neo bank untuk tabungan online karena sangat sangat aman dan bagus. apalagi ada banyak fitur disini, seperti qris nya yang sat set itu 🫶",3.7.00,0,2026-08-10T12:33:20-07:00,Bank Neo Commerce (BNC),bnc_neobank,app_store,1519178181
14410876221,bau hasem,5,Mantapp,"Aplikasinya menarik, banyak fitur fitur yang memudahkan untuk aktivitas sehari hari, terutama qrisnyaa, ditambah banyak promo menarik👍🏻",3.7.00,0,2026-08-10T08:07:00-07:00,Bank Neo Commerce (BNC),bnc_neobank,app_store,1519178181
14410713163,ixxyyh,5,mantap,"Aplikasi investasi ini sangat ramah bagi pemula, tampilannya simpel, aman, dan memberikan keuntungan secara konsisten.",3.7.00,0,2026-08-10T07:20:23-07:00,Bank Neo Commerce (BNC),bnc_neobank,app_store,1519178181
14410632229,Avind11,5,Investasi untuk pemula,Jossss sekali . Cocok banget untuk investasi pemula yaa. Mudah banget dipakai untuk menabung dengan bunga wowww. Investasi untuk pemula pakai neobank mudahhhhhh banget gag pakek ribet. Bisa untuk menabung dan deposito online 🙂,3.7.00,0,2026-08-10T06:57:09-07:00,Bank Neo Commerce (BNC),bnc_neobank,app_store,1519178181
14410581987,Hallomarsha,5,Aplikasi menarik,"Tabungan online sangat praktis dan aman, dengan bunga tinggi yang membuat menabung jadi lebih menguntungkan. Cocok untuk pemula yang ingin mulai investasi dengan mudah",3.7.00,0,2026-08-10T06:42:31-07:00,Bank Neo Commerce (BNC),bnc_neobank,app_store,1519178181
14410575693,ksmnrg,5,TOooppp banget👍,sangat mudah bikin tabungan online no ribet ribet,3.7.00,0,2026-08-10T06:40:41-07:00,Bank Neo Commerce (BNC),bnc_neobank,app_store,1519178181
14410255392,Jira Perbawa,5,Aplikasinya easy to manage,"Awalnya cuma coba-coba, ternyata enak juga buat tabungan online. Aplikasinya gampang dipahami dan prosesnya nggak ribet. Buat yang lagi belajar ngatur uang sendiri, menurutku cukup membantu dan praktis.",3.7.00,0,2026-08-10T05:01:33-07:00,Bank Neo Commerce (BNC),bnc_neobank,app_store,1519178181
14410135759,v|ola,5,Investasi untuk pemula,Bagus banget untuk pemula yang mau berinvestasi karna banyak fitur fitur nya dan mudah diakses,3.7.00,0,2026-08-10T04:20:30-07:00,Bank Neo Commerce (BNC),bnc_neobank,app_store,1519178181
14410034426,Tasya Kumala Dewi,5,RECOMENDEED,Menurutku Neo Bank adalah tabungan digital bunga tinggi yang menarik banget buat yang baru belajar mengatur keuangan. Praktis dan cocok juga sebagai investasi untuk pemula. Sejauh ini akuu puass bangett,3.7.00,0,2026-08-10T03:43:32-07:00,Bank Neo Commerce (BNC),bnc_neobank,app_store,1519178181
14409859071,yenisusiyanti,5,Mantap,"Aplikasinya praktis dan tampilannya gampang dipahami. Aku juga suka karena bisa jadi pilihan tabungan online yang lebih praktis untuk kebutuhan sehari-hari, prosesnya juga simpel dan fiturnya cukup lengkap. Overall nyaman dipakai",3.7.00,0,2026-08-10T02:34:41-07:00,Bank Neo Commerce (BNC),bnc_neobank,app_store,1519178181
14409474489,suciafifah,5,INVESTASI AMAN,"cocok banget di aku aplikasi inj karna investasi untuk pemula kaya aku sangat membantu banget, aman juga dan aplikasi ini ngebantu aku buat transaksi lainnya",3.7.00,0,2026-08-09T23:50:35-07:00,Bank Neo Commerce (BNC),bnc_neobank,app_store,1519178181
14409255259,zahira nasyilla,5,bagus bangett,"bagus bangett apk inii, kerenn bgt pokonya bintang 5",3.7.00,0,2026-08-09T22:10:57-07:00,Bank Neo Commerce (BNC),bnc_neobank,app_store,1519178181
14409254504,xyrf12,5,Tabungan online,apalikasinya bagus sih menarik secara tampilan memudahkan saya juga dalam menyimpang tabungan di tambah juga dengan promo yang menarik,3.7.00,0,2026-08-09T22:10:37-07:00,Bank Neo Commerce (BNC),bnc_neobank,app_store,1519178181
14409152206,Nur Mayangsari,5,Bagus banget,"PUAS BANGET PAKE NEO BANK⭐️⭐️⭐️
Gratis admin, transfer gratis, bunga tinggi, buka rekening online.
Udah 3 bulan nggak ada kendala sama sekali.Buat yang masih ragu, cobain dulu. Dijamin nagih.",3.7.00,0,2026-08-09T21:24:32-07:00,Bank Neo Commerce (BNC),bnc_neobank,app_store,1519178181
14408870858,tsy_tasya,5,Bagusss bangettt,"Sumpah ini cocok banget buat investasi pemula, ini apk yang aku cari cari, bene bener bagus deh🤩",3.7.00,0,2026-08-09T19:28:03-07:00,Bank Neo Commerce (BNC),bnc_neobank,app_store,1519178181
14408665553,Wizzlylo,5,Lumayan memuaskan,"Aplikasi yang cukup simpel dan ramah buat yg mau sekadar punya tabungan online, UI yg cukup mudah digunakan dan ringan.",3.7.00,0,2026-08-09T18:09:22-07:00,Bank Neo Commerce (BNC),bnc_neobank,app_store,1519178181
14407851670,aji cahyo,5,top,bagus banget nih aplikasi untuk tabungan onlineku👍🏽,3.7.00,0,2026-08-09T12:53:20-07:00,Bank Neo Commerce (BNC),bnc_neobank,app_store,1519178181
14407752998,resitazahara,5,mantap,"Aplikasinya menarik,banyak fiturnya yang kren"" dan dapat mempermudah kehidupan kita sehari"",di tambah dngn fitur qrisnya yang bisa dpt hadiah👏👏👏",3.7.00,0,2026-08-09T12:19:02-07:00,Bank Neo Commerce (BNC),bnc_neobank,app_store,1519178181
14407636412,yesiiialss,5,Investasi untuk pemula,"wowww sangat membantu saya untuk invertasi sebagai pemula dan belum terlalu paham, tetapi aplikasi ini sangat mudah untuk di gunakan, kerenn abissssssssssss",3.7.00,0,2026-08-09T11:39:31-07:00,Bank Neo Commerce (BNC),bnc_neobank,app_store,1519178181
14407541631,cltaptr,5,tabungan digital,"recommended banget buat jadi opsi tabungan digital, soalnya bunganya tinggi, dan banyak promo-promo menarik",3.7.00,0,2026-08-09T11:08:29-07:00,Bank Neo Commerce (BNC),bnc_neobank,app_store,1519178181
14407439250,muhammad rizky fauzan,5,sangat bagus,sangat cocok untuk tabungan online karna suku bunga tabungan tinggi,3.7.00,0,2026-08-09T10:35:20-07:00,Bank Neo Commerce (BNC),bnc_neobank,app_store,1519178181
14407377528,Alfiah Fauzia,5,tabungan digital online,apk nya membantu bgt bisa buka tabungan digital online dan bisa dapat bunga yg tunggi juga👍🏻,3.7.00,0,2026-08-09T10:15:38-07:00,Bank Neo Commerce (BNC),bnc_neobank,app_store,1519178181
14407114330,parapencaricuan,5,recomended,"cocok buat nabung, karena bunganya lumayan tinggi.",3.7.00,0,2026-08-09T08:55:10-07:00,Bank Neo Commerce (BNC),bnc_neobank,app_store,1519178181
14407059215,IU27,5,Investasi,"Lg mau coba2 masuk dunia investasi, neobank ternyata cocok jg buat investasi pemula kyk g 🫰🏻",3.7.00,0,2026-08-09T08:38:35-07:00,Bank Neo Commerce (BNC),bnc_neobank,app_store,1519178181
14407039460,Wardoyoaji,5,Mantap,Mantap pokoknya bnyak bnget promo dan qrisnya gampang  dan masih bnyak fitur lainnya,3.7.00,0,2026-08-09T08:32:38-07:00,Bank Neo Commerce (BNC),bnc_neobank,app_store,1519178181
14406904084,kenzuefendi suadi,5,bubga deposito wow,sumpah tinggi banget deposito wow ini bunga tertinggi sih yang ku temuin,3.7.00,0,2026-08-09T07:52:30-07:00,Bank Neo Commerce (BNC),bnc_neobank,app_store,1519178181
14406311830,rasyaaca22,5,ulasan,"nabung disini sangat amannn terus enakk juga buatt nyimpen uang disinii, kadang’ juga dapet diskonann dari bank neo, the best",3.7.00,0,2026-08-09T04:43:21-07:00,Bank Neo Commerce (BNC),bnc_neobank,app_store,1519178181
14406294355,onlyimaaa,5,app keren,memudahkan dalam transkasi & cocok buat pemula yang mau mulai investasiii,3.7.00,0,2026-08-09T04:37:03-07:00,Bank Neo Commerce (BNC),bnc_neobank,app_store,1519178181
14405968158,Zakiican,5,Nabung yukk,"Nabung online disini tanpa ribet sama sekali , sangat rekomendasi buat kalian yang mau menabungg",3.7.00,0,2026-08-09T02:26:08-07:00,Bank Neo Commerce (BNC),bnc_neobank,app_store,1519178181
14405959047,…………………….(?,1,tae,ditolak mulu pengajuan pinjaman,3.7.00,0,2026-08-09T02:22:21-07:00,Bank Neo Commerce (BNC),bnc_neobank,app_store,1519178181
14405941245,Yujeesaja,5,Sangat puas,"Sangat puas menggunakan layanan Tabungan onlinenya praktis, mudah digunakan, dan cocok untuk kebutuhan sehari-hari. Tabungan digital bunga tinggi juga menarik karena bisa membantu mengembangkan dana dengan lebih optimal. Saya juga suka karena proses buka deposito online sangat mudah dan cepat. Deposito bank digital ini cocok untuk yang ingin mulai mengatur keuangan. Bunga deposito yang ditawarkan juga menjadi nilai tambah. Menurut saya, ini bisa menjadi pilihan investasi untuk pemula yang ingin mulai mengelola keuangan dengan cara yang praktis.”",3.7.00,0,2026-08-09T02:14:45-07:00,Bank Neo Commerce (BNC),bnc_neobank,app_store,1519178181
14405859763,kephinnn,5,MUDAH DIGUNAKAN,"Aplikasinya mudah digunakan untuk pemula, qrisnya sangat bermanfaat untuk bayar dan juga banyak promo yang menarik, bisa buat investasi untuk pemula mantap pokonya",3.7.00,0,2026-08-09T01:39:55-07:00,Bank Neo Commerce (BNC),bnc_neobank,app_store,1519178181
14405664994,Ripaahyar,5,Aplikasinya menarik,"Aplikasinya menarik, cocok investasi untuk pemula",3.7.00,0,2026-08-09T00:15:42-07:00,Bank Neo Commerce (BNC),bnc_neobank,app_store,1519178181
14405365884,its.louu,5,Nice apl,"Aplikasi ini sangat cocok sebagai investasi untuk pemula karena praktis, aman, dan fiturnya sangat mudah dipahami.""",3.7.00,0,2026-08-08T22:00:26-07:00,Bank Neo Commerce (BNC),bnc_neobank,app_store,1519178181
14405134022,Irdung,5,Mantap,Apk menarik deposito nya wow banget mantap banget la pokoknya,3.7.00,0,2026-08-08T20:18:04-07:00,Bank Neo Commerce (BNC),bnc_neobank,app_store,1519178181
14404952957,Thiomatan,5,mantap,"Bagus untuk investasi pemula
Menurut saya aplikasinya cukup mudah dipahami, terutama buat yang baru mulai belajar investasi. Tampilannya simpel dan fitur-fiturnya membantu untuk mulai mengatur keuangan dan mengenal investasi secara bertahap. Cocok banget untuk pemula. 👍",3.7.00,0,2026-08-08T19:04:17-07:00,Bank Neo Commerce (BNC),bnc_neobank,app_store,1519178181
14404201162,vianakusuma,5,mantapppp,tabungan digital bunga nya super duper tinggi kerenn dehh mantapp,3.7.00,0,2026-08-08T13:56:23-07:00,Bank Neo Commerce (BNC),bnc_neobank,app_store,1519178181
14404144820,Gntrnov,5,Gokkssss !!,"Goooksssss !! Deposito dengan priode 7 hari sudah mendapatkan suku bunga 4,75 dengan minimal deposit 100rb aja !!",3.7.00,0,2026-08-08T13:34:53-07:00,Bank Neo Commerce (BNC),bnc_neobank,app_store,1519178181
14404022418,laaa29,5,ulasan,"buka deposito dibank neo sangatlah gampang sekali,bunga nya gede mantap lah bank neo.",3.7.00,0,2026-08-08T12:49:22-07:00,Bank Neo Commerce (BNC),bnc_neobank,app_store,1519178181
14403909582,wahyuhermawan13,5,Tabungan online,tabungan ini sangat membantu untuk investasi ataupun mempermudah hidup,3.7.00,0,2026-08-08T12:08:36-07:00,Bank Neo Commerce (BNC),bnc_neobank,app_store,1519178181
14403123813,Malaikat23,5,Good,Bagus banget aplikasi nya👌🏻,3.7.00,0,2026-08-08T07:57:54-07:00,Bank Neo Commerce (BNC),bnc_neobank,app_store,1519178181
14402955187,Risa alifa,5,Ramah Pemula,"Bank Neo sangat cocok untuk pemula yang ingin mulai berinvestasi karena fiturnya praktis, aman, dan menawarkan bunga yang menguntungkan.",3.7.00,0,2026-08-08T07:07:57-07:00,Bank Neo Commerce (BNC),bnc_neobank,app_store,1519178181
14402593835,meygaaaaaaa,5,Digital bank paling oke,"Suka banget nabung di neo bank ini, dapet bunga harian, bunge depo tinggi dan tenor nya beragan dan dan yang paling penting transfer ke bank mana aja free admin ✨",3.7.00,0,2026-08-08T05:13:52-07:00,Bank Neo Commerce (BNC),bnc_neobank,app_store,1519178181
14402513584,wahyayu,5,mantap,iseng nyoba buka deposito online ternyata prosesnya lumayan cepat dan prosedurnya ga bikin pusing 🩷,3.7.00,0,2026-08-08T04:45:44-07:00,Bank Neo Commerce (BNC),bnc_neobank,app_store,1519178181
14402173314,Aby/9374,5,Apk mantap,Mantap sekali banyak fitur fitur keren terutama qris nyaa,3.7.00,0,2026-08-08T02:31:10-07:00,Bank Neo Commerce (BNC),bnc_neobank,app_store,1519178181
14401969487,Reni_dwi33,5,Investasi untuk pemula,"Neobank sangat cocok investasi untuk pemula, mudah diphami dan hasilnya lumayan, pokoknya cocok banget lah",3.7.00,0,2026-08-08T01:04:14-07:00,Bank Neo Commerce (BNC),bnc_neobank,app_store,1519178181
14401861537,Novianbayu,5,Deposito,"Deposito wow, karena bunganya cukup gede",3.7.00,0,2026-08-08T00:16:54-07:00,Bank Neo Commerce (BNC),bnc_neobank,app_store,1519178181
14401844560,juljuli😍,1,TOLONG SAYA SAYA BUTUH UANG SAYA DI DEPOSIT WOW YNG UDAH JATUH TEMPO TAPI YANG DI KELUARKAN CUMA BUN,Uang saya 19500 tolong kembalikan,3.7.00,0,2026-08-08T00:09:31-07:00,Bank Neo Commerce (BNC),bnc_neobank,app_store,1519178181
14401312858,Raga maniezz,5,Untuk Pihak Bank Neo,"Tabungan online yang praktis dan mudah digunakan. Fitur tabungan digital dengan bunga tinggi cukup menarik, dan proses buka deposito online juga mudah. Deposito bank digital ini cocok untuk pemula yang ingin mengenal investasi untuk pemula serta memahami bunga deposito.🥰🥰",3.7.00,0,2026-08-07T20:13:46-07:00,Bank Neo Commerce (BNC),bnc_neobank,app_store,1519178181
14400733772,Pebrinaa,5,Josjis,"Pilihan tabungan online yang cukup menarik karena proses pembukaan rekening mudah,dapat diakses melalui aplikasi dan menawarkan keuntungan berupa tabungan.",3.7.00,0,2026-08-07T16:24:21-07:00,Bank Neo Commerce (BNC),bnc_neobank,app_store,1519178181
14400682352,jiyuuy,5,baguuss,"aplikasinya bagus dan gampang dipake, buat tabungan online juga praktis bngt, tampilannya simpel, nggak bikin bingung. sejauh ini aku nyaman makenya, overall puas sihh🫶🏻",3.7.00,0,2026-08-07T16:03:45-07:00,Bank Neo Commerce (BNC),bnc_neobank,app_store,1519178181
14399954392,Hananananns,5,Deposito wow,"Aplikasinya menarik banget euy,banyak promonya",3.7.00,0,2026-08-07T11:33:15-07:00,Bank Neo Commerce (BNC),bnc_neobank,app_store,1519178181
14399881308,RyYoUuu,5,Mantap,"Keren bank neo, investasi untuk pemula juga bagus, Bunga depositonya juga pas. Mantep pokoknya",3.7.00,0,2026-08-07T11:08:45-07:00,Bank Neo Commerce (BNC),bnc_neobank,app_store,1519178181
14399693517,wijhayy,5,joss sangat suka,"sangat bagus sih, worthit buat tabungan online dan fitur fitur nya sangat banyak banget sih dijamin suka🫶🏻",3.7.00,0,2026-08-07T10:08:02-07:00,Bank Neo Commerce (BNC),bnc_neobank,app_store,1519178181
14399465929,puanbyrsp,5,Mantapp,"Aplikasinya keren apalagi fitur QRIS mempermudah untuk jajan gak perlu repot repot dan tentunya banyak promo, cuan cuan",3.7.00,0,2026-08-07T08:58:47-07:00,Bank Neo Commerce (BNC),bnc_neobank,app_store,1519178181
14399086987,Rifqi iok,5,Bagus aplikasinya,Bagus aplikasinya,3.7.00,0,2026-08-07T07:08:50-07:00,Bank Neo Commerce (BNC),bnc_neobank,app_store,1519178181
14398975349,baemima,5,TABUNGAN ONLINE,tabungan online terpercaya,3.7.00,0,2026-08-07T06:36:23-07:00,Bank Neo Commerce (BNC),bnc_neobank,app_store,1519178181
14398809564,Wongmumet07,5,Pinjaman,Pinjamanya cepat dan dapat di percaya,3.7.00,0,2026-08-07T05:46:36-07:00,Bank Neo Commerce (BNC),bnc_neobank,app_store,1519178181
14398733775,kymlianr,1,Pengulasan tabungan online,"Apk okee buatt tabungan onlinee, apk yg memudahkan sehari hari bisaa menggunakan qrissss, banyak jugaa fitur fitur lain nya yg hruss di cobaa banyakk selain buat tabungan online nya🫶🏻",3.7.00,0,2026-08-07T05:22:46-07:00,Bank Neo Commerce (BNC),bnc_neobank,app_store,1519178181
14398721944,ariesdarcy,5,Goodjob,"Mantep aplikasi tabungan online buat segala kebutuhan ada. Intinya one app solution deh neo bank, mau transaksi apa aja bisa",3.7.00,0,2026-08-07T05:19:00-07:00,Bank Neo Commerce (BNC),bnc_neobank,app_store,1519178181
14398688047,Masboy21626,5,Aplikasi nya mantap dan bagus untuk di gunakan sehari-hari dan cocok di pakai anak muda🤙🏻💖,Bagus banget ini aplikasi,3.7.00,0,2026-08-07T05:08:06-07:00,Bank Neo Commerce (BNC),bnc_neobank,app_store,1519178181
14398587165,Psiskaaa,5,Keren,"Aplikasi recommended buat tabungan online para gen z, mudah digunakan dan sangat membantu",3.7.00,0,2026-08-07T04:34:47-07:00,Bank Neo Commerce (BNC),bnc_neobank,app_store,1519178181
14398416163,marinodeliii,5,BAGUSSS BANGETTT,"bagus banget apk nyaa, sangat membantu untuk investasi pemulaaa, luvv bangett dehhh bank neo🫶🏻",3.7.00,0,2026-08-07T03:33:29-07:00,Bank Neo Commerce (BNC),bnc_neobank,app_store,1519178181
14398161043,Rusdi2132,1,Rekening terblokir,Min rekening saya terblokir sedangkan saya mau tf temen  minta solusinya min,3.7.00,0,2026-08-07T01:51:45-07:00,Bank Neo Commerce (BNC),bnc_neobank,app_store,1519178181
14398070887,Andira06,5,Tabungan di gital bunga tinggi,Keren banget aplikasinya. Tabungan digital bunga tinggi wow. Kerenlah pokoknya,3.7.00,0,2026-08-07T01:14:02-07:00,Bank Neo Commerce (BNC),bnc_neobank,app_store,1519178181
14397837472,w1ldammn,5,mantap buat nabung online,"mantep beeuuttt! neobank cocok buat yang lagi cari tabungan online yang praktis sama gampang digunakan
aplikasinya simpel, fiturnya lengkap, transaksi juga gampang, jadi enak buat nabung dan kebutuhan sehari-hari
overall sih nyaman banget dipakai, recommended! 😆☺️",3.7.00,0,2026-08-06T23:32:50-07:00,Bank Neo Commerce (BNC),bnc_neobank,app_store,1519178181
14397765243,lahung jar kai,5,SANGAT BAGUS,aplikasinya sangat menarik dan bagus dan memudahkan bagi pemuda pemudi dalam Tabungan online semoga lancar terus😁,3.7.00,0,2026-08-06T23:00:48-07:00,Bank Neo Commerce (BNC),bnc_neobank,app_store,1519178181
14397623750,rdjenaas,5,rekomendasi👍🏻,"dari banyaknya bank digital yang aku pakai buat nabung, cuma neobank yang bunganya paling tinggi dan caranya simpel, buat transaksi juga oke banget👍🏻",3.7.00,0,2026-08-06T21:58:09-07:00,Bank Neo Commerce (BNC),bnc_neobank,app_store,1519178181
14397525205,acobbk,5,tabungan,tabungan online,3.7.00,0,2026-08-06T21:14:55-07:00,Bank Neo Commerce (BNC),bnc_neobank,app_store,1519178181
14397220133,Wirasasmita,5,Aplikasi,Recomendes apk,3.7.00,0,2026-08-06T19:12:16-07:00,Bank Neo Commerce (BNC),bnc_neobank,app_store,1519178181
14397120925,Ulfauziaha,5,Bagus,Tabungan Online yang cocok untuk kaum Gen Z yang mudah digunakan dan banyak bonus Bagi setiap pengerjaannya!!,3.7.00,0,2026-08-06T18:34:53-07:00,Bank Neo Commerce (BNC),bnc_neobank,app_store,1519178181
14396684636,Sitinurma07,5,neobank dari  BNC Digital,"MANTAPP , APLIKASINYA MENARIK BANYAK FITUR YANG MEMUDAHKAN AKTIVITAS SEHARI HARI TERUTAMA QRISNYA",3.7.00,0,2026-08-06T15:45:02-07:00,Bank Neo Commerce (BNC),bnc_neobank,app_store,1519178181
14396317193,powerf21,5,Dion,Aplikasi nya sangat bagus,3.7.00,0,2026-08-06T13:25:31-07:00,Bank Neo Commerce (BNC),bnc_neobank,app_store,1519178181
14396183747,iohndrwn,5,review,tabungan online,3.7.00,0,2026-08-06T12:38:13-07:00,Bank Neo Commerce (BNC),bnc_neobank,app_store,1519178181
14396046786,Tichcraz,5,Tabungan online,"Buka rekening tabungan online di neobank gampang banget, cuma butuh e-KTP dan gak perlu antre. Bebas biaya admin bulanan bikin saldo gak terpotong sia-sia",3.7.00,0,2026-08-06T11:51:32-07:00,Bank Neo Commerce (BNC),bnc_neobank,app_store,1519178181
14395791809,Kikikf,5,Mantullll 🫶,"Aplikasi kerennnn , menarik , mudah digunakan untuk sehari hari dan tentunya banyak promonya 😍",3.7.00,0,2026-08-06T10:28:05-07:00,Bank Neo Commerce (BNC),bnc_neobank,app_store,1519178181
14395761328,superrrrrdannnnn,5,tabungan digital dengan bunga tinggi,aplikasi menarik kapan lagi nabung diaplikasi tabungan digital bunga tinggi,3.7.00,0,2026-08-06T10:18:25-07:00,Bank Neo Commerce (BNC),bnc_neobank,app_store,1519178181
14395722392,Harisd7,5,Tabungan keren,Aplikasi yang mudah banget disaat kita butuh belajar jadi investasi pemula,3.7.00,0,2026-08-06T10:06:14-07:00,Bank Neo Commerce (BNC),bnc_neobank,app_store,1519178181
14395174951,Anggashah,5,Bagus banget,"Suka banget sama aplikasi ini! Cocok buat yang nyari tabungan digital bunga tinggi karena bunganya langsung cair tiap hari, Bebas biaya admin dan transfernya juga lancar,Desainnya makin oke dan fiturnya lengkap banget buat nabung atau deposito",3.7.00,0,2026-08-06T07:25:33-07:00,Bank Neo Commerce (BNC),bnc_neobank,app_store,1519178181
14394947818,dinaffira,3,Deposit WoW,kerenn sih aku pilih neo bank untuk deposit❤️👍🏻,3.7.00,0,2026-08-06T06:20:42-07:00,Bank Neo Commerce (BNC),bnc_neobank,app_store,1519178181
14394582849,aeniwww1234,5,mantep neobank,"aplikasinya mantap bangett 
tabungan digital bunga tinggi",3.7.00,0,2026-08-06T04:26:45-07:00,Bank Neo Commerce (BNC),bnc_neobank,app_store,1519178181
14394507366,Rangga safutra,5,tabungan online,"Masa depan aman dimulai dari klik. Tabungan online, nabung jadi gampang.Nggak perlu ke bank, cukup di HP. Masa depan kamu yang atur.
Sedikit demi sedikit, lama-lama jadi bukit. Sekarang bukitnya ada di aplikasi.
Nabung itu keren. Apalagi kalau bisa dari kasurGaji masuk, langsung auto nabung. Dompet aman, hati tenang.",3.7.00,0,2026-08-06T04:00:46-07:00,Bank Neo Commerce (BNC),bnc_neobank,app_store,1519178181
14394408154,Dinda Anindhya,5,Keren banget,"Keren bangett 
Terima kasih neobank dari sini aku bisa nabung online dengan cepat",3.7.00,0,2026-08-06T03:24:29-07:00,Bank Neo Commerce (BNC),bnc_neobank,app_store,1519178181
14394384503,Indih99,5,Ulasan,Keren banget sih bank neo,3.7.00,0,2026-08-06T03:15:29-07:00,Bank Neo Commerce (BNC),bnc_neobank,app_store,1519178181
14394315438,Sazkiah Amanda,5,Rating baik Neo Bank😘,"""Aku suka banget sama *tabungan online* di Neo Bank. Daftarnya 5 menit doang dari rumah, nggak perlu antri ke cabang. Kartu ATM-nya juga bisa request kirim ke rumah."" ""Rekomendasi *tabungan digital bunga tinggi* nih! Di Neo Bank bunganya bikin semangat nabung tiap bulan. Cocok buat dana darurat karena bisa tarik kapan aja."" ""Baru coba *Deposito WOW* di Neo Bank. Bunganya wow banget dibanding bank lain. Tenornya fleksibel, mulai 1 bulan. Auto-renew juga jadi nggak ribet."" ""Gampang banget *buka deposito online* di Neo Bank. Tinggal pilih tenor, transfer dana, langsung jadi. Ada notifikasi pas mau jatuh tempo juga. Praktis!"" ""Cari *deposito bank digital* yang aman? Neo Bank aman. Aku taruh dana THR di sini karena bunganya tinggi dan bisa dicairkan sebelum jatuh tempo kena penalti kecil."" ""*Bunga deposito* di Neo Bank bersaing banget. Aku ambil tenor 3 bulan dan hasilnya lumayan buat nambah jajan. Bisa cek simulasi bunga langsung di aplikasinya."" ""Buat yang cari *investasi untuk pemula*, Neo Bank cocok. Selain reksadana, aku mulai dari Deposito WOW dulu karena risikonya rendah dan bunganya pasti. Nggak takut rugi.""",3.7.00,0,2026-08-06T02:48:44-07:00,Bank Neo Commerce (BNC),bnc_neobank,app_store,1519178181
14394089630,Cherly05,5,Investasi untuk Pemula,"Gampang bgt aplikasinya buat pemula, fitur-fiturnya juga adaptif dengan kebutuhan saat ini🫰🏻",3.7.00,0,2026-08-06T01:16:37-07:00,Bank Neo Commerce (BNC),bnc_neobank,app_store,1519178181
14393910832,yahyafika,5,deposit,bagus sekali mempermuda deposit digital untuk saya,3.7.00,0,2026-08-06T00:00:35-07:00,Bank Neo Commerce (BNC),bnc_neobank,app_store,1519178181
14393723016,Merimeyy,5,Ulasan,"Deposito nya wow,tabungan online yang mudah dan terpercaya,apk sangat baguss pokoknya sangat membantu",3.7.00,0,2026-08-05T22:38:21-07:00,Bank Neo Commerce (BNC),bnc_neobank,app_store,1519178181
14393524945,goorich,5,aplikasinya keren poll,"aplikasinya menarik, fitur lengkap dan ga ribet, cocok juga untuk investasi buat pemula, besttt👍🏻",3.7.00,0,2026-08-05T21:12:04-07:00,Bank Neo Commerce (BNC),bnc_neobank,app_store,1519178181
14393432817,Retendin,5,Bintang limaa,"Sangat puas dan terbantu sekali dengan adanya layanan tabungan online dari Bank Neo ini, selain transaksinya yang serba cepat, fitur-fiturnya juga sangat user-friendly untuk mengatur keuangan sehari-hari.",3.7.00,0,2026-08-05T20:34:05-07:00,Bank Neo Commerce (BNC),bnc_neobank,app_store,1519178181
14393400585,Aulia Maulida,5,Review mantap,"mudah ketika membuka akun untuk deposito, return bunga tabungannya cukup tinggi & ramah untuk pemula",3.7.00,0,2026-08-05T20:21:19-07:00,Bank Neo Commerce (BNC),bnc_neobank,app_store,1519178181
14393384212,kaleezaaa,5,tabungan online,"mantapp pas bgt buat nabung, banyak promonya dan bener bener banyak fitur yg bermanfaat buat aktivitas harian🙌🏻",3.7.00,0,2026-08-05T20:14:46-07:00,Bank Neo Commerce (BNC),bnc_neobank,app_store,1519178181
14393360407,bekowok,5,Depositonya menjanjikan,"Setelah saya cek dari berbagai aplikasi serupa, ternyata Neobank yang paling banyak bunga depositonya, saya jadi yakin mau invest disini. semoga cuan terus nantinya",3.7.00,0,2026-08-05T20:05:27-07:00,Bank Neo Commerce (BNC),bnc_neobank,app_store,1519178181
14393355254,fiola bryan,5,Investasi untuk pemula,Neo Bank cocok sebagai investasi untuk pemula karena aplikasi mudah digunakan dan fiturnya lengkap,3.7.00,0,2026-08-05T20:03:24-07:00,Bank Neo Commerce (BNC),bnc_neobank,app_store,1519178181
14392913058,farrel alghivaryy,5,investasi BUAT PEMULA,"ini cocok banget buat aku yang mau coba mulai investasi , cocok banget buat investasi pemula",3.7.00,0,2026-08-05T17:15:38-07:00,Bank Neo Commerce (BNC),bnc_neobank,app_store,1519178181
14392147105,Tiasetiana,5,Bank Neo,"Aplikasi Neobank memberikan pengalaman menabung dan deposito online yang praktis dengan proses pembukaan rekening yang mudah, bunga yang cukup kompetitif, serta fitur transaksi yang lengkap.",3.7.00,0,2026-08-05T12:27:49-07:00,Bank Neo Commerce (BNC),bnc_neobank,app_store,1519178181
14392076093,lely soleha,5,Investasi,"keren sih ini aplikasi,apalagi buat kalian yg suka investasi,sangat sangat amanah juga aplikasinya🫶🏻 suka deh",3.7.00,0,2026-08-05T12:03:46-07:00,Bank Neo Commerce (BNC),bnc_neobank,app_store,1519178181
14391938999,dhafieee,5,MANTAPPP,"Aplikasinya menarik, banyak fitur yang memudahkan aktivitas sehari-hari terutama qrisnya, ditambah promo terus euyyy",3.7.00,0,2026-08-05T11:18:34-07:00,Bank Neo Commerce (BNC),bnc_neobank,app_store,1519178181
14391927130,aby12572,5,KEREN BANGETTTT,"bukan cuma aplikasi bank digital biasa, tapi juga pilihan tepat bagi investasi untuk pemula yang ingin memulai mengelola keuangan tanpa ribet. 👍🏻👍🏻",3.7.00,0,2026-08-05T11:14:40-07:00,Bank Neo Commerce (BNC),bnc_neobank,app_store,1519178181
14391852305,Rehan piliang,5,Mantap sekalii,"Aplikasi yang sangat menguntungkan bagi pengguna baru, sangar cocok investasi untuk pemula",3.7.00,0,2026-08-05T10:50:33-07:00,Bank Neo Commerce (BNC),bnc_neobank,app_store,1519178181
14391752762,anin210,5,Kerennn,"jujurr aku ngerasa ini cocok banget buat pemula yang mau nyoba investasi tipis-tipis, mana dapet bunga mayan lagi wkakakakakaka",3.7.00,0,2026-08-05T10:19:06-07:00,Bank Neo Commerce (BNC),bnc_neobank,app_store,1519178181
14391334220,Tyara putri ramadhani,5,MANTEPPP BANGET!,"Investasi untuk pemula sangat mudah dipahami, aplikasi nyaman, dan prosesnya cepat.",3.7.00,0,2026-08-05T08:16:45-07:00,Bank Neo Commerce (BNC),bnc_neobank,app_store,1519178181
14391152235,gaganwbeoqpmqqlqplqjqb,5,Aplikasi Terbaik Buat Investasi,"Tidak menyesal sudah mencoba, aplikasi ini terasa seperti investasi pintar yang mempermudah urusan finansial dan rutinitas harian.🫰🏻🫰🏻",3.7.00,0,2026-08-05T07:26:08-07:00,Bank Neo Commerce (BNC),bnc_neobank,app_store,1519178181
14391031096,panggil aja sky,5,skyganteng,INVESTASI UNTUK PEMULA,3.7.00,0,2026-08-05T06:52:37-07:00,Bank Neo Commerce (BNC),bnc_neobank,app_store,1519178181
14390749153,Annisa ullatifah,5,Bank neo,Cocok untuk investasi pemula. Banyak fitur yang dapet diakses. Thanks bank neo,3.7.00,0,2026-08-05T05:30:46-07:00,Bank Neo Commerce (BNC),bnc_neobank,app_store,1519178181
14390479774,Shyyoung03,5,Tabungan online,Tabungan online cocok untuk semua kalangan pemuda dan gampang digunakan,3.7.00,0,2026-08-05T04:03:38-07:00,Bank Neo Commerce (BNC),bnc_neobank,app_store,1519178181
14390435060,Violla Nasila,5,Mempermudah,"aplikasinya bagus menarik mudah di akses kapan pun dan dimana pun, ga pernah ada kendala saat melakukan investasi untuk pemula",3.7.00,0,2026-08-05T03:47:52-07:00,Bank Neo Commerce (BNC),bnc_neobank,app_store,1519178181
14390242335,yasalammm,3,Yasalammmmm,Mantab mantap oke oke siap siap baik baik baik baik,3.7.00,0,2026-08-05T02:36:17-07:00,Bank Neo Commerce (BNC),bnc_neobank,app_store,1519178181
14390118747,vaviia,5,.,sangat cocok buat investasi untuk pemula,3.7.00,0,2026-08-05T01:47:17-07:00,Bank Neo Commerce (BNC),bnc_neobank,app_store,1519178181
14390041115,Sherlymoenica_24,5,Mantap,"Aplikasi nya bagus, banyak fitur menarik , ada juga investasi . Pokoknya best",3.7.00,0,2026-08-05T01:15:42-07:00,Bank Neo Commerce (BNC),bnc_neobank,app_store,1519178181
14390007758,vdlansy,5,sat set,"suka banget pake neo bank, tabungan online yang sat set mempermudah dalam transaksi 😭💖💖",3.7.00,0,2026-08-05T01:02:05-07:00,Bank Neo Commerce (BNC),bnc_neobank,app_store,1519178181
14389997047,Andre Verein,5,Investasi untuk pemula,Aplikasi nya bagus untuk investasi,3.7.00,0,2026-08-05T00:57:41-07:00,Bank Neo Commerce (BNC),bnc_neobank,app_store,1519178181
14389979435,mmsinaga,5,Comen,Josjis,3.7.00,0,2026-08-05T00:50:25-07:00,Bank Neo Commerce (BNC),bnc_neobank,app_store,1519178181
14389836132,Fadhil rawr,5,Mantapp,"Aplikasinya menarik banyak fitur fitur yang memudahkan pengguna terutama di bagian qrisnya,ditambah lagi dengan promo",3.7.00,0,2026-08-04T23:50:46-07:00,Bank Neo Commerce (BNC),bnc_neobank,app_store,1519178181
14389788933,Intanall,5,Recomed to try,Bagus banget buat tabungan online recomed buat pemula juga yg mau nyoba investasi fiturnya mudah buat di pahamin pokonya best deh🫰🏻,3.7.00,0,2026-08-04T23:30:33-07:00,Bank Neo Commerce (BNC),bnc_neobank,app_store,1519178181
14389738915,12020ari,5,great,great,3.7.00,0,2026-08-04T23:09:24-07:00,Bank Neo Commerce (BNC),bnc_neobank,app_store,1519178181
14389648532,yayalianti,5,KERENNN,"Dulu males ke bank, sekarang cukup dengan tabungan online langsung transfer, cek saldo, semua bisa dari rumah.👍🏻👍🏻",3.7.00,0,2026-08-04T22:30:42-07:00,Bank Neo Commerce (BNC),bnc_neobank,app_store,1519178181
14389572239,zyvia arnanda,5,puas bangettt,"Saya cukup puas menggunakan aplikasi ini karena ketika saya menabung itu jauh lebih terasa mudah dan praktis. Tabungan digitalnya memiliki bunga yang cukup tinggi juga, membuat uang saya bisa tersimpan dengan aman sekaligus memberikan keuntungan yang menarik buat saya sendiri, pokoknya josjis banget deh sangat rekomen buat temen-temen yang baru mulai menabung",3.7.00,0,2026-08-04T21:57:49-07:00,Bank Neo Commerce (BNC),bnc_neobank,app_store,1519178181
14389530171,annichoirunnisa,1,Aplikasi nggak jelas,"Aplikasi ga jelas, untung ga nyimpen banyak uang di neo. Ke logout gabisa login tiap verifikasi muka selalu keterangan nya eror. Plis kalian semua gausah pake aplikasi ini",3.7.00,0,2026-08-04T21:39:48-07:00,Bank Neo Commerce (BNC),bnc_neobank,app_store,1519178181
14389459096,Shul1212,5,Menabung online,Menabung online disini sangat terpercaya. Mudah aman dan simpel. Bintang 5 untuk aplikasi ini,3.7.00,0,2026-08-04T21:10:05-07:00,Bank Neo Commerce (BNC),bnc_neobank,app_store,1519178181
14389272947,santanaaa4,5,kerenn,"aplikasinya sangat praktis untuk membuka tabungan online, prosesnya cepat dan fitur fiturnya mudah dipahami.",3.7.00,0,2026-08-04T19:56:10-07:00,Bank Neo Commerce (BNC),bnc_neobank,app_store,1519178181
14389254186,Siroyanti,5,Bagus banget,"Aplikasi nya menarik .fitur nya membuat mudah aktifitas sehari hari 
Aku sih rekomendit aplikasi ini buat kalian",3.7.00,0,2026-08-04T19:49:03-07:00,Bank Neo Commerce (BNC),bnc_neobank,app_store,1519178181
14389219876,faridz iqmal,5,neo bank,"tabungan online yang praktis banget dan memudahkan orang” yang kurang paham, aski banget pokoknya nabung dan transaksi di neonbank ini",3.7.00,0,2026-08-04T19:36:08-07:00,Bank Neo Commerce (BNC),bnc_neobank,app_store,1519178181
14389156093,revandraap,5,neobank dari bnc digital,tabungan online,3.7.00,0,2026-08-04T19:12:37-07:00,Bank Neo Commerce (BNC),bnc_neobank,app_store,1519178181
14389128125,saanxt,5,mantap,Investasi untuk pemula sangay cocok untuk semua kalangan,3.7.00,0,2026-08-04T19:02:18-07:00,Bank Neo Commerce (BNC),bnc_neobank,app_store,1519178181
14388470054,bwa bwaaa,5,bagus,mantepp isi e wallet kecil biaya admin bunga deposito juga lumayan ga rugii deh pake nii app,3.7.00,0,2026-08-04T14:52:07-07:00,Bank Neo Commerce (BNC),bnc_neobank,app_store,1519178181
14388180005,Jarrgl,5,Buka Deposito Online,"Sangat bagus untuk buka deposito online, tidak ribet dan bunga nya besar sangat di anjur kan bagi yang mau membuka deposito",3.7.00,0,2026-08-04T13:07:06-07:00,Bank Neo Commerce (BNC),bnc_neobank,app_store,1519178181
14388017376,thansulal adnan,5,apk hebat,aplikasi mantap aman untuk nabung online,3.7.00,0,2026-08-04T12:12:21-07:00,Bank Neo Commerce (BNC),bnc_neobank,app_store,1519178181
14387959933,nurulrahma99,5,Sangat Bagus,DEPOSITO WOW,3.7.00,0,2026-08-04T11:53:23-07:00,Bank Neo Commerce (BNC),bnc_neobank,app_store,1519178181
14387905173,Eyyyy03,5,Aplikasi nya keren banget,"Aplikasi nya keren. Bisa nabung online, apalagi bisa deposito online juga. Bunga deposito nya oke untuk nabung digital. Keren deh",3.7.00,0,2026-08-04T11:35:26-07:00,Bank Neo Commerce (BNC),bnc_neobank,app_store,1519178181
14387902233,Akmal Khoirul,5,mantab,"selama menggunakan neobank buka deposito online terasa menjadi mudah, dan juga diberikan bunga tinggi sangat wort it untuk buka deposito online praktis engga ribet sama sekali",3.7.00,0,2026-08-04T11:34:29-07:00,Bank Neo Commerce (BNC),bnc_neobank,app_store,1519178181
14387688638,Depi nuraini,5,Bunga deposit,"Bunga depositnya lumayan banget lho, investasi buat pemula yang pengen belajar mengenai keuangan. Cobain deh",3.7.00,0,2026-08-04T10:26:51-07:00,Bank Neo Commerce (BNC),bnc_neobank,app_store,1519178181
14387686489,Nurul Oktaviani Putri,5,Review,"Suka bangeet sama fiturnya gak ribet dan praktis, bunganya gede dan serba gampang untuk yg online, contohnya depositonya cepet prosesnya dan bunganya tinggi",3.7.00,0,2026-08-04T10:26:10-07:00,Bank Neo Commerce (BNC),bnc_neobank,app_store,1519178181
14387626586,Novia desviany,5,baik,aplikasi yang sangat bagus ditambah ada fitur tabungan online yang memudahkan kita dalam menyimpan uang online agar tidak boros,3.7.00,0,2026-08-04T10:08:08-07:00,Bank Neo Commerce (BNC),bnc_neobank,app_store,1519178181
14387543032,Yuhuuaaa,5,Neobank,"Kita semua memang cocok untuk menabung di di aplikasi ini , karena bunga tabungan digitalnya tinggi",3.7.00,0,2026-08-04T09:43:12-07:00,Bank Neo Commerce (BNC),bnc_neobank,app_store,1519178181
14387401257,sugihen10,5,Keren,"Mantapp 
Gampang buka tabungan, fitur yang sangat menarik dan gampang dikunjungi",3.7.00,0,2026-08-04T09:01:49-07:00,Bank Neo Commerce (BNC),bnc_neobank,app_store,1519178181
14387232620,vanieeeeex,5,riview neo bank,"buka deposit online lebih gampang dan cepat,tentunya sangat bermanfaat",3.7.00,0,2026-08-04T08:13:48-07:00,Bank Neo Commerce (BNC),bnc_neobank,app_store,1519178181
14387135485,yallah gusti,5,wow,"keren aplikasinya tabungan online, tabungan digital  bunga tinggi depositonya wow ada buka deposito online dn bank digital 
bunga deposito dan bisa investasi untuk pemulaa😍😍",3.7.00,0,2026-08-04T07:46:46-07:00,Bank Neo Commerce (BNC),bnc_neobank,app_store,1519178181
14386990239,Ahmad dhani22,5,Apk keren,Wahhh apk ini baguss banget ga nyesel dwonload apk ini,3.7.00,0,2026-08-04T07:06:34-07:00,Bank Neo Commerce (BNC),bnc_neobank,app_store,1519178181
14386773862,Ahmad Rizki1,5,JOSJISS,aplikasinya bagus bisa buat nabung dan aman sekali buat transaksi,3.7.00,0,2026-08-04T06:05:25-07:00,Bank Neo Commerce (BNC),bnc_neobank,app_store,1519178181
14386759004,Virgofuuuun,5,Tabungan online,Aplikasi yang sangat memudahkan kaum hemat untuk menabung,3.7.00,0,2026-08-04T06:01:08-07:00,Bank Neo Commerce (BNC),bnc_neobank,app_store,1519178181
14386519963,Afrllny,5,Mantapuyy,"Bank Neo cocok untuk investasi untuk pemula karena aplikasinya mudah digunakan, proses pembukaan rekening cepat, dan tersedia tabungan dengan bunga yang menarik.",3.7.00,0,2026-08-04T04:48:12-07:00,Bank Neo Commerce (BNC),bnc_neobank,app_store,1519178181
14386374388,wadidawadidiw,5,Woww,"Aplikasi ini cocok sebagai investasi untuk pemula karena mudah dipahami, aman, dan fiturnya sangat membantu.",3.7.00,0,2026-08-04T03:58:55-07:00,Bank Neo Commerce (BNC),bnc_neobank,app_store,1519178181
14386072610,aril89236,5,neo,cocok banget investasi untuk pemula🤩,3.7.00,0,2026-08-04T02:05:02-07:00,Bank Neo Commerce (BNC),bnc_neobank,app_store,1519178181
14386012268,kahlia damr,5,Tabungan digital terjangkau,"Praktis kalo mau nabung disini, bunga tabungan depositonya wow banget jadi cocok investasi buat pemula",3.7.00,0,2026-08-04T01:40:53-07:00,Bank Neo Commerce (BNC),bnc_neobank,app_store,1519178181
14385940456,Akubahagiaselalu,5,Good,sangat menarik dan memudahkan semua ativitas jd lebih cepat karna pake qris. Dan banyak promoo mantabb,3.7.00,0,2026-08-04T01:11:37-07:00,Bank Neo Commerce (BNC),bnc_neobank,app_store,1519178181
14385758603,Bryanptr,5,APLIKASI KEUANGAN TERBAIK,Investasi untuk pemula menjadi lebih mudah berkat aplikasi yang sederhana dan praktis,3.7.00,0,2026-08-03T23:56:30-07:00,Bank Neo Commerce (BNC),bnc_neobank,app_store,1519178181
14385675803,hayyyiii,5,menarik,"kerenn, oke banget apk nya untuk dijadikan tabungan online dan investasi bagi pemula",3.7.00,0,2026-08-03T23:21:40-07:00,Bank Neo Commerce (BNC),bnc_neobank,app_store,1519178181
14385390971,apahaus,5,tabungan digital,"mantap aplikasinya baguss, berguna lebih gampanh juga",3.7.00,0,2026-08-03T21:20:35-07:00,Bank Neo Commerce (BNC),bnc_neobank,app_store,1519178181
14385351519,Wulan121,5,Recommended,"Aplikasinya sangat menarik. Sangat memudahkan untuk pengguna. Terlebih untuk tabungan digital bunga tinggi, sangat recommended.",3.7.00,0,2026-08-03T21:04:12-07:00,Bank Neo Commerce (BNC),bnc_neobank,app_store,1519178181
14385329758,keng namping oh ae,5,Bank digital yg keren,"Buka tabungan online disini gampang banget, bank ini juga menyediakan banyak layanan untuk keperluan membayar seperti internet rumah, e samsat, pertagas, bpjs, bayar biaya pendidikan dan lain-lain. Bunga yang di dapet juga tinggi mantapp guys👍🏻",3.7.00,0,2026-08-03T20:55:26-07:00,Bank Neo Commerce (BNC),bnc_neobank,app_store,1519178181
14385039157,Aulia tri yanti,5,Love,"Aplikasi Nao Bank sangat membantu untuk tabungan online. Prosesnya mudah, fiturnya lengkap, dan transaksi berjalan cepat dan praktik❤️",3.7.00,0,2026-08-03T19:05:11-07:00,Bank Neo Commerce (BNC),bnc_neobank,app_store,1519178181
14384731842,Evert Tito,5,Ulasan,"Aplikasinya menarik, karena memberikan fitur investasi untuk pemula, sehingga mudah dipahami..pokoknya mantep deh aplikasi ini.",3.7.00,0,2026-08-03T17:12:48-07:00,Bank Neo Commerce (BNC),bnc_neobank,app_store,1519178181
14384622164,sal9825,5,Mantap,Sangat puas menggunakan Bank Neo sebagai tabungan online untuk kebutuhan harian saya,3.7.00,0,2026-08-03T16:30:55-07:00,Bank Neo Commerce (BNC),bnc_neobank,app_store,1519178181
14384342674,keyza7,5,mantab,"aplikasi ini sangat praktis untuk membuka tabungan online,prosesnya cepat dan fiturnya mudah dipahami👍",3.7.00,0,2026-08-03T14:44:23-07:00,Bank Neo Commerce (BNC),bnc_neobank,app_store,1519178181
14384073983,deabungabayi,5,review,"Bank Neo punya tabungan online praktis, mudah digunakan, aman, dan membantu mengatur keuangan sehari-hari.",3.7.00,0,2026-08-03T13:09:16-07:00,Bank Neo Commerce (BNC),bnc_neobank,app_store,1519178181
14383632816,nilaham,5,ya,waw keren banget bisa investasi jangka panjang gampang di gunakan,3.7.00,0,2026-08-03T10:47:03-07:00,Bank Neo Commerce (BNC),bnc_neobank,app_store,1519178181
14383265705,sylvia hericahyani,5,Investasi,"sebagai pemula, apk bank neo ini sangat membantu aku untuk melakukan investasi, dari dulu selalu cari apk yang pasti tapi belum nemu pas ketemu bank neo aku bener bener kaget ternyata ini apk GONG PARAH! love bank neo huhuhu THANK YOU!!",3.7.00,0,2026-08-03T08:58:58-07:00,Bank Neo Commerce (BNC),bnc_neobank,app_store,1519178181
14383055624,ibnugilang,5,Tabungan Online Mantap,"aplikasinya menarik, safety juga buat keamanan penggunanya, udah gitu tabungan digitalnya jug punya bunga tinggi, hasil dari deposito wow pokonya top",3.7.00,0,2026-08-03T08:00:10-07:00,Bank Neo Commerce (BNC),bnc_neobank,app_store,1519178181
14383002158,zhionia,5,Good,"⭐⭐⭐⭐⭐

Aplikasi terbaik untuk Tabungan Online dan Tabungan Digital Bunga Tinggi. Fitur Deposito Wow memudahkan saya Buka Deposito Online dengan proses cepat. Sebagai Deposito bank digital, informasi Bunga deposito sangat jelas dan cocok untuk investasi untuk pemula. Sangat puas!",3.7.00,0,2026-08-03T07:45:37-07:00,Bank Neo Commerce (BNC),bnc_neobank,app_store,1519178181
14382806549,Gebbylabibah,5,Review pemakaian,"Tabungan online ini sangat praktis, prosesnya cepat, fiturnya lengkap, membantu mengatur keuangan setiap hari mudah.",3.7.00,0,2026-08-03T06:51:41-07:00,Bank Neo Commerce (BNC),bnc_neobank,app_store,1519178181
14382563735,yantokupling,5,neobank,"neobank adalah tabungan digital dgn bunga tinggi, cocok digunakan investasi untuk pemula",3.7.00,0,2026-08-03T05:41:44-07:00,Bank Neo Commerce (BNC),bnc_neobank,app_store,1519178181
14382405038,Bosatan,5,PT Bank Neo Commerce Tbk,"Cocok Investasi untuk pemula, buka tabungan sangat aman . Bunga tinggi dan deposito nya wow 🥰🤗",3.7.00,0,2026-08-03T04:52:23-07:00,Bank Neo Commerce (BNC),bnc_neobank,app_store,1519178181
14382303438,alyarsty,5,nabung,aplikasinya sangat bagus untuk investasi bagi pemula dan memudahkan pemula untuk membuka tabungan dengan bunga deposito,3.7.00,0,2026-08-03T04:18:46-07:00,Bank Neo Commerce (BNC),bnc_neobank,app_store,1519178181
8183092332,mba mntab,4,urgent,Min maaf mau tanyaa barusan saya topup ke akun neo notif udah berhasil dan saldo atm saya udah kepotong tapi di neo nya saldo saya belum nambah itu kenapa ya ? mohon bantuannya ?,1.2.50,2,2021-12-29T18:07:28-07:00,Bank Neo Commerce (BNC),bnc_neobank,app_store,1519178181
7567652332,ina_risna1103,5,Keren,"Keren banget apk ini, padahal aku blm undang tmn tpi saldoku tiap hri brtambah walaupun cuma 1000, 2000 tiap hri lumayan, semoga d prtahankan yah min😇",1.1.27,10,2021-07-12T04:22:31-07:00,Bank Neo Commerce (BNC),bnc_neobank,app_store,1519178181
7905583158,rizkykik,2,Komplain,"Udah undang temen , temen gw udah buka rekening gw ga dapet apa"" anjing , bonus 25k juga ga dapet , ge udah udang temen 4x",1.1.71,7,2021-10-12T00:51:25-07:00,Bank Neo Commerce (BNC),bnc_neobank,app_store,1519178181
14309713203,Mirza Rama,5,Review Jujur,Selalu jadi andalan selama 6 tahun. Gunakan kode GRYD62 agar kamu dapat kejutan ❤️❤️❤️,3.6.90,2,2026-07-16T03:50:47-07:00,Bank Neo Commerce (BNC),bnc_neobank,app_store,1519178181
7860685031,jalalzhusbsdayajaanskkzjz,5,bagus,top,1.1.70,2,2021-09-30T00:35:08-07:00,Bank Neo Commerce (BNC),bnc_neobank,app_store,1519178181
7201331254,aliaputm,5,"Great apps, very useful, cute theme",Keren bisa bebas biaya transfer👍👍👍👍,1.1.0,3,2021-04-09T02:02:39-07:00,Bank Neo Commerce (BNC),bnc_neobank,app_store,1519178181
7517800627,gdyrjagdkd,2,Janji ku,"Kata sandi saya slah,trus harus Nunguin 1x24 jam apakah bsok nya bisa login admin?",1.1.23,4,2021-06-28T20:56:30-07:00,Bank Neo Commerce (BNC),bnc_neobank,app_store,1519178181
11225643504,chuq.,4,Banyak yang hilang,Neo fortune dan neo koin juga hilang juga,3.1.50,1,2024-05-02T17:12:02-07:00,Bank Neo Commerce (BNC),bnc_neobank,app_store,1519178181
14344626479,Demasrichard,5,Terbaik,"Neobank adalah pilihan tabungan digital terbaik dengan bunga tinggi, bebas biaya admin, dan sangat praktis.",3.6.91,1,2026-07-24T18:37:17-07:00,Bank Neo Commerce (BNC),bnc_neobank,app_store,1519178181
14340420692,Badrussholeh,5,Tabungan digital,Pinjaman bank bunga rendah,3.6.91,1,2026-07-23T17:19:14-07:00,Bank Neo Commerce (BNC),bnc_neobank,app_store,1519178181
11572962719,subrotoaldo,5,Penggunaan QRIS,Saya pernah coba pakai QRIS BNC ke Malaysia coba ternyata gak bisa error mohon ada informasi atau penjelasan soal ini dong,3.2.30,1,2024-08-04T16:46:55-07:00,Bank Neo Commerce (BNC),bnc_neobank,app_store,1519178181
8702739814,Zeppo86,3,Ada Yg hilang,"Menu neo fortune dan neo world nya kok punya saya ilang ya???
Apakah memang untuk pengguna iPhone sengaja di tiadakan?",2.2.81,1,2022-05-24T02:37:21-07:00,Bank Neo Commerce (BNC),bnc_neobank,app_store,1519178181
8712065239,shdgejwj,2,Be,Kenapa aku ngak bisa kumpul koin lagi ya. Pdhl udah kumpulin banyak sekali koin tpi tiba” kok di pencet muncul tulisan lucky cat kmu sedang tidak di rumah.,2.2.81,1,2022-05-26T22:17:29-07:00,Bank Neo Commerce (BNC),bnc_neobank,app_store,1519178181
7912979712,nitanurw,3,Tidak bisa login,Kenapa tiba tiba akun saya tidak bisa login ? Selalu format salah padahal sudah benar,1.1.71,1,2021-10-14T01:52:05-07:00,Bank Neo Commerce (BNC),bnc_neobank,app_store,1519178181
8679164846,mudxzc,2,Fitur yang hilnag,Kenapa fitur neo world dan neo fortune untuk pengguna ios dihapuskan?,2.2.60,1,2022-05-16T23:26:52-07:00,Bank Neo Commerce (BNC),bnc_neobank,app_store,1519178181
8480842442,kode reff:KZP252,5,Kode reff:KZP252,"Setiap transaksi pasti dapet cashback,belum lagi klo transfer bebas biaya admin…love bgt deh sama neobank",2.2.00,1,2022-03-21T12:56:37-07:00,Bank Neo Commerce (BNC),bnc_neobank,app_store,1519178181
8704277427,ahelahresekbangetloe,2,2 ajalah,Maintenance 3 minggu ga kelar2. Janji koin tetep aman tapi bisa dicolong. Aman apanya?,2.2.81,1,2022-05-24T12:52:55-07:00,Bank Neo Commerce (BNC),bnc_neobank,app_store,1519178181
8654948057,Bud4kPemeRint4H,1,updated!,Neo world dan neo Fortune ilang!!! developer masih kena kolesterol lebaran kayanya... huft,2.2.60,2,2022-05-09T17:36:54-07:00,Bank Neo Commerce (BNC),bnc_neobank,app_store,1519178181
8433432638,z33uz,1,KEMBALIKAN HARGA KOIN ! ! !,"Kenapa nikai tukar koin jadi sangat Mahal ???
Apalagi karena Perang Russia - Ukrainian 
Cape2 ngumpulin koin pas mau tuker nilainya 100x lipat!!!",2.1.30,1,2022-03-08T04:49:42-07:00,Bank Neo Commerce (BNC),bnc_neobank,app_store,1519178181
8245139444,maheszaiin,5,Wow,Dapat banyak hadiah🤩 dengan kode referal (F4BQG2).,2.0.00,1,2022-01-15T17:11:17-07:00,Bank Neo Commerce (BNC),bnc_neobank,app_store,1519178181
7384651056,fakih indosan,5,Deposito,Tanya dong klo mau buka deposito apakah bisa di jamin uangnya,1.1.08,1,2021-05-24T18:50:15-07:00,Bank Neo Commerce (BNC),bnc_neobank,app_store,1519178181
7623349173,guaambon,1,Verifikasi muka gajelas,"Kalo verifikasi muka belum sempurna, mending gausah dipake",1.1.31,6,2021-07-27T03:55:02-07:00,Bank Neo Commerce (BNC),bnc_neobank,app_store,1519178181
7513502801,dinyramadhani,1,Pemblokiran,"Hai min, ini kenapa ya nggak bisa d buka akun sy, terblokir kah ? Terus gmna balikinnya, pas mau masuk ada pemberitahuan kami menemukan kegiatan yang tidak biasa pada perangkatmu, sehingga kamu tidak bisa login, padahal nggak ngapa2in, gmna saldo sy d dalamnya ya mim, mohon solusinya, syvsdah email dan jga dm d sosial media",1.1.23,2,2021-06-27T17:00:14-07:00,Bank Neo Commerce (BNC),bnc_neobank,app_store,1519178181
14318070134,darrenbahar,1,kontol,we anjingg kenapa gabisa transferr bangsatt idiot aplikasi sampahhhh,3.6.90,1,2026-07-18T05:09:12-07:00,Bank Neo Commerce (BNC),bnc_neobank,app_store,1519178181
14277587948,Ikram381,1,Gagal mengajukan pinjaman,"Bulan ini saya gagal mengajukan pinjaman, dengan alasan skor kredit tidak mencukupi, padahal sebelumnya saya tidak pernah menunggak angsuran dan saya tidak pernah terlambat membayar angsuran",3.6.90,1,2026-07-08T04:09:49-07:00,Bank Neo Commerce (BNC),bnc_neobank,app_store,1519178181
13631362259,amelyaaaaaaxcf,1,hh,parahhh siii bunganyaa ga ngotakkkk anjirrrrrrt ga rekomend bngetttttt,3.6.30,1,2026-01-13T22:14:41-07:00,Bank Neo Commerce (BNC),bnc_neobank,app_store,1519178181
8813075458,zannn_depp,1,jngan download,"lu klo mau ngirim duit dari apk ini nunggu 24 jam
nyesel gw top up di apk ini",2.3.20,1,2022-06-26T10:24:13-07:00,Bank Neo Commerce (BNC),bnc_neobank,app_store,1519178181
8709662071,mrg000d,1,Makin bnyk fitur dan promo  hilang,Dunia Neo dan Neo Fortune udah lama ga ada. Diskriminatif. Fitur favorit neo send jg dihilangkan. Lengkap sdh,2.2.81,1,2022-05-26T05:11:03-07:00,Bank Neo Commerce (BNC),bnc_neobank,app_store,1519178181
8697256882,mitra cell,1,Dunia neo,Sampai kapan dunia neo akan muncul di ios,2.2.80,1,2022-05-22T08:39:50-07:00,Bank Neo Commerce (BNC),bnc_neobank,app_store,1519178181
8677388355,am_pm_,1,NEO FORTUNE AND NEO WORLD IS MISSING,"Maintenance dari tanggal 5 mei, sampe sekarang belum bisa di akses. Emang dijanjikan koin nya gal bakal hilang, tapi apa pihak neo bakal kompensasi koin atau rewards yang tidak bisa kita dapatkan selama maintenance hampir 2 minggu ini? Yang member VIP kehilangan 2x kesempatan dapat neo rewards, gak kebagian koin di neo world buat check in tiap hari, koin bonus dr transfer sesama BNC, berapa kerugian dari iOS user kalo kayak gini?",2.2.60,4,2022-05-16T09:21:03-07:00,Bank Neo Commerce (BNC),bnc_neobank,app_store,1519178181
8676582315,kymken12101991,1,Neo,Dunia neonya kemana ini ko gak ada,2.2.60,1,2022-05-16T04:29:49-07:00,Bank Neo Commerce (BNC),bnc_neobank,app_store,1519178181
8668199007,:34iyu/77,1,Asu,Bingung mau ngomong apa dalam apk ada tawaran pinjaman eh pas coba pinjam limit yang paling kecil ampe max gagal trus.. jadi itu gunya buat apa jangan sosoan nawarin pinjaman kalo gak da modal,2.2.60,1,2022-05-13T17:24:41-07:00,Bank Neo Commerce (BNC),bnc_neobank,app_store,1519178181
8503595739,Vicky A. S.,1,Topup ewallet tidak sesuai,"jumlah topup ewalet tidak sesuai, yang di topup berapa yang masuk berapa",2.2.10,1,2022-03-27T20:34:41-07:00,Bank Neo Commerce (BNC),bnc_neobank,app_store,1519178181
8417904069,-/:;;()$$&&,1,LEBIH DARI SEKEDAR BANK,Lebih lama antrian cs nya..antri cs no 1455 Lebih lama transfernya..6 jam gak sampai Lebih lama nungguin tim yang beresin masalah… Lebih lama nungguin transfernya masuk Jaminan duitnya apa ya klo internet sm listrik collapse..?,2.1.30,1,2022-03-03T19:45:20-07:00,Bank Neo Commerce (BNC),bnc_neobank,app_store,1519178181
8044875005,Ivander2021,1,Saldo,"Saya sedikit kecewa karena saya tambah saldo di history masuk kenapa di rekening belum juga bertambah,padahal uangnya akan saya gunakan",1.1.90,1,2021-11-20T10:23:47-07:00,Bank Neo Commerce (BNC),bnc_neobank,app_store,1519178181
7587563868,okahaneheiekendbdhdidkeved,1,Gk gnahsusn,Gk guna,1.1.27,1,2021-07-17T10:11:30-07:00,Bank Neo Commerce (BNC),bnc_neobank,app_store,1519178181
7492492556,justwisnu,5,Wisnu,Reward nya jadiin 50k hehe,1.1.20,1,2021-06-22T01:49:55-07:00,Bank Neo Commerce (BNC),bnc_neobank,app_store,1519178181
8715029682,bedol92,1,HILANG,Neo world kucing push meong2 user ios HILANG!,2.2.90,2,2022-05-27T19:10:06-07:00,Bank Neo Commerce (BNC),bnc_neobank,app_store,1519178181
8704782616,Artistr,1,fitur hilang,"di app iOS ini 2 fitur hilang, fortune cat dan Oops lucky cat kamu sedang tidak ada di rumah nie...hhmm nice try...udah telp dan chat cs nya, cuma dapet penjelasan sedang perbaikan, sampai saat ini udah 3 kali update masih juga gak bisa..udah gak seru lagi di app versi iOS ini di anak tiri kan. thank u",2.2.81,1,2022-05-24T17:01:50-07:00,Bank Neo Commerce (BNC),bnc_neobank,app_store,1519178181
8704177824,panduradik,1,Neo Fortune & Dunia Neo,"dari tgl 5 mei sampe sekarang gada estimasi kapan selesai maintenance nya. dihubungi via email, via chat agen semua balasan sama cuma memberikan informasi yg belum jelas. seenggaknya diinfokan estimasi selesainya. terimakasih sementara saya pindah saldo ke bank sebelah dulu yg bunganya lebih tinggi, soalnya gada gunanya nabung klo dua promo itu gada",2.2.81,1,2022-05-24T12:06:51-07:00,Bank Neo Commerce (BNC),bnc_neobank,app_store,1519178181
