review_id,user_name,rating,title,review_text,app_version,vote_sum,review_date,app_name,app_slug,platform,store_id
14454781949,vaynovaa,5,Aplikasi Mobile Banking,Fitur sangat lengkap dan sangat mudah untuk digunakan,1.60.4,0,2026-08-21T06:15:37-07:00,PermataMobile X,permata_x,app_store,1323973644
14452203300,Memey Tan,1,Tidak ada solusi,"Tidak bisa login ke permata me dikarenakan biometrik face id. Sdh ke bank diberikan solusi permata net. Ga mslh krn yng ptg bs login aja. Skrg per tgl 01 sept permata net akan ditutup. Cb call center minta bantu spya login permata me asik suruh buat laporan. Sdh dtg ke bank nih, yang punya rekening saya sendiri, bawa data lengkap tapi tetap ga bs bantu login kan aplikasi. Muter2 terus tanpa solusi buat laporan. Ampun deh",1.60.4,0,2026-08-20T13:32:41-07:00,PermataMobile X,permata_x,app_store,1323973644
14450371780,orgorgorgorgorg,1,dana yang tertahan,"gilaa masa kata cs nya harus ada dana yang tertahan 30rb di mbanking, terus kalo dipake gabisa. kalau orang mau butuh banget walaupun cmn 30rb gimana? sistem aneh",1.60.4,0,2026-08-20T04:01:56-07:00,PermataMobile X,permata_x,app_store,1323973644
14446491508,Zalfa Alifia,5,Aplikasi terbaik,Fitur sangat lengkap dan mudah dipahami,1.60.4,0,2026-08-19T04:45:49-07:00,PermataMobile X,permata_x,app_store,1323973644
14446445113,Plaw274@,5,Pelayanan bagus,Pelayanan bagus🙏😍,1.60.4,0,2026-08-19T04:30:36-07:00,PermataMobile X,permata_x,app_store,1323973644
14439125202,4rdi5un,1,Tidak bisa Login,"Abis verifikasi, dan Centang (berhasil) tidak masuk ke Step Selanjutnya",1.60.4,0,2026-08-17T08:02:59-07:00,PermataMobile X,permata_x,app_store,1323973644
14436845486,djoko sutrisno,1,Mental terus saat dibuka,"Aplikasinya mental terus saaat di buka di hp saya,, iphone xs ios 18",1.60.4,0,2026-08-16T17:52:09-07:00,PermataMobile X,permata_x,app_store,1323973644
14425984614,tarisa hermalia putri,5,cs,cs sangat membantu untuk membuka rekening,1.60.2,0,2026-08-14T02:10:00-07:00,PermataMobile X,permata_x,app_store,1323973644
14425309357,poppy maria harnis,5,ok,ok,1.60.2,0,2026-08-13T21:23:14-07:00,PermataMobile X,permata_x,app_store,1323973644
14425244629,Ganippp,5,Bagus,Bagus,1.60.2,0,2026-08-13T20:56:06-07:00,PermataMobile X,permata_x,app_store,1323973644
14425148756,Wpdockcdj,1,Apk lemot,"Makin di update makin kagak jelas nih apk, masih pagi udah ganguan aja ini aplikator",1.60.2,0,2026-08-13T20:18:48-07:00,PermataMobile X,permata_x,app_store,1323973644
14425114480,Wng1,5,Baik,Baik dan canggih,1.60.2,0,2026-08-13T20:05:18-07:00,PermataMobile X,permata_x,app_store,1323973644
14421443409,Silvia1598,5,Proses,Proses pendaftaran mudah,1.60.2,0,2026-08-12T22:43:52-07:00,PermataMobile X,permata_x,app_store,1323973644
14420669475,the.gme,1,Beware of this bank,"Cape2 ngumpulin poin selama ini d devaluasi mendadak, merasa tertipu ama ini bank, not a transparant bank. Time to close their credit card",1.60.2,0,2026-08-12T17:38:49-07:00,PermataMobile X,permata_x,app_store,1323973644
14412864837,Mutiara. 11,5,Permateme terbaik,Bagus sekali,1.60.2,0,2026-08-10T19:38:56-07:00,PermataMobile X,permata_x,app_store,1323973644
14409605438,Erik estalda,5,Aplikasi good,Aplikasi mudah dan fast response,1.60.2,0,2026-08-10T00:47:51-07:00,PermataMobile X,permata_x,app_store,1323973644
14409216528,satrio pramudya,5,permata bank,aplikasi nya mudah,1.60.2,0,2026-08-09T21:53:20-07:00,PermataMobile X,permata_x,app_store,1323973644
14408910524,Qwrrty1,5,Good,Good,1.60.2,0,2026-08-09T19:43:30-07:00,PermataMobile X,permata_x,app_store,1323973644
14397525131,Risnass,5,Can Binjai,Teller ramah,1.60.2,0,2026-08-06T21:14:53-07:00,PermataMobile X,permata_x,app_store,1323973644
14396982990,Revania HP,5,Aplikasi PermataMe ok banget,Lengkap banget fiturnya cepat banget aksesnya,1.60.2,0,2026-08-06T17:42:27-07:00,PermataMobile X,permata_x,app_store,1323973644
14393341790,putu dewi,5,Penggunaan Aplikasi,Tidak ada kendala selama menggunakan Aplikasi ini,1.60.2,0,2026-08-05T19:58:08-07:00,PermataMobile X,permata_x,app_store,1323973644
14393019168,Cookiemons99,5,Sangat lengkap untuk segala transaksi,Segala transaksi dapat dilakukan dalam satu aplikasi dan memudahkan saat berhalangan datang ke cabang,1.60.2,0,2026-08-05T17:56:23-07:00,PermataMobile X,permata_x,app_store,1323973644
14392805018,Nirmalandyara,5,Excellent,"Good Apps, Ease Use Apps, and Thank you for Rio Aquila as Teller from Menara Batavia to Helping Me❤️",1.60.2,0,2026-08-05T16:33:19-07:00,PermataMobile X,permata_x,app_store,1323973644
14390055848,Nuril Tazkiyah,5,Puas,Good sangat membantu!!,1.60.2,0,2026-08-05T01:21:44-07:00,PermataMobile X,permata_x,app_store,1323973644
14389698205,Mama BBM,5,Berhasil instal,Cepat,1.60.2,0,2026-08-04T22:52:01-07:00,PermataMobile X,permata_x,app_store,1323973644
14389627542,Chanwoo_12,5,Bank permata rs mandaya puri,Pelayanan baik dan ramah serta security sangat membantu dengan sabar,1.60.2,0,2026-08-04T22:21:44-07:00,PermataMobile X,permata_x,app_store,1323973644
14389201648,Rio Aquila,5,sangat puas!!,"kemudahan transaksi tanpa harus login untuk pembayaran QR dan tampilan sangat simple dan mudah untuk di akses, pernah juga butuh informasi buat telepon permatatel gratis ga pakai pulsa… sangat best permata",1.60.2,0,2026-08-04T19:29:23-07:00,PermataMobile X,permata_x,app_store,1323973644
14386405945,Viea4,5,Kemudahan transaksi,Transaksi sangat mudah dan cepat,1.60.2,0,2026-08-04T04:09:57-07:00,PermataMobile X,permata_x,app_store,1323973644
14385169765,Tutut Wijayanti,5,Baikk,Baikkk,1.60.2,0,2026-08-03T19:53:15-07:00,PermataMobile X,permata_x,app_store,1323973644
14385040542,putra917,5,aplikasi bagus dan cepat,cepat dan amanah,1.60.2,0,2026-08-03T19:05:41-07:00,PermataMobile X,permata_x,app_store,1323973644
14384895851,Marianamarianam,5,Very Good,"Aplikasi cepat, mudah digunakan, memenuhi kebutuhan perbankan dalam 1 genggaman",1.60.2,0,2026-08-03T18:13:49-07:00,PermataMobile X,permata_x,app_store,1323973644
14384815550,Elsvanie,5,Terbaik,"Pengalaman saya memakai permata me sangat memuaskan , cepat, dan transaksi aman sejauh ini",1.60.2,0,2026-08-03T17:44:06-07:00,PermataMobile X,permata_x,app_store,1323973644
14374904305,Lutficantiq,1,Reset password selalu problem,Untuk reset password selalu problem seperti ada bugs di aplikasinya sudah email dan call tetep tidak solve,1.60.2,0,2026-08-01T07:33:16-07:00,PermataMobile X,permata_x,app_store,1323973644
14374868509,cicing naskleng,1,kurang nyaman,makin hari makin banyak ga jelas dulu nyaman banget makeknya skrg udah kebanyakan potongan,1.60.2,0,2026-08-01T07:23:19-07:00,PermataMobile X,permata_x,app_store,1323973644
14371576405,Agra2806,1,Terlalu sering pemeliharaan,"Terlalu sering pemeliharaan, bikin repot mau transaksi",1.60.2,0,2026-07-31T11:13:34-07:00,PermataMobile X,permata_x,app_store,1323973644
14371451961,Dimas ramdan,1,Mbanking ter-gak jelas,"Jelek nih apk, banyak banget gangguan 
Di maksimalin lagi dong gimana sih 
Orng klo urgent gimana klo mbangking yg ada duitnya cuma disini 
0/10.000",1.60.2,0,2026-07-31T10:33:54-07:00,PermataMobile X,permata_x,app_store,1323973644
14364667280,alfarizifarhanharis,5,M permata,memudahkan transaksi,1.60.2,0,2026-07-29T18:48:59-07:00,PermataMobile X,permata_x,app_store,1323973644
14357888128,jadrianto,2,Apps tidak berfungsi,Melakukan forgot password dan user id. Berkali-kali tetapi tetap tidak bisa akses. Saya remove apps nya,1.60.2,0,2026-07-28T03:43:06-07:00,PermataMobile X,permata_x,app_store,1323973644
14355466324,JagatSatria,5,KTA,Kenapa fitur KTA kAsbon malah di tiada kan,1.60.2,0,2026-07-27T12:06:08-07:00,PermataMobile X,permata_x,app_store,1323973644
14351097270,Apmngks,1,Jelek,Terlalu sering crash dan sering gangguan,1.60.2,0,2026-07-26T10:09:17-07:00,PermataMobile X,permata_x,app_store,1323973644
14345482114,maxsnz,1,Unusable,"After the latest updates is stopped showing any my accounts and funds, not possible to top up or transfer as it shows only “undefined” in the source of funds field.",1.60.2,0,2026-07-25T00:30:14-07:00,PermataMobile X,permata_x,app_store,1323973644
14340565094,Ridho950,1,Minus,"Saldo minimum skearang tidak bisa 0 rupiah harus 50 ribu. 
Terpaksa pakai aplikasi ini karena gaji dari kantor lewat permata",1.60.2,0,2026-07-23T18:15:09-07:00,PermataMobile X,permata_x,app_store,1323973644
14332705373,supik37,5,saya masuk,pelayanan ok sangat cepat,1.60.2,0,2026-07-21T19:44:28-07:00,PermataMobile X,permata_x,app_store,1323973644
14316540902,M. Adhitya Nugratama,5,Pakai kode referal pas buat akun baru,"Registrasi Permata ME dan dapatkan Rp 10.000 Permata Poin.

gunakan kode referral MDAIFFDM. Raih poin Anda sekarang.",1.60.1,0,2026-07-17T19:05:03-07:00,PermataMobile X,permata_x,app_store,1323973644
14308323162,Dmitry Ra,4,Works great on iOS,"But please fix your android app, it is an absolute shame, on android it is only freezing all the time, and the developer is providing some stupid feedback like “check your internet connection” I even emailed to various departments of Permata and no one seems to care, this doesn’t make any sense, you have enough money to hire a professional Android dev!!!",1.60.1,0,2026-07-15T18:24:00-07:00,PermataMobile X,permata_x,app_store,1323973644
14272617963,gomannn,1,bank scam,"sering bayar qris, blm masuk tp saldo kepotong ga diganti
kocak bank scam
udh lumayan sering",1.59.4,0,2026-07-06T21:26:52-07:00,PermataMobile X,permata_x,app_store,1323973644
14271816164,Hduebeijdb,3,Sering pemeliharaan sistem,Kenapa selalu ada pemeliharaan sistem disaat sedang butuh mobile banking?,1.59.4,0,2026-07-06T16:13:49-07:00,PermataMobile X,permata_x,app_store,1323973644
14251391299,Leotono,1,Error lagi pagi ini ?,"2 juli 2026 -- saldo gak tampil.. gak bisa transaksi..
Error lagi ?",1.59.4,0,2026-07-01T16:14:31-07:00,PermataMobile X,permata_x,app_store,1323973644
14245285851,arieeysr,1,aplikasi berat,"aplikasi berat 
customer service lama 
tidak ada solusi 
akun harus berulang kali di login dan di hapus 
mau tutup akun permata saja",1.59.4,0,2026-06-30T07:10:04-07:00,PermataMobile X,permata_x,app_store,1323973644
14243646145,Hakatch,1,Susah login,Dari dulu sampai sekarang login susah tidak ada improvement sama sekali. Berusaha bertahan pakai apps ini buat mobilitas tapi semakin tidak nyaman. Tolong diperbaiki!!,1.59.4,0,2026-06-29T21:38:40-07:00,PermataMobile X,permata_x,app_store,1323973644
4156967952,TirekSalto,3,Menu problem,"Setelah update menu bayar tagihan dan isi pulsa tidak berfungsi, mohon untuk di fix secepatnya, terima kasih",1.13.1,16,2019-05-15T20:05:01-07:00,PermataMobile X,permata_x,app_store,1323973644
4832200450,doki6666,3,sms OTP,"saya punya saran yaitu gak perlu semua transaksi harus sms OTP, kalo hanya karena alasan keamanan user, permata bisa contoh aplikasi bank lain. mereka aman2 aja tanpa harus sms OTP setiap transaksi. cukup merepotkan. coba untuk melakukan UX research terhadap aplikasinya.",1.16.1,4,2019-09-24T06:44:39-07:00,PermataMobile X,permata_x,app_store,1323973644
8529395903,orajelasss,1,Susah dibuka,"Setelah update aplikasinya malah susah dibuka kadang gak bisa dibuka sama sekali, aplikasi malah makin berat setelah diupdate",1.38.4,5,2022-04-03T20:35:58-07:00,PermataMobile X,permata_x,app_store,1323973644
8524067978,akbarbukan,3,berkali kali verifikasi wajah gagal terus😭😭😭,gabisaa buka rekening dong,1.38.4,2,2022-04-02T10:28:13-07:00,PermataMobile X,permata_x,app_store,1323973644
4519965816,ayogs,1,UNTUK TERIMA SMS OTP HARUS ADA PULSA??,"Kalau semua transaksi harus pakai sms otp, sedangkan unt terima sms otp harus pakai pulsa. Gimana cara nya transaksi beli pulsa pas lagi urgent dan gapunya pulsa? Gimana cara transfer pas lagi urgent dan gapunya pulsa?
Tujuan aplikasi mobile kan unt mempermudah.
Tolong di jelaskan, apa perlu pulsa unt req sms otp unt transaksi?",1.14.1,4,2019-07-26T05:00:47-07:00,PermataMobile X,permata_x,app_store,1323973644
6784369527,afgiansyah,1,Stop paksa push notif!!!,"Saya buka aplikasj permata, dipaksa untuk hidupkan push notif. Pelanggaran privasi ini! Please stop!",1.27.1,3,2020-12-23T03:14:13-07:00,PermataMobile X,permata_x,app_store,1323973644
7196600669,Korekaoi123,1,SULIT MEMAMSUKAN PASWORD,"Udah lemot sulit masukan pasword padahal sudah benar bahkan dieja 1 per 1 masih salah juga, perbaiki lagi deh gajelas 
Udah sering kali jadinya lupa pasword terus tp sesudah selsai akan masukan pasword salah lagi, gajelass",1.28.1,3,2021-04-07T19:49:07-07:00,PermataMobile X,permata_x,app_store,1323973644
7249679515,Dina Ariska,5,permatamobilex keren,gampang mau bayar pas lg jajan. pake qr pmobx di merchant qr permata. bisa dpt cashback.,1.29.2,3,2021-04-21T22:03:05-07:00,PermataMobile X,permata_x,app_store,1323973644
9219436667,leyyox,1,Kacau,"Aplikasiny kampret, mau transfer aj pakai otp terus harus nunggu kartu fisikny dlu utk unlock otp ribet jdnya",1.41.2,2,2022-10-24T23:04:44-07:00,PermataMobile X,permata_x,app_store,1323973644
8624737145,ReicherEV,1,Notifikasi login menyebalkan,Setiap login selalu dapat email masuk. Spam.,1.38.4,2,2022-05-01T00:04:37-07:00,PermataMobile X,permata_x,app_store,1323973644
8541898921,aaw indo,1,Failed 1 kali  face id bubar ke logout !,"Ini kocak banget sih. Cuma karena gelap dan faceid langsung ga bisa trial faceid lagi. Disuruh masukin password dan uid lagi. Kan udah tahunan pakai faceid. Masa cuma sekali salah suruh ulang. Tutup buka aplikasi juga sama. Faceid ga berlaku lagi gara2 1x salah doang.  Coba sm BSI, bisa re login kalo buka tutup aplikasi pakai face id…",1.38.4,2,2022-04-07T08:23:42-07:00,PermataMobile X,permata_x,app_store,1323973644
11761645448,magnifequeen,3,Banyak penipuan dan spam telepon dari nomor tidak dikenal,"min minta tolong di per tingkat ya untuk keamanan pengguna apk ini, karena semenjak pakai apk permata mobile sering ada spam telepon dari penipu yang berkedok admin kalian. Kita sebagai pengguna merasa terganggu dan was was karena minimnya keamanan. Semoga segera di tindak lanjuti",1.53.6,1,2024-09-24T21:19:54-07:00,PermataMobile X,permata_x,app_store,1323973644
8514467466,Kris_19_00,1,SMS OTP VERIFIKASI,"Perlu dipertimbangkan untuk menghilangkan sms otp untuk setiap kali transaksi karena dengan pin saja sudah cukup aman menurut user, selain tidak ringkas secara proses, hal ini merugikan kami karena harus memotong pulsa setiap kali transaksi, terima kasih",1.38.4,2,2022-03-30T21:49:25-07:00,PermataMobile X,permata_x,app_store,1323973644
7789557561,Baons555,1,👎,Aplikasi ngga guna fvck,1.33.2,2,2021-09-09T19:10:59-07:00,PermataMobile X,permata_x,app_store,1323973644
14167733042,vckyvsta,1,Pendaftaran ID BUG,"padahal baru saja daftar pas login salah userid/password mulu padahal sudah bener karena waktu pendaftaran saya foto. Saat di lupa password juga email dan no hp katanya salah padahal jelas"" benar karena otp yang di kirim ke nomor dan userid yang di kirim di email juga masih ada dan saya input email dan no hp sesuai juga. Bukti ke no hp masih ada. Tolong itu developer di benerin masa hal sepele gini bisa terjadi",1.59.4,1,2026-06-10T15:34:48-07:00,PermataMobile X,permata_x,app_store,1323973644
14108337845,jjjkiiugdshkoivf,1,Capek!,"Dari sebelum update, udah update . Gak bisa login. Bahkan udah minta dibantu login petugas banknya juga ga bisa!",1.59.4,1,2026-05-26T07:32:00-07:00,PermataMobile X,permata_x,app_store,1323973644
14083770687,mastuurrr,1,!,"Aplikasi Gangguan mulu , makin bagus juga engga , berasa lemot aplikasinya , respons face ID nya kalah cepet sama bank saqu",1.59.3,1,2026-05-19T16:56:33-07:00,PermataMobile X,permata_x,app_store,1323973644
11784662939,NuGhas,1,BURUK,"Ini aplikasi sebetulnya sudah support IOS 18 atau belum? Saya mau top up pulsa dan GOPAY tidak bisa karena blank screen nggak proceed ke layar selanjutnya. Saya hapus download ulang aplikasi, bahkan untuk login setelah isi captcha saja masih blank screen

Tolong dong masa hal-hal basic sesederhana login aja masih bermasalah? Kalau memang aplikasi nya belum siap sempurna jangan dirilis ke masyarakat dulu lah. Saya nggak heran kalau lama2 kalian disalip OCBC dan Panin hanya karna perkara kaya gini aja nggak beres",1.54.1,1,2024-10-01T03:29:58-07:00,PermataMobile X,permata_x,app_store,1323973644
11767293275,-reu-,1,HIGHLY disadvantageous,"Permata bank is the strangest bank EVER! It’s not suitable for savings cz there are lots of fees! administrative fees, navigator fees, transaction fees, and countless other charges, which result in significant losses for customers! Especially with their credit card; the more you use it, instead of gaining benefits, points, or cashback, you’re hit with even more fees, which are very detrimental to credit card users! BETTER to find ANOTHER BANK for a better future!!",1.53.6,1,2024-09-26T09:49:34-07:00,PermataMobile X,permata_x,app_store,1323973644
11765415257,Ipullsyaifh,1,Kartu kredit,"Permata kaga jelas, no rekening saya tiba2 ada layanan pengajuan kartu 2 kartu kredit.. tanpa adanya konfirmasi dari nasabah.. padahal jelas2 kaga pernah ngajuin karu kredit. Terambil uang 50.000x70.000 Dari bulan februari sampe agustus.. udah saya hubungin permata tel katanya ada pengembalian dana, sampai sekarang belum dikembalikan uang saya.. kaga berkah lo bank permata ngambil uang hak orang lain!!!",1.53.6,1,2024-09-25T22:08:18-07:00,PermataMobile X,permata_x,app_store,1323973644
4590134159,Latte & Lotte,2,"Sudah dari pagi ga bisa login, kenapa ya ?","Semenjak update, jd stuck di layar awal dan ga bs login2 nih..",1.15.1,1,2019-08-09T02:37:03-07:00,PermataMobile X,permata_x,app_store,1323973644
10211375591,tiyo1609,1,Kecewa,"Semenjak pake 2019 masih aja suka lag ga jelas, giliran mau di pake ga bisa masuk aplikasi, hp w iphone 13 promax masa iya ga sesuai spek",1.47.1,1,2023-08-02T07:01:00-07:00,PermataMobile X,permata_x,app_store,1323973644
10207309685,Febriliatjandra,1,Ga bisa masuk,"Uda beberapa kali sering ga bisa masuk, gimana mau transaksi 🙃",1.47.1,1,2023-08-01T05:56:07-07:00,PermataMobile X,permata_x,app_store,1323973644
10203525757,Trash Console,1,Aplikasi makin ngerugiin,"Gw mau bayar pake duit gw yg ada di bank lu, kenapa lu persulit dengan loadaing dan ga bisa masuk sama sekali? ga pernaha ada evaluasi juga dri dulu. Aplikasi dongoo",1.47.1,1,2023-07-31T06:52:56-07:00,PermataMobile X,permata_x,app_store,1323973644
10202102337,hery-123,1,"ini buka permata musti wifi cepet ,,celuler kuota gede","yang benarr saja skr ini pakai wifi musti kouta lebih dr 10mpbs,,celulerr pakai kuota gede,,ini skr makin gregett mentokk logo,,saya cek bank lain kekuatan kuota rendahh bisa ,,,adehhh",1.47.1,1,2023-07-30T22:38:47-07:00,PermataMobile X,permata_x,app_store,1323973644
9724225530,nur indah lestari,5,Permata mobile x,Memberikan kami kemudahan dalam bertransaksi,1.44.2,1,2023-03-17T16:24:19-07:00,PermataMobile X,permata_x,app_store,1323973644
8000350975,fakhrul saipul,5,Permata Mobile X,Sangat membantu dan sangat mempermudah segala urusan yg berhubungan transaksi Permata Mobile X memang terbaik,1.35.2,1,2021-11-07T16:10:32-07:00,PermataMobile X,permata_x,app_store,1323973644
7249636024,Anjiorjie,5,Sangat membantu,Untuk aplikasi ini sangat memudahkan untuk setiap proses transaksi.,1.29.2,1,2021-04-21T21:43:06-07:00,PermataMobile X,permata_x,app_store,1323973644
7249600288,Larvaman,5,Henry,"Buagusss poll 

Sangat terbantu

Aplikasi oke bingitzz",1.29.2,1,2021-04-21T21:26:41-07:00,PermataMobile X,permata_x,app_store,1323973644
7242050605,Indah Ari,5,Bagus,Mobile banking nya ga ribet dan mudah,1.29.2,1,2021-04-19T20:11:13-07:00,PermataMobile X,permata_x,app_store,1323973644
7242064953,Filli Siregar,5,1 Aplikasi Untuk Semuanya,Memudahkan untuk semua transaksi dengan 1 aplikasi 👍🏼,1.29.2,1,2021-04-19T20:17:41-07:00,PermataMobile X,permata_x,app_store,1323973644
4254536877,Vlasius,1,Kualitas menyedihkan,"Running terus 24 jam di background sehingga menyedot baterai, di disable background app refresh tetep sama aja. Auto uninstall deh",1.13.1,1,2019-06-02T17:38:21-07:00,PermataMobile X,permata_x,app_store,1323973644
10207545259,~R@,1,Habis update malah ga bisa,Habis update malah ga bisa dibuka 👎🏻,1.47.1,1,2023-08-01T07:04:42-07:00,PermataMobile X,permata_x,app_store,1323973644
10203203405,Bernadus cahyo n,1,Keluhan,Sangat mengecewakan. Sinyal ilang dikit udah transfer tapi saldo tidak masuk ke rekening yang di tuju. Sedangkan di saldo yang transfer sudah berkurang,1.47.1,1,2023-07-31T05:20:13-07:00,PermataMobile X,permata_x,app_store,1323973644
14236939897,Selll901,3,Gabs login,Ini saya coba login aja gabs heran deh.  Awas aja ini uang saya g aman,1.59.4,0,2026-06-28T06:49:47-07:00,PermataMobile X,permata_x,app_store,1323973644
14237623969,jajaqncoshvwux,2,Tidak bisa transaksi,"Sering banget gangguang bank ini, tadi tidak bisa transaksi qris maupun transfer, padahal masih ada saldo rekening, sampek temen saya suruh transfer dan saya transfer balik gagal terus!!!!!!!",1.59.4,0,2026-06-28T10:07:22-07:00,PermataMobile X,permata_x,app_store,1323973644
14083655422,masudibnu,3,tolong di perbaiki,"kenapa ahir ahir ini sering terjadi gangguan sistem,saat mau pembayaran jadi bingung yang seringnya pakai qris",1.59.3,0,2026-05-19T16:07:41-07:00,PermataMobile X,permata_x,app_store,1323973644
14227170311,rika24jh,1,Pemaksaan saldo minimum,"Bank2 lain tidak ada paksaan saldo harus minimum 50rb, sekarang kenapa permata harus ada minimal saldo 50rb? Uang gw ngegantung di saldo gabisa di apa2in padahal mau buat bayar tagihan jadi kurang. Maksa banget harus ada saldo. Contoh dong bank2 lain mau saldo 0 rupiah juga bisa.",1.59.4,0,2026-06-25T21:13:19-07:00,PermataMobile X,permata_x,app_store,1323973644
14225014059,nizmmsa,4,App crashing,"My favourite mobile banking app so far, tapi setelah di update malah sering crash/freeze setiap abis transfer atau setiap share bukti transfer ke WA",1.59.4,0,2026-06-25T08:22:08-07:00,PermataMobile X,permata_x,app_store,1323973644
14214854772,Mrsmandagi,5,Terbaik,Terbaik,1.59.4,0,2026-06-22T17:38:12-07:00,PermataMobile X,permata_x,app_store,1323973644
14202418275,meyamezz,1,Ga bisa login….,"Kenapa sekarang ga bisa login bos…semua udah bener, reset password juga ga bisa…nambah2 kerjaan aja ini….",1.59.4,0,2026-06-19T12:13:21-07:00,PermataMobile X,permata_x,app_store,1323973644
14193611826,Idrus Irvan,1,Ndk jelas,Asli bkn mobile bangking nyusagin customer beda kayk aplikasi bank lain jauh lebh bagus narik uang susahnya stgh mati,1.59.4,0,2026-06-17T07:18:58-07:00,PermataMobile X,permata_x,app_store,1323973644
14192238001,Bananaoow,1,Bintang 1,"Ribet, lama",1.59.4,0,2026-06-16T22:32:51-07:00,PermataMobile X,permata_x,app_store,1323973644
14133872930,yusepk,1,Isi Ulang Flazz,"Isi ulang flazz berkali-kali gagal, tapi rekening (nominal dan adminnya) kepotong",1.59.4,0,2026-06-01T21:32:42-07:00,PermataMobile X,permata_x,app_store,1323973644
14114177454,randrock,1,Trash app,"Absolutely trash,  login doesn’t  work even after re-entering CC number, phone number, email, birth date, face recognition. Login just keep failing",1.59.4,0,2026-05-27T20:27:43-07:00,PermataMobile X,permata_x,app_store,1323973644
14099153048,Telkomsel Buruk !,1,Call center bobrok,"Tf selalu ga masuk ke rekening tujuan. Tapi saldo kepotong ! Bank bangkrut di tambah lagi nelf cs gila verifikasi yg ga penting. Pantesan bangkrut dan tutup semua bank permata ini. Selamat y , ga akan lama lg kelen bertahan. Dgn pelayanan yg sangat bobrok",1.59.3,0,2026-05-23T20:36:32-07:00,PermataMobile X,permata_x,app_store,1323973644
14083951349,Iambs bro,2,Downtime,Kak tolong kalo downtime jangan saat jam2 kerja. Lama banget downnya.,1.59.3,0,2026-05-19T18:11:46-07:00,PermataMobile X,permata_x,app_store,1323973644
14077019590,Ahmad Fsl,5,Oke,Sangat membantu dengan adanya mobile banking permata dan pelayanan nya cukup baik,1.59.3,0,2026-05-17T19:58:22-07:00,PermataMobile X,permata_x,app_store,1323973644
14019303279,Sialan !,1,Kecewa !,"Lemot banget mau lihat notifikasi transfer, giliran di buka ngeblank ! Bener bener bikin emosi",1.59.2,0,2026-05-02T01:24:27-07:00,PermataMobile X,permata_x,app_store,1323973644
14013255987,GideonSby,1,Harus Belajar dari UOB Bank,"Aplikasi aneh setelah update. Reset password, uda masukin nomor CC tapi juga diminta nomor rekening permata dengan alasan karena punya nomor rekening permata. Masalahnya nomor rekening itu juga uda dormant tahunan, siapa yang ingat coba?

Uda dapet nomor rekening, masukin captcha puluhan kali juga gagal terus tulisannya.",1.59.2,0,2026-04-30T09:10:03-07:00,PermataMobile X,permata_x,app_store,1323973644
14004098016,popondth,3,Mohon perbaiki bug yang menyebabkan blank hitam,"Min minta tolong di perbaiki bug nya , kalo masukin kontak saat isi pulsa atau top up yang lain langsung blank hitam , jadi harus tutup apk dulu dan harus tulis manual , gak bisa otomatis pilih dari kontak",1.59.2,0,2026-04-27T17:11:47-07:00,PermataMobile X,permata_x,app_store,1323973644
14011467651,Cari Teman,2,GANGGUAN SYSTEM,"Dulu dulu jarangg banget gangguan, tahun ini tiappp hari gangguan terussss ga pernahh engga, lagi kenapa nihh permataa.",1.59.2,0,2026-04-29T20:58:08-07:00,PermataMobile X,permata_x,app_store,1323973644
13981610347,rihhystatgwgv,3,kritik,aplikasinya lemot gabisa di ajak sat set mohon lebih di perbaiki lagi,1.59.2,0,2026-04-21T06:12:23-07:00,PermataMobile X,permata_x,app_store,1323973644
14002056892,Moahn ce,1,ribet,ribet kalo salah pin harus ke kcp cabang udah gitu kcp cabang nya jauh dijakarta untuk yang weekend ga worth it saran pilih bank lain aja untuk kepentingan,1.59.2,0,2026-04-27T04:20:09-07:00,PermataMobile X,permata_x,app_store,1323973644
13997566037,Fdlibfhh,1,APK JELEK,Top up dana ga masuk tapi sudah ke potong alhasil suruh nunggu 8 hari . kelamaan,1.59.2,0,2026-04-25T20:05:29-07:00,PermataMobile X,permata_x,app_store,1323973644
13953186508,gkuyrrrmnb,3,macet,habis transfer pasti blank screem,1.59.2,0,2026-04-13T04:00:16-07:00,PermataMobile X,permata_x,app_store,1323973644
13981099794,Yang bayar pajak,1,Error,Aplikasi error,1.59.2,0,2026-04-21T02:53:42-07:00,PermataMobile X,permata_x,app_store,1323973644
13977644821,palteng19,2,pembayaran kartu kredit,kenapa ya pas saya mah pembayaran cicilan kartu kredit nominalnya di input manual sekarang biasanya saya langsung ada nominalnya dan langsung bayar lewat rekening pribadi itu kenapa min selama update?,1.59.2,0,2026-04-20T02:28:04-07:00,PermataMobile X,permata_x,app_store,1323973644
13966199517,AndyIrma,1,Tidak bisa transfer,"Saya tidak bisa transfer, padahal saldo saya masih ada 1juta. Mau transfer 500ribu aja gak bisa, katanya saldo tidak mencukupi.. tolong dibantu masa saldo mampet sampai 1jt loh gak main-main",1.59.2,0,2026-04-16T21:48:33-07:00,PermataMobile X,permata_x,app_store,1323973644
13964423456,Dini Nurul Hidayah,4,Terlalu sering update,"Hallo mimin permata yang terhormat🙏🏻saya mau minta tolong sekali untuk apk permata jangan terlalu sering-sering update perasaan baru satu bulan apk nya saya update,pas saya buka lagi sudah minta update lagi apk nya,capek banget update""terus😭😭😭",1.59.2,0,2026-04-16T09:24:05-07:00,PermataMobile X,permata_x,app_store,1323973644
13962866770,Makaroni Ngehe,1,Ux Nya Lucuu,Masa copy no rekening auto nambah angka 00 didepan kukira invalid ternyata harus hapus manual kalo mau tf 😅. Input pin harus klik “OK” dulu baru bisa lanjut??? Hello di atm aja kalo sesuai langsung masuk,1.59.2,0,2026-04-15T22:48:59-07:00,PermataMobile X,permata_x,app_store,1323973644
13958893013,nellah-12,2,Bermasalah,"Saya terpaksa buka permata karena kantor saya, kemarin bikin 2x bikin gagal, sekarang udah jadi keluar sendiri, udah masuk lagi email dan no hp saya dibilang salah di salah satunya. Ga ada layanan bantuan pula",1.59.2,0,2026-04-14T18:27:34-07:00,PermataMobile X,permata_x,app_store,1323973644
13797426246,strowbeli,3,Masalah instalasi,diantara banyak aplikasi bank yang saya punya. permata ini yang sering minta update bahkan sebulan ada 2x dan suka ngefreeze 😭😭😭,1.58.7,0,2026-02-27T21:47:37-07:00,PermataMobile X,permata_x,app_store,1323973644
13952388569,Aimduapuluh,1,Pelayanan lambat,Pelayanan lambat disemua cabangnya. Sering lihat cs nya mondar mandir ambil kertas dr ruangan lain. Kenapa tidak siapkan dimejanya. Buang2 waktu,1.59.2,0,2026-04-12T21:08:57-07:00,PermataMobile X,permata_x,app_store,1323973644
13952225807,arifin.afifnurdani,1,Password & Id salah,"Sungguh kacau. Setelah ganti device. Padahal Id dan password sudah benar. Dibilang salah terus. Giliran mau diganti password dibilang password sama dengan sebelumnya. Kirim challenge code sudah dimasukkan sesuai sma otp tetep tidak mau. 
Aplikasi bukanya bikin mudah, bikin org darah tinggi.",1.59.2,0,2026-04-12T19:46:31-07:00,PermataMobile X,permata_x,app_store,1323973644
13929628408,ganiiiiihsjakaknz,1,app,udah masukin id sama pass tetep salah padhal bener,1.59.2,0,2026-04-06T11:37:24-07:00,PermataMobile X,permata_x,app_store,1323973644
13928540800,Dharcan,1,Not user friendly,Tdk bs akses ke app saat lagi call center via app. Developernya gk becus banget bikin app. App mobile bca ato halo bca aja bs dgn bkin app terpisah,1.59.2,0,2026-04-06T05:36:53-07:00,PermataMobile X,permata_x,app_store,1323973644
13908984448,Bajinhan,1,Stres,"Permata makin kesini makin bobrok, banyak sekali tiba tiba penarikan biaya diluar biaya SMS dan admin. Nominalnya 3ribu rupiah tapi kalo sering bahkan dalam sehari bisa sampai 2x itu bikin RUGI DAN BONCOS",1.59.2,0,2026-03-31T18:49:38-07:00,PermataMobile X,permata_x,app_store,1323973644
13891778044,Thyaa 1234,1,"Pishing, data bocor","Kecewa, sudah lama jadi nasabah, Hati hati penipuan kartu kredit, pihak bank terus terusan minta buat aktifkan kartu kredit, saat di aktifkan malah kena pishing, mana proses lama, saat di tangguhkan hasil mengecewakan, mana sudah banyak pulsa habis buat telpon permata, 
TOLONG ORANG BANK JANGAN SIBUK TELPON NAWARIN KARTU KREDIT GAK ADA EDUKASI TERKAIT ADA TELPON BANK YG SELANJUTNYA, UJUNG UJUNGNYA GAK ADA TANGGUNG JAWAB PROSES LAMA,",1.59.1,0,2026-03-27T01:13:04-07:00,PermataMobile X,permata_x,app_store,1323973644
13885426188,Aaaaales,4,App Icon,Please add dark mode for ios app icon,1.59.1,0,2026-03-25T06:32:26-07:00,PermataMobile X,permata_x,app_store,1323973644
13878613030,-aoasi15,1,Experience,"Sumpah ya, jelek banget apk nya. Experience di alami bener benar buruk, system lama kirim otp, selalu ada push notif gajelas.
Mending kalian revamp deh costumer journey dan system di perbaiki, soalnya jelek banget experience nya.",1.59.1,0,2026-03-23T07:04:16-07:00,PermataMobile X,permata_x,app_store,1323973644
13851144535,You have known,1,"Aplikasi Scam!! Uang di tf ke akun RDN permata, tapi ga bisa dibuat apa2 emg anjg apk ini!!","Aplikasi Scam!! Uang di tf ke akun RDN permata, tapi ga bisa dibuat apa2 emg anjg apk ini!! Uangku aku tf dari gopay ke RDN PERMATA, tapi wktu buat tf ke akun lain ga bisa dari RDN ke akun manapun, tulisannya RDN bukan akun sumber utama untuk transaksiiii , dasar apk gk jelas, trus gimana itu uangku yg ada di RDN, ga bisa di tarikkkk, masih di RDN, ga bisa dibuat apa2,, nyesel banget buat bank di sini",1.58.7,0,2026-03-15T08:31:06-07:00,PermataMobile X,permata_x,app_store,1323973644
13847173725,wr357,1,Aplikasi ribet,"Buka rekening online dengan harapan ga perlu repot ke bank, ternyata untuk transfer harus tunggu kartu debit dulu 3 hari kerja, ternyata kartu tidak pernah sampai kerumah saya dan saat komplain belum terima kartu malah dinyatakan kartu hilang karena sudah diterima oleh orang lain yang saya tidak kenal dan harus bayar Rp 30.000 untuk pencetakan kartu baru, setelah saya marah2 tiba2 dibilang pencetakan kartu bisa gratis, tapi saya sudah sangat kecewa dengan Bank Permata. 10 tahun lebih pakai kartu kredit permata, baru sekarang ini saya kecewa!",1.58.7,0,2026-03-14T06:30:35-07:00,PermataMobile X,permata_x,app_store,1323973644
13839094760,Raize white,1,Ribet pada saat complain,Top up flazz dari aplikasi ini gagal dan saldo ke debet tp di kartu flazz ga masuk. Telp ke cs ribet bgt banyak syarat nya,1.58.7,0,2026-03-11T21:23:41-07:00,PermataMobile X,permata_x,app_store,1323973644
13828032136,Acikiwir1256,1,Ya,Sering gangguan ga banget,1.58.7,0,2026-03-08T13:47:16-07:00,PermataMobile X,permata_x,app_store,1323973644
13818195083,Ayo bantu,5,PermataMe terbaru,Fiturnya lengkap banget,1.58.7,0,2026-03-05T18:17:37-07:00,PermataMobile X,permata_x,app_store,1323973644
13813852331,Keil Keil,1,Maksa minta disable fitur “Reduce Motion”,"Terlalu jauh untuk mengatur HP user, saya nyaman dengan settingan “Reduce Motion” ON. Tp app ini terlalu jauh dan berlebihan untuk mengatur user. Gak pernah ada app lain seperti ini. Sungguh merepotkan",1.58.7,0,2026-03-04T11:44:46-07:00,PermataMobile X,permata_x,app_store,1323973644
13812970665,penguna permata me,1,"kenapa tidak bisa update permata me di iphone, sudah 6 hari saya tidak bisa mengunakan permata mobil","saya tidak bisa meng update permata me di iphone sudah 6 hari update tidak bisa, pake wifi tdk mau pake data dama saja, selalu terkendala dengan update , kenapa ya??",1.58.7,0,2026-03-04T06:23:25-07:00,PermataMobile X,permata_x,app_store,1323973644
13811525397,RH - emeng,5,Permata ME,Menunya ok banget dan selalu pakai,1.58.7,0,2026-03-03T19:16:29-07:00,PermataMobile X,permata_x,app_store,1323973644
13811478465,grexx0298,1,Aplikasi Bapuk Nyusahin,masukin pin dibilang salah sampe 3x akhirnya kelempar keluar. response code diulang sampe 6 kali ga masuk2. gausah sok2 go digital kalo ga ready. nyusahin!,1.58.7,0,2026-03-03T18:55:46-07:00,PermataMobile X,permata_x,app_store,1323973644
13810540427,Roseweisss,1,Data KTP Salah,"Saya check recent ulasan dengan kendala yang sama, tapi sampe sekarang gak ada perbaikan",1.58.7,0,2026-03-03T12:24:07-07:00,PermataMobile X,permata_x,app_store,1323973644
13805411703,nanjis scam,1,scam,"percuma bikin gabakalan bisa login, uda buat lama2 cuma scam najis, secara ga langsung cuma kasih data diri sendiri",1.58.7,0,2026-03-02T02:24:09-07:00,PermataMobile X,permata_x,app_store,1323973644
13801035596,Budakuanghalal,2,Gudang Bug,Kacrut. Kalo gak diwajibin kantor kaga sih pake permata. Gmn nih Bankok Bank kredibilitasnya.. 😂😂😂,1.58.7,0,2026-02-28T20:43:44-07:00,PermataMobile X,permata_x,app_store,1323973644
13797685640,Diosyah,4,Qris Tap IOS,Tolong dong biar hp bisa buat krl,1.58.7,0,2026-02-27T23:50:52-07:00,PermataMobile X,permata_x,app_store,1323973644
13788970334,Pindah BCA yuk,2,Maintenance mulu,Setiap akhir bulan selalu maintenance dan lama,1.58.7,0,2026-02-25T13:33:27-07:00,PermataMobile X,permata_x,app_store,1323973644
13792879918,RCHtg,1,Bad performance,Can not apps permata me. Always log out directly. Bad performance,1.58.7,0,2026-02-26T15:32:18-07:00,PermataMobile X,permata_x,app_store,1323973644
13747527187,oasisaqua,5,Call Center,Sekarang lebih mudah bisa hubungi call center lewat permatame,1.58.7,0,2026-02-14T00:56:39-07:00,PermataMobile X,permata_x,app_store,1323973644
13788009630,Luihdjsjsjgs,1,Susah buat mbangking,"Bank gajelas malah bekerja sama perusahaan tempat gw kerja lagi ribet bikin mbanking gagal mulu padahal otp udah bener dasar bank gajelas, kalo gw udah gak kerja di perusahaan itu lagi gw blokir bank ini males bank jln",1.58.7,0,2026-02-25T07:58:03-07:00,PermataMobile X,permata_x,app_store,1323973644
13785290174,ULTRON.jr,1,Tidak jelas,Saldoku tiba2 jadi 0. Padahal ada isinya. Coba di tf masih saja saldo 0. Erornya bikin ga bisa transaksi. Merugikan pengguna,1.58.7,0,2026-02-24T13:27:29-07:00,PermataMobile X,permata_x,app_store,1323973644
13783233064,Andhika77!,1,Jelekk banget,Coba dong lihat aplikasi BCA/UOB/ dll. Ambil hal-hal Simple yg bisa dijadikan contoh!!,1.58.7,0,2026-02-24T00:11:44-07:00,PermataMobile X,permata_x,app_store,1323973644
13764435646,Moch Adrian,1,Useless,"Ini saya buka Sav Acc tidak bisa, udah dicoba 3x dengan alasan data di KTP tidak match! Kan g*blok, UX really miserable!",1.58.7,0,2026-02-18T17:09:54-07:00,PermataMobile X,permata_x,app_store,1323973644
13739224620,Grohe S,5,Nice app,"Hi everyone! Good app, I love it. Thx.",1.58.7,0,2026-02-11T15:28:03-07:00,PermataMobile X,permata_x,app_store,1323973644
13740337548,nathan.404,1,gak bisa login,"sudah yakin 100% user paswordnya benar malah dianggap salah.
setelah itu reset pasword, eh email dan nomor hp dianggap salah lagi. telp operator hingga pulsa habis dianggap belum daftar dan tidak ada solusi lain. padahal udah yakin daftar. dan udah screenshot.
okey saya turuti daftar user ternyata dianggapnya nomor rek dan pin salah.
udah mending dari awal saya daftar ke cs aja yg artinya tidak bs bener2 full online",1.58.7,0,2026-02-12T00:05:49-07:00,PermataMobile X,permata_x,app_store,1323973644
13735013264,absolute_rainman,1,Worst,Unreliable mobile banking apps.,1.58.7,0,2026-02-10T11:02:32-07:00,PermataMobile X,permata_x,app_store,1323973644
13734247077,azumaarey_,1,cacat,"aplikasi lotol. tiap masukin password selalu salah pass, pdhl jelas2 itu pass yg bener. pake segala cs nya nyalahin saya yg lupa. emg ini aplikasi nya yg error, nyoba reset password dan berhasil pas coba lagi malah kejadian hal yg sama! brarti bukan usernya yg salah tapi ini apl emg blm layak di launching!",1.58.7,0,2026-02-10T06:43:06-07:00,PermataMobile X,permata_x,app_store,1323973644
13729580129,Fcajassss,1,Bad,Bad,1.58.7,0,2026-02-08T23:07:39-07:00,PermataMobile X,permata_x,app_store,1323973644
13729143927,Bon&12,1,Selalu kendala sistem,"Aplikasi selalu kendala sistem 
Parah 
Yg dlu nya enk pakek permata 
Sekarang selalu 
Kendala sistem",1.58.7,0,2026-02-08T19:30:56-07:00,PermataMobile X,permata_x,app_store,1323973644
13728898752,7alaludin,1,Apk paling buruk sejagad dunia,Ketika berlomba loba apk terbaik dia malah terburik . Sistem ngaco tiap login . Jengkelin aman ni apk ga mutu ni apk woooiy,1.58.7,0,2026-02-08T17:45:05-07:00,PermataMobile X,permata_x,app_store,1323973644
13727286465,Yufi yulianti,1,Buruk,Gajelas lemot anjir 😡😡,1.58.7,0,2026-02-08T08:02:01-07:00,PermataMobile X,permata_x,app_store,1323973644
13726231919,Indosat pea,1,Gk jelas,Sumpah eror mulu bener bener setiap mau di pake ge pasti eror,1.58.7,0,2026-02-08T01:59:48-07:00,PermataMobile X,permata_x,app_store,1323973644
13725497560,Leo_elly,3,Pls stop forcing updates,"Imagine you are on the roaming and need to check your bank asap, and the app requires update 🤦🏼‍♂️🤦🏼‍♂️🤦🏼‍♂️",1.58.7,0,2026-02-07T20:23:34-07:00,PermataMobile X,permata_x,app_store,1323973644
13725499955,Zilkazik,4,Keluhan apps,Sebenernya klo ga banyak pembaruan sama ganggu perbaikan ni m banking nge bantu bgt karna jelas bgt di apps ini serba gampang mulai isi dana pulsa token tagihan apapun gampang dan g ush pake kode depan gituu enak tinggal salin sat set kelar ya cuma balik lgi minuss nya banyak perbaikan trs klo buka apps harus pake wajah trs laporan buka apps selalu ada laporan di email aga nyampah si riwayat nya,1.58.7,0,2026-02-07T20:24:40-07:00,PermataMobile X,permata_x,app_store,1323973644
13710492820,DiabolicJr,3,Mobile banking down - 2 hari,Mobile banking tidak bisa diakses selama 2 hari berturut-turut.,1.58.6,0,2026-02-03T19:07:29-07:00,PermataMobile X,permata_x,app_store,1323973644
13723610856,Dajek281,5,Saran,"Kalau top up dana kenapa tidak tersedia nama penerimanya kak cuman ada no dananya saja, padahal itu sangat berguna biar tidak salah kirim. Saran di bikin nama penerimanya walau cuman inisial penerimanya saja. 🙃",1.58.7,0,2026-02-07T08:33:04-07:00,PermataMobile X,permata_x,app_store,1323973644
13722801398,antipeanutes,1,bad experience with the app,"current release of the app, 1.58.7 made it unreliable. Some occasions i can access the Apps, other occassions i cannot access it at all. I believe its a bug, please update it fast and inform to the user",1.58.7,0,2026-02-07T04:27:25-07:00,PermataMobile X,permata_x,app_store,1323973644
13722658756,Ard424,1,Susah dibuka,"Padahal dulu baik2 saja, sejak apps-nya update susah dibuka. Sering banget “Technical Difficulty”.",1.58.7,0,2026-02-07T03:35:26-07:00,PermataMobile X,permata_x,app_store,1323973644
13722144664,Wiedi Widjanarko,2,Technically error,"Sering tidak bisa dibuka apps nya, jd susah utk transaksi.",1.58.7,0,2026-02-07T00:00:10-07:00,PermataMobile X,permata_x,app_store,1323973644
13721210693,myaaaaaa12346,2,keluhan,"udah lemot, pembaruan mulu lagi",1.58.7,0,2026-02-06T17:09:54-07:00,PermataMobile X,permata_x,app_store,1323973644
13718221076,ParkSeori,2,Gangguan Terus Belum ada perbaikan,"Dari November sampai Januari mobile banking gangguan sistem terus tiap hari harus coba2, sekarang malah makin parah nggak bisa kebuka sama sekali, saatnya pindah bank kalau gini terus jadi insecure, Digital banking itu sudah jadi kebutuhan dasar perbankan",1.58.7,0,2026-02-05T22:07:48-07:00,PermataMobile X,permata_x,app_store,1323973644
13678113128,HLMary,3,Kendala setelah update versi terbaru Januari,Biasanya lancar namun setelah update yg terbaru jadi lambat dan nge henk setiap kali open sehingga setiap mau pakai harus reinstall jd tidak praktis,1.58.6,0,2026-01-26T07:30:03-07:00,PermataMobile X,permata_x,app_store,1323973644
13707224016,Prcll garage,1,Permata sering kendala sistem,Sering sering banget kendala sistemmm sering sering sering bangettttt!!!!!!!,1.58.6,0,2026-02-02T21:54:08-07:00,PermataMobile X,permata_x,app_store,1323973644
13700182310,Awrpnt,2,Kecewa,"Sekarang sering banget dikit2 kendala, gak bisa di buka lah, maintenance lah, maintenance kok tiap minggu😑",1.58.6,0,2026-02-01T01:37:40-07:00,PermataMobile X,permata_x,app_store,1323973644
13695887376,Myuinday,1,App gk bs dibuka,App gk bisa dibuka,1.58.6,0,2026-01-30T23:48:41-07:00,PermataMobile X,permata_x,app_store,1323973644
13684308721,sogo1242,1,Cacad,Aplikasi cacad maintenance terus,1.58.6,0,2026-01-27T23:24:34-07:00,PermataMobile X,permata_x,app_store,1323973644
13681072941,suka jin,2,Lemot Dari Pihak bank,"Ditelpon cs nya gabisa, susah, padahal mau benerin pin m bangking",1.58.6,0,2026-01-27T03:17:09-07:00,PermataMobile X,permata_x,app_store,1323973644
13650832472,kabohgar,3,Reduce Motion,"aneh bgt masa mau buka app nya aja harus matiin reduce motion, tolong dong min dibenerin, app bank lain aja ga gini kocak",1.58.5,0,2026-01-19T00:40:40-07:00,PermataMobile X,permata_x,app_store,1323973644
13677640157,Haris13062016,1,Apk,Aplikasi mobile bangking gak jelas,1.58.6,0,2026-01-26T04:55:39-07:00,PermataMobile X,permata_x,app_store,1323973644
13650925818,Terbdhs,1,Bego,Mau buka tabungan udh scan ktp udh sesuai semua tapi di bilang data ga sesuai bego,1.58.5,0,2026-01-19T01:26:10-07:00,PermataMobile X,permata_x,app_store,1323973644
13492189395,Dian Permadi,3,Update terbaru aplikasi selalu force close,Bagaimana ini setelah saya update kok selalu force close aplikasinya? Padahal ios iphone saya masih cocok karna d detail harus ios 12. Tolong dibenahi lagi bug update nya.,1.58.4,0,2025-12-08T19:21:30-07:00,PermataMobile X,permata_x,app_store,1323973644
13650204147,ChrisDownloader,2,Timeout,"Untuk di ios sepertinya timeout aplikasi logoutnya terlalu cepat ya, jd saat pindah ke app lain, saat mau melakukan transaksi, dan balik lg ke app permata sering kali sudah otomatis logout jd harus ulangi prosesnya lg",1.58.5,0,2026-01-18T19:37:40-07:00,PermataMobile X,permata_x,app_store,1323973644
13635001199,Gede2501,1,Eror,Aplikasi tidak bisa di buka dari kemarin,1.58.5,0,2026-01-14T21:24:57-07:00,PermataMobile X,permata_x,app_store,1323973644
13615900716,Ntaa s,4,Di menu taimgihan cicilan,Cicilannya ga ada pembayaran untuk ke OTO Finance jadi aga ribet klo mau bayar cicilan harus pindahin ke bank lain dlu,1.58.5,0,2026-01-09T22:02:16-07:00,PermataMobile X,permata_x,app_store,1323973644
13607583574,secacccnoiratgsjd,1,TF,"Tf jenis Bi fast nya gak bisa lagi sekarang, mending pake bank lain",1.58.4,0,2026-01-07T18:24:21-07:00,PermataMobile X,permata_x,app_store,1323973644
13603813737,Chicanoon,1,Trouble,"Sering banget gangguan gak cuma pas tengah malam tp siang pun gangguan, pdhl kalo lg urgent gini kan repot juga kalo lg hectic dan butuh satset selesai urusannya",1.58.4,0,2026-01-06T18:56:48-07:00,PermataMobile X,permata_x,app_store,1323973644
13600475193,nunkynufus,2,mbanking,"Apk mbanking permata sering gangguan teknis, mengganggu pengguna untuk melakukan transaksi. mohon diperbaiki",1.58.4,0,2026-01-05T22:35:05-07:00,PermataMobile X,permata_x,app_store,1323973644
13590425958,pul57281)1,1,perbaiki lah sistemnya,ni apk sering banget gangguan anj,1.58.4,0,2026-01-03T09:47:30-07:00,PermataMobile X,permata_x,app_store,1323973644
13574488828,Cak Faqih,1,Sangat sangat sangat mengecewakan,"Seminggu bisa 3-4 kali malam sampe pagi sering tidak bisa diakses (perbaikan sistem). Masuk rumah sakit/ beli obat jm 2 sampe jm 5 pagi ga bisa dipakai, saya TIDAK akan pernah merekomendasikan ke teman. Beberapa kali butuh duit sangat urgent ternyata ga bisa akses.",1.58.4,0,2025-12-30T14:06:40-07:00,PermataMobile X,permata_x,app_store,1323973644
13566171840,zall1274,1,pemeliharaan sistem,terus aja gangguan,1.58.4,0,2025-12-28T12:29:38-07:00,PermataMobile X,permata_x,app_store,1323973644
13547952771,x1’,4,tidak bisa di buka,kenapa tidak bisa di buka?,1.58.4,0,2025-12-23T16:42:38-07:00,PermataMobile X,permata_x,app_store,1323973644
13547567137,SyenyR,1,TEKNIKAL,"Selalau sama! Masalah dari 9 tahun lalu masih saya rasakan sampai saat ini yaitu ga bisa menikmati aplikasi sesuai harapan! Dari 9 tahun lalu tiba tiba suka isu teknikal kalau mau log in! Memang tidak selalu tapi sudah sering! Seperti aplikasi ada jam operasionalnya seperti kantor, kalau malam gak bisa di akses! 

Kalian kalau buat aplikasi update sana-sini bisa, tapi masalah teknis begini lambat! Mana CS kira nasabahnya bodoh , malah diajarkan ini itu untuk bisa akses yang pada kenyataannya tidak bisa di akses!dan juga padahal memang dari perusahaan Permata saja yang tidak mau menerima kesalahan atau mungkin masukan dari nasabah tentang masalah seperti ini. Sudah cukup sabar tapi masalah dari 9 tahun lalu awal pakai permata tapi masih saja kejadian!!!!!!",1.58.4,0,2025-12-23T14:01:35-07:00,PermataMobile X,permata_x,app_store,1323973644
13541951826,Rerrerlo,1,Gagal verif wajah,"Saat pertama kali bikin akun tidak ada verifikasi wajah. Kemudian ketika mau ganti device harus login dan verif wajah… disini tolol nya, wajah yg terdaftar di akun saya ternyata di link ke data dukcapil (foto ktp) masalahnya apa ga ada tim product yg mikir klo foto ktp sekarang itu jarang ada yg update krn berlaku seumur hidup… saran aja klo mau bikin fitur baru jgn menyusahkan nasabah ya, apps ini kan harusnya mempermudah nasabah. Terimakasih",1.58.4,0,2025-12-22T03:19:36-07:00,PermataMobile X,permata_x,app_store,1323973644
13526146743,TommyCY12,1,Aplikasi JELEK,"Saya buka rekening secara online ERROR, datang ke cabang niat buka rekening secara manual, tidak bisa, malah solusi di suruh ke DUKCAPIL, padahal 1 hari sebelumnya saya buka rekening mandiri secara online dengan KTP yang sama bisa, APLIKASI JELEK, dan SOLUSI DARI CUSTOMER SERVICE JUGA KURANG MEMUASKAN 👎",1.58.4,0,2025-12-17T20:18:58-07:00,PermataMobile X,permata_x,app_store,1323973644
13522920223,wayritonga,1,Aplikasi Error,Data KTP saya terdeteksi salah mulu. Aneh banget ini sistem bank-nya.,1.58.4,0,2025-12-16T23:43:09-07:00,PermataMobile X,permata_x,app_store,1323973644
13521980831,"kritikus,)",1,gj,app ngebug,1.58.4,0,2025-12-16T16:36:00-07:00,PermataMobile X,permata_x,app_store,1323973644
13512998646,Nurdiansyahrizki,1,Baru daftar tapi no rekening udh di salin tp terdaftar ketika mai transfer ke rekening permata,Kenapa no rekening permata tidak ada pas mau transfer ya,1.58.4,0,2025-12-14T07:13:49-07:00,PermataMobile X,permata_x,app_store,1323973644
13499793507,dokter problem,1,Aplikasi tidak bisa dibuka,Selalu muncul technical problem dan diminta  transaksi via atm atau call call center. Sangat mengganggu saat perlu urgent transaksi tapi tdk bisa digunakan applikasinya.,1.58.4,0,2025-12-10T20:06:17-07:00,PermataMobile X,permata_x,app_store,1323973644
13493773784,Nenene88888,1,Apk tercacat dri semua bank,"Amazing sekali potongan bulanann mencapai 30k, sudah itu apk susah digunakan . Habis itu call center gak aktif",1.58.4,0,2025-12-09T06:24:07-07:00,PermataMobile X,permata_x,app_store,1323973644
13480369701,Ikan gabus aja,3,Update terus,Harus trs update tapi sering eror,1.58.4,0,2025-12-05T20:36:10-07:00,PermataMobile X,permata_x,app_store,1323973644
13485531153,naharazizi,1,"tiba2 logout, gak bisa masuk & gak bisa reset password","ini parah sih... tiba2 bilangnya udah gak bisa attemp, reset password gak bisa. masukin nomor kartu dkk gak bisa dilanjutin. aneh banget sumpah ITnya tolol banget...

aplikasi yang latest padahal.


binggung sama developernya...

ya masa kalo error gak bisa reset harus ke kantor cabang? buang2 waktu banget. tolong dibenerin dong dan feature reset passwordnya dibenerin",1.58.4,0,2025-12-07T03:22:36-07:00,PermataMobile X,permata_x,app_store,1323973644
13482759523,ayu ratna18,1,tidak bisa di perbaharui,m banking tdk bs dibuka,1.58.4,0,2025-12-06T10:02:32-07:00,PermataMobile X,permata_x,app_store,1323973644
13478056061,Katharina / Kathrin,3,Pembaruan versi permata,"Saat update yg terbaru dr Pg smp mlm blm bs jg
Gimana sy akan lakukan mobile banking hr ini gagal",1.58.4,0,2025-12-05T06:55:28-07:00,PermataMobile X,permata_x,app_store,1323973644
13478156077,Acileeeee,1,FORCE UPDATE TP GABISA DIDOWNLOAD,"Aneh, saya mau transaksi jadi repot, antrian udah panjang. Brgsk",1.58.4,0,2025-12-05T07:24:35-07:00,PermataMobile X,permata_x,app_store,1323973644
13476701372,radenn 321,3,tolol,gajelas saldo tiba tiba kepotong entah gatau kemana gada riwayat terpotongnya lagi aplikasi tolol,1.58.4,0,2025-12-04T22:32:43-07:00,PermataMobile X,permata_x,app_store,1323973644
13474637883,Samusa rey,5,Sudah ada perbaikan,Sekarang mudah ko masih aman juga dan sudah tidak perlu OTP buat transaksi semoga lebih baik lagi,1.58.4,0,2025-12-04T08:49:07-07:00,PermataMobile X,permata_x,app_store,1323973644
13473653319,DeanDewanto,1,History transaksi jadi tidak ada,"History transaksi kok jadi gaada ya, padahal penting banget itu, masa download estatement terus tiap kali mau cek, gimana sih di update malah makin konyol",1.58.4,0,2025-12-04T03:41:27-07:00,PermataMobile X,permata_x,app_store,1323973644
13473107600,Bebe.16936,1,JELEKKK,saya mencoba login tbtb out sendiri. Huhh bnr bnr jelek!,1.58.4,0,2025-12-03T23:50:15-07:00,PermataMobile X,permata_x,app_store,1323973644
13461624589,anonim 13,1,Aplikasi ga guna,"Ga recomend jelek, aplikasi berat, sistem gangguan mulu",1.58.3,0,2025-11-30T23:42:03-07:00,PermataMobile X,permata_x,app_store,1323973644
13460387255,aldo u,1,sampah,"nih apk setiap gj an ada aja masalah ya,padahal jaringan bagus knp eror terus",1.58.3,0,2025-11-30T14:51:46-07:00,PermataMobile X,permata_x,app_store,1323973644
13453732638,notsogoodgamer,1,aplikasi tolol,ga becus kerja lo pada ribet,1.58.3,0,2025-11-28T23:46:29-07:00,PermataMobile X,permata_x,app_store,1323973644
13453171734,cynthiaoctavie,1,Aplikasi eror,"Tidak bisa masuk, stuck di captcha, aplikasi dibuka lama lalu keluar sendiri, mohon ditindaklanjuti sepertinya afa yang salah saat update terakhir, karena sebelumnya saya pakai baik2 saja",1.58.3,0,2025-11-28T19:46:26-07:00,PermataMobile X,permata_x,app_store,1323973644
13409748696,dimasppp,3,login,kenapa susah sekali login,1.57.6,0,2025-11-17T09:25:41-07:00,PermataMobile X,permata_x,app_store,1323973644
13452767897,MmgX12,1,Gak bisa login,"Baru reinstall eh mau login aja gak bisa mulu, keterangannya “we are currently having technical issue and working urgently to resume service”, untung udah gak pakai ini sebagai rekening utama, dulu cuma pakai ini karena gratis transfer aja. Sekarang banyak pilihan bank lain buat gratis transfer dan aplikasinya cukup stabil.",1.58.3,0,2025-11-28T17:13:08-07:00,PermataMobile X,permata_x,app_store,1323973644
13450242016,golddilocs,1,MASALAH KARTU,"MENELEPON MELALUI LAYANAN TELEPON CUMA MENGHABISKAN PULSA DAN TIDAK ADA SOLUSI. 
MENGHABISKAN 20rb PULSA UNTUK PENGAKTIFAN REKENING DORMAN TETAPI TETAP DITOLAK, BANK SAMPAHH !!",1.58.3,0,2025-11-28T03:33:30-07:00,PermataMobile X,permata_x,app_store,1323973644
13448529776,DdddmmRahma,1,Kurang baik,"Setiap mau login susahhh banget , sering eror, sering terjadi kendala !",1.58.3,0,2025-11-27T15:00:45-07:00,PermataMobile X,permata_x,app_store,1323973644
13445592743,Gus Keren,2,Reduce Motion,"THIS IS SOOOO BAD. Why you don't allow accessibility features? I only turn on the reduce motion, it will not break ur app!",1.58.3,0,2025-11-26T20:37:48-07:00,PermataMobile X,permata_x,app_store,1323973644
13445482446,Ibnuktsr,2,Koneksi permata jelek,"Saya ngga ngerti ya dgn aplikasi ini. Aplikasi ini cepet dan lancar kalau dibuka pake wifi doang, tp kalau pake data seluler selalu loading doang. Saya coba bandingkan dengan mbanking lain bisa dibuka bahkan dengan sinyal data seluler yg lemah. Tolong diperbaiki, permata ME ini udh jadi mbanking utama saya, tp gara gara kendala ini jadi saya pindah ke mbanking lain.",1.58.3,0,2025-11-26T19:46:28-07:00,PermataMobile X,permata_x,app_store,1323973644
13443022465,RamaLanaK,1,M Banking Lemot Di Indonesia,"Parahhh , lemot habisss , gak efisien , susah sangat di pakai nya",1.58.3,0,2025-11-26T05:13:29-07:00,PermataMobile X,permata_x,app_store,1323973644
13441967488,Riff22,2,Error Setelah Update,"Setelah dipakai transaksi, layar menjadi blank, setelah di update versi terbaru",1.58.3,0,2025-11-25T21:50:31-07:00,PermataMobile X,permata_x,app_store,1323973644
13441572263,Tiralizziee,1,Telemarketing nyepam udah kayak saya pinjol ngga bayar 10 tahun,"Spamming berlebihan untuk penawaran jasa asuransi dan lainnya sangat2 berlebihan. Sudah 20 nomor diblokir. Tapi tetap saja bisa nelepon lagi dengan nomor lain. Yang awalnya tertarik, jadi kesal karena semua teleponnya menganggu jam kerja.",1.58.3,0,2025-11-25T18:48:36-07:00,PermataMobile X,permata_x,app_store,1323973644
13439586142,hamami87,1,Lelet,lelet mau login & buka menu lainnya,1.58.3,0,2025-11-25T06:57:12-07:00,PermataMobile X,permata_x,app_store,1323973644
13438607172,Imfi4,1,Susah dibuka,Masa after di update malah susah banget dibuka kadang ga bisa dibuka sama sekali ya ampuuun kalo lagi genting mau transaksi malah susahhh dibuka padahal signal udah bagus :(((((,1.58.3,0,2025-11-25T01:13:28-07:00,PermataMobile X,permata_x,app_store,1323973644
13438444984,Eribs kucing,1,Templet yg sering berubah,"Udah di tahap cape ngikutin tamplet yg sering bgt berubah jadi bikin bingung hrs jadi hrs selalu adaptasi terus, bank yg ga konsisten dan sprti krisis identitas mncari identitas, brpikir ulang deh kl mau install blm lg sering erorr",1.58.3,0,2025-11-24T23:58:40-07:00,PermataMobile X,permata_x,app_store,1323973644
13434803913,mahisiruciwindraya,1,APLIKASI TERBURUK,"Aplikasi keuangan TERBURUK!! Habis Update masa malah ga bisa buka!! Saya pakai IP15, notabene bukan HP Jadul. Amat sangat tidak disarankan pake Bank Permata siihh. Ini cuma karna Payroll Kantor pake Permata jadi TERPAKSA. Mana ATMpun jarang.",1.58.3,0,2025-11-24T01:24:24-07:00,PermataMobile X,permata_x,app_store,1323973644
13431146385,xxxinmm,1,App jelek,Tolil bet!!! Tiap kali update semua history data ilang!!! Nyusahin!! Org mo topup biasanya tinggal klik harus ngulang isi dari awal !!!,1.58.3,0,2025-11-23T02:24:29-07:00,PermataMobile X,permata_x,app_store,1323973644
13374913445,Dianadovie,3,APLIKASI GABISA DIBUKA,Gabisa dibuka udh berkali2 aneh,1.57.6,0,2025-11-08T20:42:31-07:00,PermataMobile X,permata_x,app_store,1323973644
13408066041,Konsul m banking,1,Konsul m banking,Pelayanan call center sangat buruk,1.57.6,0,2025-11-16T23:42:36-07:00,PermataMobile X,permata_x,app_store,1323973644
13401358298,rizki144,1,Gangguan terus,"Ga bisa login
Langsung keluar lagi",1.57.6,0,2025-11-15T07:52:59-07:00,PermataMobile X,permata_x,app_store,1323973644
13391293027,puterrri,1,Jelek banget,"jelek banget -100 ini tiap di pake tiba"" logout mana kalo minta kode respon ga masuk"" aneh banget, bener"" ga worth it naroh uang disini",1.57.6,0,2025-11-12T20:30:15-07:00,PermataMobile X,permata_x,app_store,1323973644
13391263113,yeonsuuaa,1,BANYAK ERRORNYA,permata skrg kenapa sih banyak errornya? lagi urgently mau transfer uang by mobile banking malah ga bisa dibuka mbankingnya. nyebelin bgt,1.57.6,0,2025-11-12T20:16:58-07:00,PermataMobile X,permata_x,app_store,1323973644
13384325086,oas7,1,Aplikasi ga efisien sama sekali,"Kalau udah jam malam atau subuh, aplikasi sering crash dan ga bisa dibuka

Terus buffer time utk aplikasi tutup sendiri saat lagi di diluar aplikasi permata sangat pendek, jadi ga efisien karena setiap 10-15 detik harus login ketik password, bank lain lebih efisien aplikasinya",1.57.6,0,2025-11-11T03:55:01-07:00,PermataMobile X,permata_x,app_store,1323973644
13375082190,Yuliardana,1,Tidak bisa log in,Sudah forgot ID sudah forgot password sudah Face ID tetep aja retry2 terus,1.57.6,0,2025-11-08T21:51:40-07:00,PermataMobile X,permata_x,app_store,1323973644
13356222682,Self reward,3,Tdk bs dibuka,Dari sore sanpai tengah mlm gk bisa buka mbankingnya. Semkin lama semakin lemot,1.57.6,0,2025-11-04T09:21:47-07:00,PermataMobile X,permata_x,app_store,1323973644
13368192504,Orgap,1,Aplikasi bermasalah,"Woy lah tu aplikasi permata me 
Lama bgt terjadi kesalahan sistem nya sudah lebih 2 minggu ini ngga bisa Login",1.57.6,0,2025-11-07T07:19:56-07:00,PermataMobile X,permata_x,app_store,1323973644
13365706270,Mawar devanka,5,Hati hati,Bagi yg mau transfer uang hati2 karena rawan tidak masuk,1.57.6,0,2025-11-06T16:20:55-07:00,PermataMobile X,permata_x,app_store,1323973644
13361947732,Dickxworld,5,Permata Me,"Fitur2nya didalam sudah bagus. Hanya tampilan homescreen bagian depan terlalu kaku, kl bisa homescreen nya diisi tampilan promo2 menarik",1.57.6,0,2025-11-05T18:36:58-07:00,PermataMobile X,permata_x,app_store,1323973644
13357186460,Tiap hari gangguan,1,Tiap hari gangguan,Tiap hari gangguan,1.57.6,0,2025-11-04T14:30:05-07:00,PermataMobile X,permata_x,app_store,1323973644
13353450122,Adikara121,3,Force Closed,setelah update yang terakhir selalu tidak bisa di proses request. padahal sinyal full dan 5G,1.57.6,0,2025-11-03T17:26:34-07:00,PermataMobile X,permata_x,app_store,1323973644
13355188042,Saya complain,1,!!,"Bisa bisa nya aplikasi ga bisa login !!!
Sudah di instal ulang tetap tidak bisa login . Sampah !!",1.57.6,0,2025-11-04T04:40:55-07:00,PermataMobile X,permata_x,app_store,1323973644
13354991043,kurnia2277,1,Aplikasi,"Pengguna Iphone sering sekali tidak bisa memakai aplikasi dengan menggunakan kartu, kenapa ya ? Padahal urgent lo saat memerlukan. Masa harus pakai wifi terus.",1.57.6,0,2025-11-04T03:42:18-07:00,PermataMobile X,permata_x,app_store,1323973644
13354862665,selyastii,2,Aplikasi gak bisa di buka,apk sehari bisa sampe 3 kali stuck gabisa di buka tunggu beberapa saat terus padahal sinyal oke buka apk lain lancar nyusahin bgt kalo buat tf tf dadakan gak bgt,1.57.6,0,2025-11-04T02:59:56-07:00,PermataMobile X,permata_x,app_store,1323973644
13354105530,chroli111,4,"Bagus, hanya 1 usulan","All good and logical, hanya 1 hal yg sangat membingungkan, yaitu setelah transfer dilakukan ada pilihan “download”. Dipencet tdk muncul konfirmasi, shgga tdk pernah yakin download berhasil. Mohon diberikan confirmation mesaage agar tdk hrs check photo album dulu. Thx

1 lagi: Kenapa info kartu kredit permata diumpetin, terutamanya due date?
Klu Bk Permata sdh tdk mau info pelanggan scra pribadi bbrpa hari sebelum due date, paling sdkt mestinya ada info di halaman awal app-nya. Terasa seperti sengaja diumpetin agar pembayaran telat (dan dg demikian bk permata bisa menagih denda). Mohon diperbaiki, thx",1.57.6,0,2025-11-03T21:51:23-07:00,PermataMobile X,permata_x,app_store,1323973644
13331978950,aldhpsr,3,lemot,"selalu problem kalau mau masuk aplikasinya, entah nunggunya sampai kapan biar bisa login masuk",1.57.6,0,2025-10-29T20:16:38-07:00,PermataMobile X,permata_x,app_store,1323973644
13345445315,Agung Marc,1,Error Setiap Hari Minggu,"Tiap saya akses di hari Minggu selalu error, diakses tanggal gajian error juga",1.57.6,0,2025-11-01T23:17:08-07:00,PermataMobile X,permata_x,app_store,1323973644
13341972523,Apk bloon mas,1,Bobrok,"Ini gada perbaikan apa??!!! Gabisa login nih, duit gua disini semua.
Solusinya gimana ni selain kita harus hub. Cs 
Bikin kesabaran abis aja",1.57.6,0,2025-11-01T05:22:01-07:00,PermataMobile X,permata_x,app_store,1323973644
13340776568,siti mariatul,1,apk gagal,"menurut saya ini apk bank paling gagal, tiap login tbtb keluar sendiri pdhl lg buru2 mau transaksi atau transfer, mohon di kaji ulang dan di revisi dong apk nya",1.57.6,0,2025-10-31T22:31:44-07:00,PermataMobile X,permata_x,app_store,1323973644
13336962994,Bassalshowing,1,Aplikasi lemot,"Nge lag bgt aplikasi nya, udah login malah keluar lagi, banyak loadingnya",1.57.6,0,2025-10-31T01:42:40-07:00,PermataMobile X,permata_x,app_store,1323973644
13334031647,Sbokk,1,Tolong di perbaiki apknya,Login aja lama banget,1.57.6,0,2025-10-30T08:09:07-07:00,PermataMobile X,permata_x,app_store,1323973644
13333437577,Bryanjorr,1,Aplikasi gajelas,Gabisa login aplikasi tolol,1.57.6,0,2025-10-30T05:33:58-07:00,PermataMobile X,permata_x,app_store,1323973644
13333437378,gw kenapa emang,1,kumpulan orang” totol,aplikasi gblk ga bisa aktivasi kartu totol,1.57.6,0,2025-10-30T05:33:55-07:00,PermataMobile X,permata_x,app_store,1323973644
13332078528,Annidafjr,5,Sangat baik,"Pelayanannya sangat sangat bagus baik dan csnya juga ramah ramah bangett, terimakasii permata bank 🫶🏻",1.57.6,0,2025-10-29T20:59:17-07:00,PermataMobile X,permata_x,app_store,1323973644
13306249040,vidopirlo,3,Aplikasi ga bisa dibuka,Udah seminggu aplikasi ga bisa dibuka,1.57.6,0,2025-10-23T20:49:18-07:00,PermataMobile X,permata_x,app_store,1323973644
13314055552,ilyasferi,2,PERBAIKI LAGI,"aslinya produknya bagus2. cuma app nya parah!
pakai QRIS + poin gak bisa. 
proses terus!
complain nunggu lama banget lebih dari seminggu! dan itu gatau bisa refund apa engga",1.57.6,0,2025-10-25T15:06:45-07:00,PermataMobile X,permata_x,app_store,1323973644
13310402303,kapaosjsbskaowkwjssbbd,1,Aplikasi lemot,"Perbaiki lagi kualitas aplikasinya,masa login aja muter” mulu lemot bgt",1.57.6,0,2025-10-24T19:55:57-07:00,PermataMobile X,permata_x,app_store,1323973644
13307563652,Nisanoorhamidah1,1,Aplikasi susah banget,Saya mau masukan akun rdn aja ya ampun susahnya . Terkeluar sendiri lah dari aplikasi … yg tadinya akun bisa jadi gak bisa … terus gak ada chat live nya … gak ada yg membantu asli parah … saya bisa terima transaksi dari gmail ada uang masuk tapi gak bisa saya masuk akun asli parah .pelayananya harus banyak … kecewa banget .,1.57.6,0,2025-10-24T05:08:35-07:00,PermataMobile X,permata_x,app_store,1323973644
13306673397,Hardiarya,1,Aplikasi jelek,aplikasi sering error atau maintenance,1.57.6,0,2025-10-23T23:55:20-07:00,PermataMobile X,permata_x,app_store,1323973644
13247590817,Sausan orange,5,Best finance app,Very fast and no drama app,1.57.6,0,2025-10-10T02:45:05-07:00,PermataMobile X,permata_x,app_store,1323973644
13298389783,Triatriyul,1,Makin ga jelas,"Kenapa aplikasi jadi susah di akses mau transaksi juga sulit bgt ,,",1.57.6,0,2025-10-22T00:13:58-07:00,PermataMobile X,permata_x,app_store,1323973644
13281879323,Cukupm,1,Top up Flazz saldo kepotong tapi tidak masuk,Top up Flazz saldo kepotong tapi tidak masuk,1.57.6,0,2025-10-18T04:11:27-07:00,PermataMobile X,permata_x,app_store,1323973644
13271938281,Engintl,1,Transfer RDN ke rekening pribadi,"Transfer dari RDN ke rekening pribadi sangat lama, dan selalu muncul dalam maintenance, ya kali bank sebesar permata maintenance terus, emangnya kalian ga punya tim IT",1.57.6,0,2025-10-15T18:47:13-07:00,PermataMobile X,permata_x,app_store,1323973644
13259505501,Nondey,1,Aplikasi bermasalah!,"Tidak pernah ganti Pin Transaksi, tiba-tiba salah Pin ketika mau transaksi! Sudah ganti Pin di menu Lupa Pin, malah terkunci akun permatanya! Customer Servicenya simpang siur melayani pelanggan. Setiap arahan tidak memberikan hasil yang memuaskan. Mending beralih ke bank lain!",1.57.6,0,2025-10-12T19:54:35-07:00,PermataMobile X,permata_x,app_store,1323973644
13230408345,HyDiiin,3,Jelek sekali aplikasinya,Sudah 1 minggu tidak bisa login Permata me gangguan terusssss anehhhhh,1.57.6,0,2025-10-06T01:22:41-07:00,PermataMobile X,permata_x,app_store,1323973644
13202939696,TimCook60,3,Missing the receipt view,"Good app overall, but one big issue: after payment/transfer you see a receipt, but once closed you cannot view it again from transaction history. Please add a feature to re-open/view past receipts. Very inconvenient without it.

Aplikasi ini cukup bagus, tapi ada masalah: setelah bayar/transfer struk muncul, namun setelah ditutup tidak bisa dibuka lagi dari riwayat transaksi. Mohon tambahkan fitur untuk melihat kembali struk transaksi. Sangat tidak praktis tanpa ini.",1.57.6,0,2025-09-29T20:10:56-07:00,PermataMobile X,permata_x,app_store,1323973644
13221808615,Cintari Putria S,1,JELEEKKKKK,"jelek bangettt, lemott susah bet dibukaa stuck logo abistu keluar sendiri👎🏻👎🏻👎🏻",1.57.6,0,2025-10-04T03:02:39-07:00,PermataMobile X,permata_x,app_store,1323973644
13216032572,Zyhandap,1,Banyak drama,Akhir akhir ini buat login Mbanking sangat sangat susah padahal wifi/jaringan lancar segera perbaiki tergadang di saat urgent buat transaksi susah login nya,1.57.6,0,2025-10-02T18:23:39-07:00,PermataMobile X,permata_x,app_store,1323973644
13215168714,ha731,1,Gangguan Terus,"Semenjak diupdate jd makin lemot dan sering gangguan, padahal sebelumnya sudah bagus, sangat disayangkan, mending pake m banking lain aja.",1.57.6,0,2025-10-02T13:11:33-07:00,PermataMobile X,permata_x,app_store,1323973644
13211773418,permata yudanita 200,4,Mohon fix,"Fitur udah oke bgt, tampilan oke. Tapi mohon ketika melakukan pembayaran atau trx lainnya lumayan ""lemot"".",1.57.6,0,2025-10-01T19:29:45-07:00,PermataMobile X,permata_x,app_store,1323973644
13194599694,fentani,3,Update Aplikasi,Saya mau melakukan pembaharua/update permata bank saat klik resume kenapa gk bisa ya?,1.57.5,0,2025-09-27T22:13:27-07:00,PermataMobile X,permata_x,app_store,1323973644
13202900386,bsken834,1,ribet,tiap login ribett banget,1.57.6,0,2025-09-29T19:55:09-07:00,PermataMobile X,permata_x,app_store,1323973644
13200228437,Reposian,1,Kecewa,Membunuh ekonomi pelaku UMKM,1.57.6,0,2025-09-29T05:48:50-07:00,PermataMobile X,permata_x,app_store,1323973644
13198961895,Permata dongo,1,Apk gajelas,"Untung gua punya 2 bank bank ini buat nerima gajian doang, terus uang nya gua pindahin di bank lain, apk gajleas bangt",1.57.6,0,2025-09-28T22:00:30-07:00,PermataMobile X,permata_x,app_store,1323973644
13197893306,Bani.ilham,2,Tarik tunai mobile gabisa,"Ini kenapa ya tarik tunai via mobile di ATMnya kodenya suka ga masuk ke Hp? Tolong dong di perbaiki, mengganggu banget.",1.57.5,0,2025-09-28T14:55:18-07:00,PermataMobile X,permata_x,app_store,1323973644
13196554781,Ayuu des,1,Ulasan,"Apk nya skrng lemot banget, tiba-tiba keluar sendiri gitu jadi sekarang susah transaksi nya, gabisa menggunakan data internet",1.57.5,0,2025-09-28T08:26:50-07:00,PermataMobile X,permata_x,app_store,1323973644
13196347637,slamberry27,2,the UX is so bad,"UX nya ga informatif ga jelas, bingung banget mau ngecek recent transaction aja. kalo bukan karena payroll kantor ga akan pake permata",1.57.5,0,2025-09-28T07:37:24-07:00,PermataMobile X,permata_x,app_store,1323973644
13195713136,Kekezain,2,Crash and Forced Close,Tolong banget diupdate aplikasinya. Terakhir kali aplikasi permata me force closed terus tiap mau dibuka sampe harus uninstall terus install lagi supaya bisa berfungsi. Terus sekarang tiap kali mau pake qris pasti selalu forced close atau coba loading setelah face recognition. Sering banget kaya gini.,1.57.5,0,2025-09-28T04:53:18-07:00,PermataMobile X,permata_x,app_store,1323973644
13194819021,Iisss123,1,Kendala sistem terus!!!,Aplikasi apa sih ini setiap buka selalu kendala sistem terus !!! Setiap mau di pake selalu kendala sistem ga bisa di gunain!!!!!,1.57.5,0,2025-09-27T23:43:13-07:00,PermataMobile X,permata_x,app_store,1323973644
13191523979,hagftata,3,h,pake data gabisa kebuka padahal jaringan bagus,1.57.5,0,2025-09-27T05:44:47-07:00,PermataMobile X,permata_x,app_store,1323973644
13191247062,telkomsel jaya,3,kritik tentang nomor rekening ga kesimpan otomatis jadi harus masukan nomor setiap transaksi,kok setelah update nomor rekening ga kesimpan sii jadii kalo mau transfer harus masukin nomor rekening lagi sebelumnyaa gaa giniii tolongg dongg udah lemot jangan ditambah nomor rekening ga kesimpen,1.57.5,0,2025-09-27T04:26:33-07:00,PermataMobile X,permata_x,app_store,1323973644
13191481804,dwieritam,1,JELEK,"Kaga bisa registrasi tulisannya invalid account or pin. Padahal mah dua duanya udah bener, mana call centernya ga solutif, jelek banget",1.57.5,0,2025-09-27T05:33:26-07:00,PermataMobile X,permata_x,app_store,1323973644
13147356705,triyaaanti,3,Tidak ada riwayat no rekening transaksi,Menyulitkan tidak ada riwayat no rekening penerima / no pembayaran tagihan ketika mau tranfer / pembayaran harus cari2 lagi nomor rekening penerima,1.57.5,0,2025-09-16T23:46:29-07:00,PermataMobile X,permata_x,app_store,1323973644
13184951664,Christinhan,1,Susah login,"Susah banget login ampun deh, muter” mulu",1.57.5,0,2025-09-25T16:18:31-07:00,PermataMobile X,permata_x,app_store,1323973644
13182862725,Permata Lag,1,VERIFIKASI WAJAH GAGAL MULU,"Awalnya apus App karna ganti hp. Tapi, pas mau aktifin kembali dibuat sulit sama permata ( Lag nya minta ampun ) Di coba terus menerus gagal apalagi pas dibagian verifikasi wajah balik lagi ke awal. Hadeh gimana si manaan gajian masuk ke rekening permata. Capekkkkkk sangat tidak rekomended bgtt, apalagi pas tgl 25 pas ngt gajian turun, susah buat masuk ke aplikasinya udah kaya antri sembako. Tolong lah jangan di persulit, Itu duit mau dipake untuk transfer.",1.57.5,0,2025-09-25T05:57:41-07:00,PermataMobile X,permata_x,app_store,1323973644
13176926106,iputumj,5,Good,"Setelah update, tampilan baru, experience baru, jadi lebih cepat",1.57.5,0,2025-09-23T20:17:37-07:00,PermataMobile X,permata_x,app_store,1323973644
13176868454,Dedi3321,5,Gud,Good,1.57.5,0,2025-09-23T19:54:27-07:00,PermataMobile X,permata_x,app_store,1323973644
13176854728,Mac Hary,5,Aplikasi yang komplit,"Permata ME bikin smua kebutuhan saya jd gampang, dari mulai transfer bifast, cek saldo, bayar tagihan. Tampilannya simpel, responsif, cepat bgt lancar di iPhone 14 promax saya. Cocok bgt dah buat gen z",1.57.5,0,2025-09-23T19:48:59-07:00,PermataMobile X,permata_x,app_store,1323973644
13174527066,eldakar11,1,software jelek,"perusahaan gbs nanganin software yang bobroknya udh parah bgtt, padahal hampir semua nasabah udh ngeluh di semua sosmed nya permata masih aja pura-pura ga liat",1.57.5,0,2025-09-23T07:11:53-07:00,PermataMobile X,permata_x,app_store,1323973644
13170014615,Deqi1996,1,Error,banyak error disaat penting,1.57.5,0,2025-09-22T06:05:15-07:00,PermataMobile X,permata_x,app_store,1323973644
13164347877,xxZulfa,1,Mbanking Jarang Bisa Di Akses,"Semingguan ini bener2 gabisa akses mbanking. Tolong dong permata diperbaiki sistemnya. Mbanking itu fungsinya mempermudah pengguna untuk bertransaksi. Kalo kayak gini terus, kepada para pengguna saran dari pengalamanku pribadi, mending pindahkan semua saldo ke bank lain karena mbankingnya sering sulit di akses dgn alasan perbaikan sistem dll. Pebaikan sistem seminggu banget ???

Jika mau menarik lebih banyak pengguna seharusnya perbaik sistemnya agar pengguna tidak merasa direpotkan.

Tolong banget di note dan di improve ya Permata Tim!",1.57.5,0,2025-09-20T22:15:39-07:00,PermataMobile X,permata_x,app_store,1323973644
13159425245,Panda 🐼 per sempre,2,Susah log in,"Belakangan ini aplikasi sering error, ga bisa log in aplikasi, kalau pun bisa log ini, tapi setelahnya cuma muter terus ga bisa transaksi.",1.57.5,0,2025-09-19T19:30:22-07:00,PermataMobile X,permata_x,app_store,1323973644
13155532450,Monaaaaaaaaaaa!,1,Aplikasi sering error,Aplikasi sering error,1.57.5,0,2025-09-18T22:14:17-07:00,PermataMobile X,permata_x,app_store,1323973644
13152757373,Robot preketek,1,Kualitas Makin Down,Lama banget prosesnya apalagi kalau sore. Sinyal HP padahal full. Sering banget ada maintenance. Make Mbanking sebelah aman aman aja😩,1.57.5,0,2025-09-18T06:43:27-07:00,PermataMobile X,permata_x,app_store,1323973644
13152020616,Reynaldqaz,1,Tidak bisa dibuka,"Setelah update terakhir aplikasi tidak bisa dibuka, crash saat masuk. Bukan device issue saya memaikai iphone 12",1.57.5,0,2025-09-18T03:03:00-07:00,PermataMobile X,permata_x,app_store,1323973644
13147501860,Skeizith,1,Bank gangguan bukan permata,Gajelas hari hari gangguan dirut it nya pecat aja,1.57.5,0,2025-09-17T00:46:59-07:00,PermataMobile X,permata_x,app_store,1323973644
13112058791,Azma Anggraini,3,Tidak mau login,Kenapa ya tim… skg susah bgt login permata mobile…. Hrs connect wifi dl br bisa…. Pdhl buka aplikasi lain aman bisa2 aja…. Sudah dr bln kemarin…. Sdh lapor ke permata malah disuruh dtg ke cab terdekat… sangat2 tdk menyusahkan… 😔,1.57.5,0,2025-09-07T20:53:23-07:00,PermataMobile X,permata_x,app_store,1323973644
13143644852,qiaraaaaaaaaaaaaaa,2,aplikasi lemot,"m bangking permatanya lemot susah masuk ke aplikasinya, tolong di perbaiki lagi sistemnya, padahal sering minta update pembaruan terus",1.57.5,0,2025-09-16T02:16:34-07:00,PermataMobile X,permata_x,app_store,1323973644
13127362884,mmdimas,5,Aplikasinya mudah dan gampang diakses,"Mudah diakses dimana aja, appsnya cukup responsif dan handal",1.57.5,0,2025-09-11T23:34:10-07:00,PermataMobile X,permata_x,app_store,1323973644
13123023447,julianttttttttt,1,Stuck,"Aplikasi ribet, susah login.",1.57.5,0,2025-09-10T18:49:32-07:00,PermataMobile X,permata_x,app_store,1323973644
13121920202,Mataper,1,Mbanking terburukkkkkk😭,"Mbanking nyusahin, padahal dulu aman2 aja! Malah paling seneng pake Permata dulu!
Sekarang Udah paling bener duit masuk langsung pindahin ke Bank lain! Kalau gak karna gajian pake Permata, gak deh pake dia ini😭",1.57.5,0,2025-09-10T11:16:55-07:00,PermataMobile X,permata_x,app_store,1323973644
13116726611,Hvvbnj23,1,Kendala teruss,Udah hampir sebulan mau login susah nya minta ampunn,1.57.5,0,2025-09-09T04:01:12-07:00,PermataMobile X,permata_x,app_store,1323973644
13112064142,Permata licik,1,Permata licik,"Blm Lewat TGL JT tapi kena charge 300rb , permata Licik",1.57.5,0,2025-09-07T20:56:01-07:00,PermataMobile X,permata_x,app_store,1323973644
13089469950,Rism@n,3,Update,Terlalau sering update yg mengakibatkan kendala dlm bertransaksi.,1.57.5,0,2025-09-02T02:43:42-07:00,PermataMobile X,permata_x,app_store,1323973644
13111834046,endi irvine,5,Permata kasbon tidak ada lagi di aplikasi,seharusnya tetap ada,1.57.5,0,2025-09-07T19:11:32-07:00,PermataMobile X,permata_x,app_store,1323973644
13110326695,Haihalisa,1,Susah dibuka,"Permata sekarang jelek banget loh aplikasinya sumpah, login susah loading terus, transaksi susahhh, semuannya susah . Mbanking terburukkkkkk !!!!!",1.57.5,0,2025-09-07T09:45:19-07:00,PermataMobile X,permata_x,app_store,1323973644
13091789507,Windaaaf,1,Aplikasi sering crash,"Aplikasi mobile banking paling jelek. Setiap mau buka, lama banget prosesnya, sekalinya kebuka crash. Mau trf susah mau qris susah. Sangat mengganggu aktifitas perbankan, tolong diperbaiki",1.57.5,0,2025-09-02T15:39:45-07:00,PermataMobile X,permata_x,app_store,1323973644
13089839775,Rfarthraf,1,Gajelas,"Saya mau melakukan pembayaran tagihan CC dari sebelum jampo sampe jampo, aplikasi nya kaga bisa di buka, malah forclose mulu, padahal sudah update versi",1.57.5,0,2025-09-02T04:58:55-07:00,PermataMobile X,permata_x,app_store,1323973644
13080951082,Risgha,2,Tolong perbaiki sistemnya loadingnya lama sekali,"Setelah update ke yang sekarang, aplikasinya loading sekali tidak gercep seperti sebelumnya.",1.57.5,0,2025-08-30T21:25:15-07:00,PermataMobile X,permata_x,app_store,1323973644
13085921246,Hamidah holid,1,Dd,Tidak bisa d akses d ios,1.57.5,0,2025-09-01T04:52:39-07:00,PermataMobile X,permata_x,app_store,1323973644
13085633327,bolonyeni,1,aplikasi kntol,"gimana sih tiap hari gak bisa dibuka, update trus bukannya makin bagus malah makin jelek ngntot",1.57.5,0,2025-09-01T03:08:32-07:00,PermataMobile X,permata_x,app_store,1323973644
13080627371,SBD9,2,Open apps,"Pembukaan app loading lama, muter muter berujung error sehingga tidak bisa terbuka. Lagi perlu malah tidak bisa terbuka.",1.57.5,0,2025-08-30T19:10:46-07:00,PermataMobile X,permata_x,app_store,1323973644
13080692367,balsjanaban,1,error,"padahal sinyal bagus masuk aplikasi malah forclose terus, hp padahal ipon hadeh",1.57.5,0,2025-08-30T19:36:36-07:00,PermataMobile X,permata_x,app_store,1323973644
13077296223,Elbara latifan,1,Komplain,Permata knpa sih gajelas banget uda tau tanggal tua nyimpen duit di sini malah di sedot tiap harinya 10k ya rugi t*l*l!!,1.57.5,0,2025-08-29T23:32:09-07:00,PermataMobile X,permata_x,app_store,1323973644
13076402299,Jangkis29,3,Tidak bisa login,Ini kenapa ya dri 2 hari yg lalu tidak bisa masuk2 lagi gangguan kah ? Tolong dong segera di atasi,1.57.5,0,2025-08-29T17:19:41-07:00,PermataMobile X,permata_x,app_store,1323973644
13076650298,jeckyu,1,login,gak bisa login,1.57.5,0,2025-08-29T18:57:25-07:00,PermataMobile X,permata_x,app_store,1323973644
13076541516,user terdzolimi,1,lemot parah ditambah suka mental keluar,"atm ilang mau ngambil mobile cash susah banget sejam lebih buat ngambil cash sampe akhirnya nyerah ga dapet ,lemot banget ditambah suka keluar sendiri,ini game berat emang?",1.57.5,0,2025-08-29T18:15:05-07:00,PermataMobile X,permata_x,app_store,1323973644
13057511757,Galangputra,3,Permata mobile,"cape bgt sumpah ga bisa masuk apk, bolak balik doang eror terus",1.57.5,0,2025-08-24T23:07:46-07:00,PermataMobile X,permata_x,app_store,1323973644
13073211409,Penghancur Puki,1,APLIKASI BOBROK,"ada aja masalahnya ngentot, server tolol, benerin dulu memeg",1.57.5,0,2025-08-28T22:43:41-07:00,PermataMobile X,permata_x,app_store,1323973644
13072989253,Astrildz,1,Data Pribadi Digunakan Sembarangan,Data saya digunakan utk penawaran pinjaman aneh2 yg sudah ditolak pun tetap dikontak terus. Siap2 kl pake aplikasi Permata utk dikontak tanpa henti.,1.57.5,0,2025-08-28T21:02:32-07:00,PermataMobile X,permata_x,app_store,1323973644
13070000193,45–,1,Bintang 0,"2 minggu lalu tidak bisa masuk aplikasi, skarang baru bisa buka sebentar udah gangguan lagi gak bisa masuk mana saldo udah kepotong buat transfer tapi ternyata belum sampai di rekening yg di transfer tapi udh kepotong setelah itu udh gak bisa masuk lagi ganguuan smpe sekarang",1.57.5,0,2025-08-28T03:42:49-07:00,PermataMobile X,permata_x,app_store,1323973644
13067300152,Aro169,1,Eror,"Kenapa si permata close sendiri ga bisa masuk, sinyal oke hp juga ga jelek akhir akhir ini sering keluar sendiri aneh",1.57.5,0,2025-08-27T09:52:08-07:00,PermataMobile X,permata_x,app_store,1323973644
13061204158,Sukrna,1,Tentang saldo yg dibtampilkan,"Tolong dong balikin kaya kemarin lagi untuk saldo yg di tahan untuk pembayaran kta tidak usah d tampilkan kaya kemarin jadi yg d tampilkan hanya real saldo nya saja tidak dengan saldo yang d tahan, jadi kadang mau tf suka lupa ga bisa tf taunya itu saldo yg tertahan d satukan dengan saldo real yg tidak tertahan",1.57.5,0,2025-08-25T20:08:31-07:00,PermataMobile X,permata_x,app_store,1323973644
13060841576,jahagtaqlqoqbwvdhoe,1,Tiap update gak ada kemajuan,"Jelek bgt app nya dih, selama pk mbanking cuma ini yg paling sering gabisa di buka",1.57.5,0,2025-08-25T17:39:13-07:00,PermataMobile X,permata_x,app_store,1323973644
13059064039,Ajeng976,1,Pelayanan call center lama,Bertele” habis pulsa 50k ngk ada hasil,1.57.5,0,2025-08-25T07:31:06-07:00,PermataMobile X,permata_x,app_store,1323973644
13005592826,dedy cristianto,3,Permata gangguan?,Permata sedang gangguan ya?di hp tidak bisa login keluar keluar terus,1.57.4,0,2025-08-11T22:30:30-07:00,PermataMobile X,permata_x,app_store,1323973644
13054308461,kijhgre,1,LEMOT & TIDAK BISA AKSES,Aplikasinya tidak bisa diakses dengan hari ini sudah 4 hari berturut turut aplikasinya tidak bisa digunakan. memperhambat segala aktivitas,1.57.5,0,2025-08-24T03:33:39-07:00,PermataMobile X,permata_x,app_store,1323973644
13053374054,nnhhe,1,App tidak bisa buka,"Ada pemberitahuan untuk upgrade app me permata, tetapi saat selesai upgrade tidak bisa dibuka dan stuck",1.57.5,0,2025-08-23T20:48:22-07:00,PermataMobile X,permata_x,app_store,1323973644
13050526252,dianalin98,2,Response code error,"Mau minta response code aja nunggunya sampe emosi, padahal pas dites internet dan sinyal operator koneksinya baik-baik aja. Tolong ditingkatkan lagi ya",1.57.5,0,2025-08-23T03:54:48-07:00,PermataMobile X,permata_x,app_store,1323973644
13049495622,pippin ratih,5,Easy to use,"Tampilan nya modern, banyak fitur di dalam app dan sangat gampang menggunakan nya",1.57.5,0,2025-08-22T20:33:23-07:00,PermataMobile X,permata_x,app_store,1323973644
13049488175,Fajeril Islami,5,Aplikasi PermataMe The Best,"Sangat mudah, kemanan tingkat tinggi dan sangat membantu setiap transaksi",1.57.5,0,2025-08-22T20:30:10-07:00,PermataMobile X,permata_x,app_store,1323973644
13048740985,ryastii,5,Mudah digunakan,"Mau bayar ini itu dr rekening sumber yg berbeda, cm perlu 1 aplikasi. No ribet, no panik. Mother lyfe 🥰",1.57.5,0,2025-08-22T15:23:27-07:00,PermataMobile X,permata_x,app_store,1323973644
13047635067,Sofyan1122wwjehh,1,Aplikasi lemot sering trouble,"Mohon di tindak aplikasi lemot sering trouble 
Masuk aplikasi sering gagal",1.57.5,0,2025-08-22T08:52:48-07:00,PermataMobile X,permata_x,app_store,1323973644
13045265958,Nihwan,2,Stuck di logo,Setelah update malah stuck di logo dan aplikasi keluar lagi.. totaly tidak bisa di pakai,1.57.5,0,2025-08-21T18:10:06-07:00,PermataMobile X,permata_x,app_store,1323973644
13038503281,Adiya fadilah,1,Gabisa login lemot,Permata parahhhhhh,1.57.4,0,2025-08-20T01:50:59-07:00,PermataMobile X,permata_x,app_store,1323973644
13036103264,Arif Yuli,1,Keluhan,"Ini komplain saya ke developer aplikasinya, Aplikasi tambah lemot dan masih adanya bug, seperti saya transfer tiba-tiba loading dan gagal, padahal sinyal bagus dan saya paket mbanking yg lain juga lanca lancar aja, mana sampe sekarang belum masuk uang yg saya kirim,  ⭐️ 0 kalo ada pilihan saya kasih bintang nol",1.57.4,0,2025-08-19T10:09:39-07:00,PermataMobile X,permata_x,app_store,1323973644
13034067737,Kentucyyy,4,Transfer tapi tidak sampai ke penerima,Udah transfer tapi belum masuk ke penerima gmna,1.57.4,0,2025-08-18T22:42:01-07:00,PermataMobile X,permata_x,app_store,1323973644
13029831847,Try_custom,1,aneh,"susah dibuka, tbtb mobile PIN gabisa? pdhl udh bener?",1.57.4,0,2025-08-17T21:14:06-07:00,PermataMobile X,permata_x,app_store,1323973644
13009235699,vika listiawati,5,Respon baik,"Suka bgt pakai m banking permata cepat mudah dimengerti dan bebas tarif, tidak ada potongan biaya apapun 🥰",1.57.4,0,2025-08-12T20:53:10-07:00,PermataMobile X,permata_x,app_store,1323973644
12993867641,Nianisisnis,3,Kogabisa update permata me yg baru ?,Kogabisa update permata me yg baru ?,1.57.4,0,2025-08-08T23:09:24-07:00,PermataMobile X,permata_x,app_store,1323973644
13002498222,handokoiwan,1,ribet,gak makin simple malah makin ribet,1.57.4,0,2025-08-11T04:27:47-07:00,PermataMobile X,permata_x,app_store,1323973644
12994400279,manahsm,2,pembaruan terus,gabisa qris 😭ngelag terus😭😭,1.57.4,0,2025-08-09T02:49:43-07:00,PermataMobile X,permata_x,app_store,1323973644
12994122164,Jaymode_#,1,Update terbaru yg buruk,"Update terbaru malah ngilangin riwayat nomor transaksi, padahal riwayat kaya gitu memudahkan banget supaya ngga nulis” lagi",1.57.4,0,2025-08-09T00:57:17-07:00,PermataMobile X,permata_x,app_store,1323973644
12985297498,ahdjqiw,3,tidak bisa transfer,mbanking saya tidak bisa transfer sama top up lagi ya kak kenapa ini,1.57.4,0,2025-08-06T19:20:47-07:00,PermataMobile X,permata_x,app_store,1323973644
12993828746,VINACILIA,1,capek banget.,"minta update tapi abis itu malah ada bugs, ditelfon CS gak ada kendala, semua2nya di permata ini gk ada yg oke, kalau bukan karena payroll gk akan pernah pakai",1.57.4,0,2025-08-08T22:52:13-07:00,PermataMobile X,permata_x,app_store,1323973644
12916950906,Survivalgamingggg,3,Stuck,"Stuck di depan dan tidak bisa masuk sama sekali, tidak ada pemberitahuan, padahal kondisi lagi genting. sudah 2 hari seperti ini",1.57.1,0,2025-07-20T20:44:10-07:00,PermataMobile X,permata_x,app_store,1323973644
12984921141,rich_cakra,5,good,good,1.57.4,0,2025-08-06T16:55:51-07:00,PermataMobile X,permata_x,app_store,1323973644
12973852042,Meymey:3:3kawaii,2,Tidak bisa scroll daftar favorit,"Ribet banget mesti masukin lagi nomor rekening yang udah kesimpen karena gak bisa di scroll. Yaa literally gak bisa di cari bagian bawah, hanya yg terlihat di menu aja bisa di scroll. Kenapa yah. Padahal udah update loh",1.57.4,0,2025-08-04T00:14:28-07:00,PermataMobile X,permata_x,app_store,1323973644
12971344257,dwi asiha resKi,1,saldo mengendap 100rb malah jd 1jt tdk bisa di ambil,bingung sama permata dulu di bikinin sama sales permata karna butuh qris merchantnya buay jualan saldo mengendap hanya 100rb tapi sekarang tgl 3 agustus 2025 saldo mengendap 1jt itu kenapa ya tolong saya hanya pedagang jualan ya allah,1.57.4,0,2025-08-03T08:20:05-07:00,PermataMobile X,permata_x,app_store,1323973644
12962547710,Vlad_198411,1,Not working abroad,"Internet banking is not working abroad, always writing there is technical problem",1.57.3,0,2025-08-01T04:07:20-07:00,PermataMobile X,permata_x,app_store,1323973644
12961425901,Joshtjen88,1,REGISTRASI,Sudah cek e-ktp sampe recheck ulang ke Dinas Kependudukan tetap gak bisa login karna nama gadis ibu. Parah aplikasinya. Buka rekening dari bank lain cepat dan tepat,1.57.3,0,2025-07-31T20:48:10-07:00,PermataMobile X,permata_x,app_store,1323973644
12960874961,cuss permata tersayang,5,bank termantap salama saya pakai,di tunggu versii lebih terbaik ini bankk dan aplkasi yang lebih mewahh dtunggu deh pokony permata 2.0 mantapppo,1.57.3,0,2025-07-31T17:18:17-07:00,PermataMobile X,permata_x,app_store,1323973644
12958968268,Yoga12334,1,Sering eror,Aplikasi sering eror apalagi waktu malam maintenen mulu,1.57.3,0,2025-07-31T06:57:44-07:00,PermataMobile X,permata_x,app_store,1323973644
12958935313,qhwbahetyeba-1,1,ga bisa login,"uuyyy ga bisa login nih, lagi mendesak",1.57.3,0,2025-07-31T06:48:46-07:00,PermataMobile X,permata_x,app_store,1323973644
12958860571,Gadwtsbdntien,1,Error,Keseringan errornya,1.57.3,0,2025-07-31T06:28:36-07:00,PermataMobile X,permata_x,app_store,1323973644
12948640301,ravienc010101,1,Credit card has been blocked but the billing cost is charged,The worst experience I have ever had when I have received billing charged every month without information before.,1.57.3,0,2025-07-28T18:09:38-07:00,PermataMobile X,permata_x,app_store,1323973644
12942957005,Bengekbanget,1,Aplikasi jelek,Bikin account untuk credit card saya gagal terus verifikasi wajah. Masak saya disuruh ke Dukcapil? Untuk apa? Saya download karena disuruh CS pakai Permata ME untuk tahu posisi transaksi saya. Kenapa gak pakai nomor KTP saja? Geblek.,1.57.3,0,2025-07-27T08:12:18-07:00,PermataMobile X,permata_x,app_store,1323973644
12942556561,Gengtaros,1,aneh banget suruh matiin motion,"aplikasi lain aman aman aja, kok apps ini nyuruh matiin motion, aneh banget.",1.57.3,0,2025-07-27T06:16:25-07:00,PermataMobile X,permata_x,app_store,1323973644
12933615298,Guntor207,1,Gangguan,Tiap tanggal2 gajian pasti ada aja gangguannya,1.57.2,0,2025-07-24T23:39:22-07:00,PermataMobile X,permata_x,app_store,1323973644
12932031194,Bahhhsik,1,Ganguan terus tiap malam pemeliharaan bikin susah,Makin lama makin gajelas,1.57.2,0,2025-07-24T13:02:41-07:00,PermataMobile X,permata_x,app_store,1323973644
12931874229,Fahmiadd,1,Stuck di ios versi 1.57.2,"sebelum update ke versi 1.7.2 aman2 aja pake versi 1.56.1 kebawah. Udah 2 hari begini, entahlah, udah lapor cs lusa, estimasi hari ini dapet kabar. Semoga cepat solve masalah ini.",1.57.2,0,2025-07-24T12:08:04-07:00,PermataMobile X,permata_x,app_store,1323973644
12910380584,Kai saja,2,Tidak bisa login setiap ada update versi apps,"Kenapa setiap ada update, user tidak bisa melakukan login dan harus update apps terlebih dahulu baru bisa masuk?
Dan tanpa notif ataupun pemberitahuan, 
At least kasih notif jika user harus melakukan update tiap release versi baru.",1.57.1,0,2025-07-19T05:15:50-07:00,PermataMobile X,permata_x,app_store,1323973644
12914163534,Letnan Paok,1,Buka Rekening,Pembukaan Rekening Gagal ketika mengisi Nama Ibu Kandung. Padahal Sesuai. Telp Call Center dan Email belum ada tanggapan,1.57.1,0,2025-07-20T04:36:27-07:00,PermataMobile X,permata_x,app_store,1323973644
12913835812,lllthio,1,Bingung,"Setelah update yang baru jadi bingung lihat saldo rekening, terkesan banyak tapi bisa buat kita terjebak kurang bayar cicilan dan rating bi checking bisa jelek nih.",1.57.1,0,2025-07-20T02:31:36-07:00,PermataMobile X,permata_x,app_store,1323973644
12873783599,I Nyoman Sucita,3,Gagal transaksi,Kenapa saat atmnya terblokir akibat salah pin mbankingnya tidak bisa dipakai transaksi? Seperti transfer ini sangat menyulitkan nasabah mohon pencerahannya,1.56.1,0,2025-07-09T21:20:05-07:00,PermataMobile X,permata_x,app_store,1323973644
12901779126,Tinbka,1,Can't open from abroad,"The app is crashed on the blue start screen (before any buttons) drive I'm back to Russia. VPN doesn't help. No error messages, it just crashes. My internet connection is 100mbps.",1.56.1,0,2025-07-17T01:55:29-07:00,PermataMobile X,permata_x,app_store,1323973644
12898268607,juntakjojo,1,PINJOL,"Jangan lah pinjam Personal loan d sni, masuk bi cheking sbg PINJOL. Kibus nya permata. Myesal saya ga bs pinjam KSM tmpt lain",1.56.1,0,2025-07-16T05:06:05-07:00,PermataMobile X,permata_x,app_store,1323973644
12889715460,Winniiiiiie,1,Gk bisa buka,Udh coba berkali2 sampe delete app terus donload lagi tp gk bisa di buka2 dgn alasan kendala teknis…tlp ke permta ktnya gk ad kendala tp udh 1 bln coba buka gk bisa2,1.56.1,0,2025-07-14T00:57:05-07:00,PermataMobile X,permata_x,app_store,1323973644
12877107321,FARIS2207,4,riset pw,OTP nya ga kekirim kirim,1.56.1,0,2025-07-10T17:06:01-07:00,PermataMobile X,permata_x,app_store,1323973644
12818997442,Bingung2,3,Transferan,"Transferan ga berhasil, tapi saldo saya sudah berkurang . Ini kenapa ? Masa saldonya angus ?",1.56.1,0,2025-06-26T04:07:00-07:00,PermataMobile X,permata_x,app_store,1323973644
12854990840,Erwin_Owl,2,Need to Better,"Permata, ayolah… suka bener ga bisa login, terutama kalau di luar hari dan jam kantor… contoh sekarang nih, Sabtu jam 18.16… Orang bertransaksi kan bisa sewaktu-waktu… kalau sewaktu-waktu ngadat ya gimana coba 🫠… Lalu interface-mu itu loh… ga bersahabat banget… modern yes, tapi ga intuitif… Daku udah jadi nasabahmu itu udah dr tahun 2016 loh… dan setelah compare dengan bank lainnya, kenapa memang engkau yg paling sulit dimengerti, Permata… 😩",1.56.1,0,2025-07-05T04:19:34-07:00,PermataMobile X,permata_x,app_store,1323973644
12853254706,Boinkboing,1,Biometric,Kenapa harus sok2an ambil foto sendiri buat biometric?,1.56.1,0,2025-07-04T16:22:28-07:00,PermataMobile X,permata_x,app_store,1323973644
12850719419,Yule28,2,Susah bgt,"Mau log in dll susah refresh2 trs , upgrade donk donk spy mudah 🙏😫😫",1.56.1,0,2025-07-04T02:06:04-07:00,PermataMobile X,permata_x,app_store,1323973644
12847180104,oftaaa,1,mempersulit transaksi,minim atm permata dibdg timur mau bikin mbangking harus ganti pin dlu,1.56.1,0,2025-07-03T04:52:29-07:00,PermataMobile X,permata_x,app_store,1323973644
12841904166,Сергей Влас,4,QR camera don’t work,Do something,1.56.1,0,2025-07-01T21:09:50-07:00,PermataMobile X,permata_x,app_store,1323973644
12737476665,Arelsasha2010,3,Crashes,Update terakhir malah jadi sering crash.. tolong perbaiki dong. Ini menyusahkan sekali,1.56.1,0,2025-06-04T21:58:11-07:00,PermataMobile X,permata_x,app_store,1323973644
12814452115,Rdn E,1,Bintang 0 kalo bisa,PELAYANAN CUSTOME CARE NYA SANGAT AMAT TIDAK MEMBANTU! Diawal padahal udah mau dibantu dengan mengirimkan email ke email terdaftar tapi terputus. Terus telp 2x ke agent lain gak bisa dibantu dengan dalih verifkasi tidak cukup. Hadeu,1.56.1,0,2025-06-24T23:52:34-07:00,PermataMobile X,permata_x,app_store,1323973644
12791980314,valerie adelaide,5,ok aja,bisa digunakan,1.56.1,0,2025-06-19T02:38:58-07:00,PermataMobile X,permata_x,app_store,1323973644
12779222634,[NLSN]meliodas,1,Aplikasi eror mulu,"bank paling gak niat aplikasinya aja tolol, dikit dikit kendala teknis",1.56.1,0,2025-06-15T17:19:00-07:00,PermataMobile X,permata_x,app_store,1323973644
12768596959,Agus dinata,1,gaje,"bank gajelas cape ngurus lupa password mulu , udah 2 kali kejadian gini padahal password udah bener hadeh cape ngurus ini trs buang2 waktu",1.56.1,0,2025-06-13T00:51:10-07:00,PermataMobile X,permata_x,app_store,1323973644
12768071899,micyt13,1,Lot of Spam Calls,"I frequently receive spam calls from individuals claiming to be from PERMATA, offering loans or credit products. Told them I’m not interested, but the calls have become more frequent. This suggests either a data breach involving personal information or overly aggressive telemarketing practices.",1.56.1,0,2025-06-12T20:40:52-07:00,PermataMobile X,permata_x,app_store,1323973644
12762002160,antirezzz,1,Aplikasi stress,"Ribanya gede banget , jgn pernah instal , kurang seribu perak , kena denda 150rbu gilaaaaa",1.56.1,0,2025-06-11T06:45:04-07:00,PermataMobile X,permata_x,app_store,1323973644
12761176403,junjadi,1,Tentang bank ini,"Sumpah, bayar admin 20.000, mo dipake apa kaga ni bank kudu bayar admin 20.000, kepotong semua duit gua disini, mending kalo bisa cairin ampe 20 juta 30juta sehari mahh, inima kaga, sama aja boong, untung aja PT Astra Internasional TBK udah ga langganan lagi sama bank ini, bentar lagi gapake aplikasi ini lagi mampus lu situ siapa yang mau jadi nasabahlu lagi coba hahahah",1.56.1,0,2025-06-11T01:51:11-07:00,PermataMobile X,permata_x,app_store,1323973644
12760311023,Lsjhdjahsjahsvdbhs,1,Nyusahin,Registrasi masukin kode respon udah bener tp ni aplikasi detectnya salah terus. Harus nunggu 24 jam untuk nyoba lagi. Aplikasi ngga mutu! Klo ngga terpaksa pake permata ngga bakal pake,1.56.1,0,2025-06-10T19:17:28-07:00,PermataMobile X,permata_x,app_store,1323973644
12640236937,ZoneZoro32,3,Tidak bisa di update,"Internet lancar, update app lain bisa tapi Permata Me aja yg ga bisa",1.56.1,0,2025-05-10T04:44:16-07:00,PermataMobile X,permata_x,app_store,1323973644
12734380656,haus darah,1,ngga bisa login,boncos duit gw ilang di nih aplikasi ngga bisa login kode otp ngga keluar keluar parah mana lumayan nominalnya,1.56.1,0,2025-06-04T03:23:26-07:00,PermataMobile X,permata_x,app_store,1323973644
12729827240,tailkaulol,4,TAMBAHKAN,"1. Bayar bpjs di PME
2. Isi ulang e_Toll",1.56.1,0,2025-06-02T21:38:26-07:00,PermataMobile X,permata_x,app_store,1323973644
12723552371,GalangPandya,1,Isi E-Toll Failed,isi etoll Flazz 20k + 2.5k Gagal tapi saldo tepotong telp cs tidak ada jawaban,1.56.1,0,2025-06-01T06:59:54-07:00,PermataMobile X,permata_x,app_store,1323973644
12720825531,indotol,1,Kocak,Gilaran urgent eror mulu sialan,1.56.1,0,2025-05-31T13:32:32-07:00,PermataMobile X,permata_x,app_store,1323973644
12704000769,Permata Ga mutu,1,Aplikasi gajelas,"Ketika proses pembayaran QR gagal, dipersusah untuk dana kita kembali… jangan pakai aplikasi ini lagi.. merugikan nasabah lainnya…",1.56.1,0,2025-05-27T06:16:36-07:00,PermataMobile X,permata_x,app_store,1323973644
12702803777,Fullk420,2,Fix it!!,"tolong di benerin lemot banget, kirim otp aja lama, padahal ui nya udah bagus ayo dong masa sekelas permata ga bisa mainternance app nya",1.56.1,0,2025-05-26T21:59:28-07:00,PermataMobile X,permata_x,app_store,1323973644
12700709960,Oktavianus rullialeksander,1,App error,Ini kenapa ga bisa melakukan tf atau top up ya? Gangguan mulu,1.56.1,0,2025-05-26T08:41:14-07:00,PermataMobile X,permata_x,app_store,1323973644
12687703474,DVT Sby,1,Charge sms,"Menggunakan permata me dari bulan februari, tidak permah mendaftar sms notif sama sekali dan hari ini dikenakan biaya sms notif. Bukan jumlahnya tapi kenapa tiba tiba dikenakan biaya padahal tidak mendaftar dan minta waive tidak bisa. Alasan sebelum di kenakan charge harusnya diberhentikan, orang gak daftar tiba tiba kenak charge bagaimana kita tau. Alasan yang aneh.",1.56.1,0,2025-05-23T01:44:14-07:00,PermataMobile X,permata_x,app_store,1323973644
12670766002,Sangkemu,1,Parah,Tidak bisa bayar tiket kai jadi ribet,1.56.1,0,2025-05-18T10:32:14-07:00,PermataMobile X,permata_x,app_store,1323973644
12670001204,XERODELLUX,1,LAYANAN BUSUK,"Sekarang banyak banget gangguannya,, rencana pindah dari bank ini yang banyak gangguannnya",1.56.1,0,2025-05-18T06:39:29-07:00,PermataMobile X,permata_x,app_store,1323973644
12658101071,bangcesar,1,Tagihan,"Entah gatau kenapa kok saldoku di rekening RDN tiba tiba terpotong, dengan keterangan kreditur pertama me",1.56.1,0,2025-05-15T02:35:29-07:00,PermataMobile X,permata_x,app_store,1323973644
12658026960,MikaRigasvil,1,The update does not work,"why demand to install an update if it does not work??? I read the same reviews and an amazing answer. The question arises, how do you do your job when you have to call somewhere to find out something? Lately there have been constant problems with entering the application, apparently it's time to change the",1.56.1,0,2025-05-15T02:01:28-07:00,PermataMobile X,permata_x,app_store,1323973644
12657316208,gedebzbdjdjd,1,cdp,setiap ada kepentingan selalu gabisa dibuka,1.56.1,0,2025-05-14T20:14:46-07:00,PermataMobile X,permata_x,app_store,1323973644
12657300478,Fauzan911,1,Susah di buka,Aplikasi sering tidak bisa di buka,1.56.1,0,2025-05-14T20:07:31-07:00,PermataMobile X,permata_x,app_store,1323973644
12655949381,awan202002020,1,Permata poin,Bikin promo permata poin tapi poin tidak dapat. Kecewa,1.56.1,0,2025-05-14T10:52:46-07:00,PermataMobile X,permata_x,app_store,1323973644
12644121878,Moh alfa ferdiansyah,2,Slow respon,Saya lupa kata sandi permata me ketika ingin mengganti harus ada kode response tetapi ketika kita meminta kode respone tidak ada sms pemberitahuan kode respone nya sudah membuat laporan via email tapi tidak ada respon sama sekali 👎🏻,1.56.1,0,2025-05-11T05:00:25-07:00,PermataMobile X,permata_x,app_store,1323973644
12629584455,Bncuricn,3,So slow always,Why the app still asks for pin after it just verified through face recognition? It doesn’t make sense. Any bank app or payment anywhere takes 1 second. But this app needs like 20 seconds and so many steps to make a simple qris payment.  If you use face recognition then there is no need for pin again same as the login!!,1.56.1,0,2025-05-07T06:28:44-07:00,PermataMobile X,permata_x,app_store,1323973644
12622121582,jaredoni,3,Tidak bisa update aplikasi,Kenapa tidak bisa diupdate aplikasinya,1.56.1,0,2025-05-05T05:26:56-07:00,PermataMobile X,permata_x,app_store,1323973644
12627584582,RanggaSyaputra,1,Update lama,Lma banget update nyaa,1.56.1,0,2025-05-06T16:06:15-07:00,PermataMobile X,permata_x,app_store,1323973644
12626228628,gasndhdisyyy,1,Sering error,plis deh aplikasinya ditingkatkan lagi. suka error dan update gak jalan,1.56.1,0,2025-05-06T07:52:09-07:00,PermataMobile X,permata_x,app_store,1323973644
12625373184,Yohooizz,1,Update update mulu tiap gajian masi aja eror lwk,Update update mulu tiap gajian masi aja eror lwk,1.56.1,0,2025-05-06T02:58:22-07:00,PermataMobile X,permata_x,app_store,1323973644
12624958754,Anonim Broh,1,Buruk,Terlalu sering MT,1.56.1,0,2025-05-05T23:38:42-07:00,PermataMobile X,permata_x,app_store,1323973644
12624398342,bennipam,2,Haduh,"Desain emang bagus, tapi secara fungsi Sering eror harus ada mbangkin lain atau e wallet lain buat jaga jaga kalo eror 😅, sekalinya ada pembaharuan harus banget download, ga bisa skip dulu, gimana kalo posisi lagi ngantri payment.",1.56.1,0,2025-05-05T19:10:33-07:00,PermataMobile X,permata_x,app_store,1323973644
12622606910,callia18,1,gak bisa di update,"buruk sekali. lagi penting mau transaksi, disuruh update tapi tombol update di klik, gak bisa. kacau, parah",1.56.1,0,2025-05-05T07:57:32-07:00,PermataMobile X,permata_x,app_store,1323973644
12622575352,kosassiii,1,Duit ilang kembali kaga,"Apa apaaan tf duit gagal duit ny kga di balikin tahi resi ny kga masuk duit ny kurang , TAHI aplikasi kaga jelass",1.56.1,0,2025-05-05T07:47:51-07:00,PermataMobile X,permata_x,app_store,1323973644
12622492009,Varamotto,1,Ini updatean tgl 5 kok ga bs di donlot2 ya   Udah pake wifi juga ga kelar2 30 menit,Ini updatean tgl 5 kok ga bs di donlot2 ya   Udah pake wifi juga ga kelar2 30 menit,1.56.1,0,2025-05-05T07:22:38-07:00,PermataMobile X,permata_x,app_store,1323973644
12621782417,Alexmusbar,3,Tidak bisa update,Koq saya update di iphone13 tidak ada progressnya ya ? Dari pagi saya coba masih blm berhasil.,1.56.1,0,2025-05-05T03:25:37-07:00,PermataMobile X,permata_x,app_store,1323973644
12621981712,Nasabanh dikecewakan,1,Noob,Brengsek lagi crodit malah g bisa aplikasi konyol,1.56.1,0,2025-05-05T04:40:01-07:00,PermataMobile X,permata_x,app_store,1323973644
12621753022,Haiiiiiayaaa,3,H,Kok bisa mau ke upgrade apk nya tapi udh hampir sejam ngga jalan2,1.56.1,0,2025-05-05T03:13:41-07:00,PermataMobile X,permata_x,app_store,1323973644
12620818966,Sam Oke,3,Tdk bs download pembaharuan,"Entah kenapa ini kok ndak bs download pembaharuan,tlg cek ya team IT Permata",1.56.1,0,2025-05-04T20:08:08-07:00,PermataMobile X,permata_x,app_store,1323973644
12620987740,Gleb Feklistov,5,Three years using,Best mobile banking application,1.56.1,0,2025-05-04T21:24:22-07:00,PermataMobile X,permata_x,app_store,1323973644
12620917319,siti indah rahayu,5,keren,mantapp fitu ya gratisss puol,1.56.1,0,2025-05-04T20:51:44-07:00,PermataMobile X,permata_x,app_store,1323973644
12595538525,Sigakasahawae,3,.,No rekening benar tapi pas daftar user salah melulu!,1.55.6,0,2025-04-28T05:37:10-07:00,PermataMobile X,permata_x,app_store,1323973644
12620100534,tatatatatamiiiii,1,Aplikasi lemot,Menguji kesabaran sekali,1.56.1,0,2025-05-04T15:07:47-07:00,PermataMobile X,permata_x,app_store,1323973644
12614631024,Heru Wijonarko,1,Updata permata mobile,Updata permata  ME dari pagi sampai saat ini msh buffering…mau transaksi tidak bisa,1.56.1,0,2025-05-03T06:38:00-07:00,PermataMobile X,permata_x,app_store,1323973644
12611067805,Kodok ngaca,4,Fitur pengkinian data,Kalo bisa kedepan nya ada menu atau fitur pengkinian data secara mandiri dari aplikasi Permata ME dan update UI yg lbh fresh,1.56.1,0,2025-05-02T08:02:43-07:00,PermataMobile X,permata_x,app_store,1323973644
12599696128,IT bule,1,Constant technical difficulties,I’ve been using permatabank app for 3 years. How is it possible that every week there are technical difficulties for hours and the app gives error and is unusable. Today for example the app has been down at least for 6 hours. This is not normal for a banking app. How can other bank’s apps work consistently without issues and permatabank has not been able to sort out their uptime for years.,1.55.6,0,2025-04-29T08:37:33-07:00,PermataMobile X,permata_x,app_store,1323973644
12589410670,SatisfiedX,3,Notif login,"Tolong untuk hilangkan notif login, sangat menggangu sekali setiap login saja ada notif email. Spam saja",1.55.6,0,2025-04-26T12:43:35-07:00,PermataMobile X,permata_x,app_store,1323973644
12591725996,Ferry155,1,Kenapa ga bisa swipe untuk kembali,Udah tau aplikasi iOS tapi ga back dengan swipe.,1.55.6,0,2025-04-27T04:55:44-07:00,PermataMobile X,permata_x,app_store,1323973644
12469832712,Isacc01,3,Kritik,"Sering gangguan di akhir bulan, tolong maintenencenya untuk perbaikan rating. Terima kasih",1.55.6,0,2025-03-27T02:12:19-07:00,PermataMobile X,permata_x,app_store,1323973644
12568932840,Meyem25,5,Pinjaman,Cepat direspon,1.55.6,0,2025-04-21T04:48:15-07:00,PermataMobile X,permata_x,app_store,1323973644
12542037222,yunisahara,1,aplikasi ga bisa dibuka padahal saya butuh transaksi,aplikasi jelek,1.55.6,0,2025-04-14T05:05:47-07:00,PermataMobile X,permata_x,app_store,1323973644
12510515925,Loi17,1,THE APP DOESN’T WORK,Why is the app not working again?????,1.55.6,0,2025-04-06T05:06:00-07:00,PermataMobile X,permata_x,app_store,1323973644
12470488301,pemujawanita,1,"Aplikasi error dari kemaren, kocakkk kocakk","Aplikasi berat, sering error, katanya maintenance selang sehari masih aja error, mau transfer lambatnya bukan maen, disabarin masih aja nggak bisa malah force Close, kocakkkkk",1.55.6,0,2025-03-27T06:03:46-07:00,PermataMobile X,permata_x,app_store,1323973644
12470108033,Yoseptj,1,belakangan gak bisa dibuka,belakangan ini susah banget mau login apps nya,1.55.6,0,2025-03-27T04:02:30-07:00,PermataMobile X,permata_x,app_store,1323973644
12469892937,icibos,1,Apk Gajelas,"mbanking ga jelas gangguan muluu, males pake permata lagi",1.55.6,0,2025-03-27T02:38:21-07:00,PermataMobile X,permata_x,app_store,1323973644
12469672769,Km Swansea,3,Low server,The loading was very slow,1.55.6,0,2025-03-27T00:59:45-07:00,PermataMobile X,permata_x,app_store,1323973644
12469823127,Fffffina94,1,Ampun ampunan,Ampun ampunnn setelah di update bukannya makin bner malah error terus… klo blm siap aplikasinya ga usah di terbitin dlu lah nyusahin orang … mau transaksi jadi susah,1.55.6,0,2025-03-27T02:08:08-07:00,PermataMobile X,permata_x,app_store,1323973644
12462675070,s…a n…….s,3,kecewa,"cape banget sama aplikasi ini, dikit dikit gangguan, tiap hari ada aja gangguan nya, ga bisa di buka lah, ga bisa transaksi lah, di suruh hubungin (0003), ini gimana sih jadi ga bisa di andelin, apalagi kalo mau bayar pakai qris jadi malu kan kalo ga jadi beli gara gara aplikasi nya ga bisa di buka",1.55.6,0,2025-03-25T06:08:36-07:00,PermataMobile X,permata_x,app_store,1323973644
12469492317,Moontoddddd12,2,Lemot bgt,Mohon di perbaiki bug nya jaringan lancar buka mbanking lemot,1.55.6,0,2025-03-26T23:35:44-07:00,PermataMobile X,permata_x,app_store,1323973644
12469407263,Permata no banget,1,lelet,lelet bgt,1.55.6,0,2025-03-26T22:55:40-07:00,PermataMobile X,permata_x,app_store,1323973644
12469333490,CDHardo,2,So slow,"So slow. Suka bikin malu saat antrian di kasir.
Please improve immediately",1.55.6,0,2025-03-26T22:20:48-07:00,PermataMobile X,permata_x,app_store,1323973644
12469184799,Shtyaz,1,Aplikasi paling buruk,"Untuk level bank sebesar kalian, kalian aplikasikasi terburuk, setiap tgl payroll error, gak kepake!",1.55.6,0,2025-03-26T21:13:36-07:00,PermataMobile X,permata_x,app_store,1323973644
12468683176,iwksoqoa,1,lemot,gabisa di akses sering loading terus tiba2 force close. aneh semenjak ganti logo,1.55.6,0,2025-03-26T18:00:04-07:00,PermataMobile X,permata_x,app_store,1323973644
12465382450,jefi11111,1,jelek,gangguan mulu ga guna,1.55.6,0,2025-03-25T22:01:05-07:00,PermataMobile X,permata_x,app_store,1323973644
12464951016,aaisjd,1,Permata mobile,Jelek banget !!! Lemot dan sering gangguan !!!!!,1.55.6,0,2025-03-25T18:52:59-07:00,PermataMobile X,permata_x,app_store,1323973644
12463989630,Adriand almeilud,1,So bad,ikutan tf dari paypal ke dana lewat bank ini kena fee 16rb tapi di tolak terus yang kembali malah fee nya sisa nya ludes gatau kemana,1.55.6,0,2025-03-25T12:58:39-07:00,PermataMobile X,permata_x,app_store,1323973644
12399399651,jp.dewanto,4,Compatible,"kok appnya ga compatible dengan iphone xs ya? tiap mau login yang muncul cuman loading screen dan gelap, sedangkan di iphone 12 bisa, ios udah sama",1.55.6,0,2025-03-08T22:29:17-07:00,PermataMobile X,permata_x,app_store,1323973644
12461570963,ivan primadana,1,Lambat,"Sering gangguan meskipun jaringan bagus, buka mobile banking yg lain lancar"" aja",1.55.6,0,2025-03-24T22:42:58-07:00,PermataMobile X,permata_x,app_store,1323973644
12461502888,ModWib,1,Parah,"Sejak ganti logo, permata mobile x menjadi parah, sering eror, terutama weekend. Kenapa siy??? Padahal saya pusatkan dana harian di permata karena mobile x nya sangan user friendly. Sekarang jadi jelek gini tolong donk! Protes ke cabang juga mereka ngeluh yang sama",1.55.6,0,2025-03-24T22:09:26-07:00,PermataMobile X,permata_x,app_store,1323973644
12461339548,dmriz,1,PROBLEMATIK,"App goblok, tiap payday selalu error dan harus nunggu maintenance mereka kelar",1.55.6,0,2025-03-24T20:52:40-07:00,PermataMobile X,permata_x,app_store,1323973644
12461226126,Yuyunpea,2,Error,"Error mulu nih apk tiap mau dipake, heran bgt gapernah diperbaiki apa ya",1.55.6,0,2025-03-24T20:03:55-07:00,PermataMobile X,permata_x,app_store,1323973644
12461126744,Ganesh Notowidigdo,1,Worse experience,"Saya tiba2 tdk bs login, kata CS permatatel (Lia) akun saya terhubung ke kartu yg expired, lho kok bs? Kartu saya expired masih di 2026!!!",1.55.6,0,2025-03-24T19:23:56-07:00,PermataMobile X,permata_x,app_store,1323973644
12460938990,PrivateNoobster,1,"Selalu crash, berat di loading data","di iphone 15 suka crash tiba2 pas di menu kartu kredit, dan juga menunya lama ke load, performa lemot",1.55.6,0,2025-03-24T18:12:57-07:00,PermataMobile X,permata_x,app_store,1323973644
12449368253,Poenq,1,Source of Fund Error,"Setelah update sekarang untuk pembayaran seperti shopee dan tokopedia harus memasukkan ""Source of Fund"" dulu. Tapi setiap diklik tidak ada pilihan yang bisa dipilih, transaksi tidak dapat dilakukan. Sebelum update tidak ada masalah",1.55.6,0,2025-03-21T23:31:00-07:00,PermataMobile X,permata_x,app_store,1323973644
12438885093,Unxxxxx,1,So bad!!,"I'm so disapointed, every month especially end of month = PAYDAY
always have maintance, can't access when you have to hurry.

The atm is soooo hard to find!!

My mobile banking suddenly can't use bc out of nowhere i have to add a password for  card, which I don't have it!!",1.55.6,0,2025-03-19T06:52:22-07:00,PermataMobile X,permata_x,app_store,1323973644
12438195609,Kerrss,1,Notice,"Bermasalah terus aplikasi ini, saya yang domisili luar negeri harus telpon ke CS tapi tetap tidak ada solusi.",1.55.6,0,2025-03-19T02:54:29-07:00,PermataMobile X,permata_x,app_store,1323973644
12434051079,404!,1,hard complaint buat fitur sms otp!,"1. tidak bisa transaksi karena sms otp sering tidak masuk 

2. saya baca review, bisa menggunakan pin setelah kartu aktif, ketika aktivasi kartu dan buat pin, validasinya tetap menggunakan sms otp. sedangkan sms otp tidak masuk

3. flow buat pin aneh. login app -> dipaksa buat pin -> input pin -> diminta verifikasi otp, sedangkan sms otp tidak masuk. jadinya tidak bisa melakukan apapun!! coba close app, buka app sama saja, flow buat pin blocking akses jadi tidak bisa melakukan apapun

saran:
1. validasi sms otp nya ganti saja dengan password, lebih mudah, cepat, juga secure. jika ada consider dengan security password terapkan tingkat kesulitan kombinasi password 

2. validasi sms otp bisa ganti dengan menggunakan verifikasi wajah seperti ketika ingin melihat detail kartu

3. kalau memang harus otp coba opsi kirim otp ke whatsapp/email dan kurangin count down untuk kirim ulang menjadi <1 menit atau ganti saja vendor pengirim sms otp nya!!",1.55.6,0,2025-03-17T23:49:55-07:00,PermataMobile X,permata_x,app_store,1323973644
12429824129,bkn lintah darat,1,Lintah darat,"jangan pernah mau ajuin pinjaman KTA disini kalo dapet tawaran pinjaman nya, bunga sm denda nya ngelebihin pinjol hati2 gaes, ngerii",1.55.6,0,2025-03-16T20:01:20-07:00,PermataMobile X,permata_x,app_store,1323973644
12415891244,yvyletkov,1,crash!,crashes on start on iphone 12!,1.55.6,0,2025-03-13T08:30:01-07:00,PermataMobile X,permata_x,app_store,1323973644
12411659766,saya marah :(,1,gabisa buka mbaking,udah masukin data yang bener dan pin yang sesuai tapi tetep gabisa lanjut login akun,1.55.6,0,2025-03-12T05:56:12-07:00,PermataMobile X,permata_x,app_store,1323973644
12406976732,ciptaw,1,Gagal Login,"3 hari terakhir bolak balik pssword untuk login salah. Ini dari tadi malam gak bisa login, sudah berkali kali telpon call center dan registrasi ulang tapi belum bisa login. Ada apa yah?",1.55.6,0,2025-03-10T22:56:40-07:00,PermataMobile X,permata_x,app_store,1323973644
12405369037,ferlloche,1,tidak ada,pinjaman kok selalu d tolak ya padahal sering bgt transaksi pakai permata dan tidak ada paylater atau pinjaman mana pun,1.55.6,0,2025-03-10T12:01:31-07:00,PermataMobile X,permata_x,app_store,1323973644
12399320960,Tita widia,1,Permata,Jelek bgt dikit2 gangguang apa sih mempersulit bayar 😢,1.55.6,0,2025-03-08T21:54:56-07:00,PermataMobile X,permata_x,app_store,1323973644
12390176543,ami mukhtar,1,Update melulu,"Ini aplikasi kenapa dah, rajin banget minta update. Sekali dua kali mah ga apa2. Kalau keseringan jadi males pakainya",1.55.6,0,2025-03-06T14:56:24-07:00,PermataMobile X,permata_x,app_store,1323973644
12386697625,Gussmiftah,1,Permata tell,Kaga jelas katanya nanti nanti ditunggu kaga jadi jadi ampe besoknya,1.55.6,0,2025-03-05T17:02:26-07:00,PermataMobile X,permata_x,app_store,1323973644
12383851753,Juansah Adam,1,Mengecewakan,"Sering banget aplikasi ini gak bisa dibuka dikarenakan sedang pembaharuan!!! Tolong dong! Capek begini terus. Ketika lagi urgent, selalu gak bisa dipakai ini Aplikasi. Sialan",1.55.6,0,2025-03-05T00:06:32-07:00,PermataMobile X,permata_x,app_store,1323973644
12383813054,Dmitrii_ggg,1,The worst of bad,"It’s the worst bank app was ever made. It may just don’t work during the day. Normally, I get errors 5-10times per day. And the new version of the app works extremely slow. I would recommend to fire the entire IT department. Cuz it’s a shame.",1.55.6,0,2025-03-04T23:48:16-07:00,PermataMobile X,permata_x,app_store,1323973644
12383809499,nik02n,1,Technical Issue (review *5 pasti karyawan sendiri),Terlalu sering technical issue ketika login. Dan SMS OTP.. ini sudah taun berapa kak,1.55.6,0,2025-03-04T23:46:38-07:00,PermataMobile X,permata_x,app_store,1323973644
12372340516,yeremiakevin08,3,error,belakangan di iphone aplikasinya suka error gabisa di buka / melakukan transaksi. mohon di bantu fix kan dong,1.55.6,0,2025-03-01T23:59:27-07:00,PermataMobile X,permata_x,app_store,1323973644
12383172435,v.k_amg,2,works very slowly,"works very slowly, I hope this will be fixed in the next updates.",1.55.6,0,2025-03-04T18:49:07-07:00,PermataMobile X,permata_x,app_store,1323973644
12381727770,newark49,1,White screen,"Setelah sukses login, layar putih kosong",1.55.6,0,2025-03-04T09:40:44-07:00,PermataMobile X,permata_x,app_store,1323973644
12381569345,Bobotoh1933,5,Saldo tidak masuk,"Saya isi dari ovo ke permata bank,via qris tapi tidak masuk-masuk sampai sekarang apakah saldo masih bisa kembali",1.55.6,0,2025-03-04T08:49:03-07:00,PermataMobile X,permata_x,app_store,1323973644
12370623244,kitkatketiy,3,yaudah,"untuk nomor rekening yang tersimpan dikasih nama dong biar tau itu rekening siapa. trus, kalo bisa bukti transfer bisa diliat dulu gausah langsung bagikan.

dannn update baru kenapa jadi lemot banget ya",1.55.6,0,2025-03-01T13:07:45-07:00,PermataMobile X,permata_x,app_store,1323973644
12364592582,Wkssyaial,3,Update,Makin gajelassss!!!,1.55.6,0,2025-02-28T04:08:08-07:00,PermataMobile X,permata_x,app_store,1323973644
12367711850,vanDickkok,1,Kepuasan,Kurang puas,1.55.6,0,2025-02-28T21:23:52-07:00,PermataMobile X,permata_x,app_store,1323973644
12367332553,pejuangutbk,1,Sering error dan lambat,Masuk ke aplikasi aja gabisa muncul kode 003,1.55.6,0,2025-02-28T19:00:00-07:00,PermataMobile X,permata_x,app_store,1323973644
12367066629,Advshskevakshfah,1,Permata Mobile terburuk,"Mobile Banking terburuk yang pernah saya punya, hanyak karena payrol saja makanya harus menggunakan permata tapi kalo untuk penggunaan pribadi mah sangat sangat gamau",1.55.6,0,2025-02-28T17:28:38-07:00,PermataMobile X,permata_x,app_store,1323973644
12366484454,Permata kntol,2,Trouble,"Aplikasi gak jelas eror mulu,kalo bukan karena payroll,males banget pake bank satu ini anj,aplikasi rusak di pelihara,orang IT nya pecat semua kalo gbisa ngelola sistem",1.55.6,0,2025-02-28T13:57:20-07:00,PermataMobile X,permata_x,app_store,1323973644
12365925950,Jang……17,1,Ampas,"Error terus, sama lemot penanganan.",1.55.6,0,2025-02-28T10:39:19-07:00,PermataMobile X,permata_x,app_store,1323973644
12365402253,Reanaja,1,Buruk,Tiap akhir bulan ga bisa dbuka,1.55.6,0,2025-02-28T07:59:03-07:00,PermataMobile X,permata_x,app_store,1323973644
12365317753,Bangariangggggg,1,Error,Aplikasi tidak dapat di buka dan gangguan terus,1.55.6,0,2025-02-28T07:35:32-07:00,PermataMobile X,permata_x,app_store,1323973644
12365258862,PTsma99,1,Aplikasi buruk,"Aplikasi buruk, akhir bulan awal bulan pertengahan bulan selalu susah masuk, aplikasi aneh",1.55.6,0,2025-02-28T07:18:57-07:00,PermataMobile X,permata_x,app_store,1323973644
12365225935,myeyeyeye,1,makin di update makin kocak,"heran deh! kenapa si di update bukannya bener malah makin gajelas, mau masuk apk aja lama banget, harus laporan dulu ke cs udah gt pas di tlp lelet banget bertele tele keburu abis pulsa gw, bela bela in hapus dan download ulang apk nya tapi tetep aja gejlass!!",1.55.6,0,2025-02-28T07:09:50-07:00,PermataMobile X,permata_x,app_store,1323973644
12365131177,SamAlter,1,semenjak update malah error mulu,team it nya goblok,1.55.6,0,2025-02-28T06:43:19-07:00,PermataMobile X,permata_x,app_store,1323973644
12364799728,putra pande,1,Susah,Kok kayak gini sih bank ini? Perlu banyak di perbarui lagi..dikit2 eror,1.55.6,0,2025-02-28T05:10:11-07:00,PermataMobile X,permata_x,app_store,1323973644
12364782572,W permata,2,Eror,Terlalu lama kalau gangguan mengganggu transaksi,1.55.6,0,2025-02-28T05:05:16-07:00,PermataMobile X,permata_x,app_store,1323973644
12364678723,Samuel Dhar,1,EROR TERUS,"Kenapa selalu eror tiap abis gajian!!! UI lu juga ribet, ga bs simple kaya BCA",1.55.6,0,2025-02-28T04:34:48-07:00,PermataMobile X,permata_x,app_store,1323973644
12364660172,ashl3y2412,1,Disappointed,"Keep maintenance when at critical times!
Last update made things difficult event more.
To set source transfer not working ! Now , what’s the point the update happening ! Fix it please 
Thank you",1.55.6,0,2025-02-28T04:29:06-07:00,PermataMobile X,permata_x,app_store,1323973644
12364568104,Paula Bombong,3,Sering error,"Sejak thn 2025 ini, setiap kali periode sudaj gajian, aplikasi error, tidak bisa login apalagi trx. Mau trx via Permatanet, tetep perlu login ke aplikasi dulu untuk verifikasi / PIN. Kalau mau ada maintenance, harap dilakukan di tengah malam, jangan pagi-sore hari.. Menyulitkan customer saja",1.55.6,0,2025-02-28T04:00:21-07:00,PermataMobile X,permata_x,app_store,1323973644
12364585958,Gigih_std,1,Gabisa Daftar,"mau daftar aja gabisa, udah masukin data KTP padahal udah sesuai tapi keterangannya belum sesuai.. suruh hubungi 1500-111 aduhh 2025 masih pake line telepon?? whatsapp dong",1.55.6,0,2025-02-28T04:05:58-07:00,PermataMobile X,permata_x,app_store,1323973644
12364416071,Kiedayat,3,Bug Crash.. Force close,"Please banget…
Klo update itu disarankan yg penting2 saja. 
Niat menikmati UI/UX yg baru dengan berselancar nyaman. Malah Crash bahkan sampe force close setelah Update, bahkan tidak bisa masuk ke main interface nya sama sekali…

Jadilah Simple dan Fast Responsive saja untuk Permata App.",1.55.6,0,2025-02-28T03:08:31-07:00,PermataMobile X,permata_x,app_store,1323973644
12364554304,pidia toko,1,Eror,"Lagi urgen ga bisa login
Eror mlu",1.55.6,0,2025-02-28T03:55:49-07:00,PermataMobile X,permata_x,app_store,1323973644
12364547554,nicrzzz,1,keluhan,tiap akhir bulan kebanyakan maintenance ini sebenernya niat memudahkan pengguna apa menyusahkan,1.55.6,0,2025-02-28T03:53:36-07:00,PermataMobile X,permata_x,app_store,1323973644
12364545685,pentol127865,4,Tidak bisa transaksi,Mohon segera di perbaiki. Mbanking saya tidak bisa untuk transaksi dan cek saldo.,1.55.6,0,2025-02-28T03:53:00-07:00,PermataMobile X,permata_x,app_store,1323973644
12364534785,Gw.iqbaal,4,Maintenance,Aplikasi untuk skrang sudah bagus hanya saja lebih sering error saat digunakan,1.55.6,0,2025-02-28T03:49:25-07:00,PermataMobile X,permata_x,app_store,1323973644
12364493653,Adi adi adiiiii,1,Eror,Min kok akhir akhir ini m-banking permata suka eror bae ya?,1.55.6,0,2025-02-28T03:35:39-07:00,PermataMobile X,permata_x,app_store,1323973644
12364469621,anadeh,1,kopet,"sering error padahal itu bank saya gajian, jadi bingung deh mau transfer ortu gimana",1.55.6,0,2025-02-28T03:27:23-07:00,PermataMobile X,permata_x,app_store,1323973644
12364468766,aprdmyt,1,PERMATA ME JELEK,"Dah pindah bank aja, jelek bgt error mulu",1.55.6,0,2025-02-28T03:27:06-07:00,PermataMobile X,permata_x,app_store,1323973644
12364445326,Opi awaliah,1,Burik,"Aplikasinya error dari pagi, maintenance seharian ga kelar2",1.55.6,0,2025-02-28T03:18:59-07:00,PermataMobile X,permata_x,app_store,1323973644
12364444486,amiiiiyahy,1,PAYAH,Payah banyak eror nya muluuuuu. Ga nanggung nanggung kalo eror tuh seharian. Padahal lagi urgent!,1.55.6,0,2025-02-28T03:18:41-07:00,PermataMobile X,permata_x,app_store,1323973644
12364443871,Fandi!,1,Eror,Eror gangguan gak bisa dibuka foreclose sendiri tolong segera di perbaiki,1.55.6,0,2025-02-28T03:18:29-07:00,PermataMobile X,permata_x,app_store,1323973644
12364099965,Muhammad Rizky Fauzi,3,Perbaiki,"Sering mengalami gangguan layanan sistem, padahal lagi ada keperluan mendesak.",1.55.6,0,2025-02-28T01:04:03-07:00,PermataMobile X,permata_x,app_store,1323973644
12364404164,jdhej udhemmdid,1,"Aplikasi kntol, ganguan mulu",Aplikasi gak guna. Contoh kemunduran perbankan,1.55.6,0,2025-02-28T03:04:12-07:00,PermataMobile X,permata_x,app_store,1323973644
12364369675,Jonihgbsj,2,Kurang maksimal,Sering gangguan stiap awla bulan gangguan terus,1.55.6,0,2025-02-28T02:51:36-07:00,PermataMobile X,permata_x,app_store,1323973644
12364345853,Nasabah Kabur,1,Mending u pada ganti bank,"Sering ga bisa login di tanggal. Dari hari ini terparah. PermataMe dan PermataNet 12 jam ga bisa di akses. 

Kira2 ini bank bakal kasih kompensasi ga buat orang2 yang telat bayar tagihan? 

Ga belajar. Ga pinter pinter. Error kok terus blok goblok",1.55.6,0,2025-02-28T02:42:39-07:00,PermataMobile X,permata_x,app_store,1323973644
12364322682,Escvibes,1,Aplikasi bapuk,"Tiap saat gangguan mulu, kalo mau maintenance yg bener lah, bikin plan jangan asal2an

Jangan sampe lama error
Gabisa transaksi.",1.55.6,0,2025-02-28T02:33:46-07:00,PermataMobile X,permata_x,app_store,1323973644
12364295906,andreytj1302,1,Tidak bisa login tanggal 28 Feb 2025 dari siang jam 11.30 sampai sore jam 17.23,"Pakai iphone 14 telkomsel, login tidak bisa. Hanya sampai halaman login saja lalu app  beberap detik ke close.",1.55.6,0,2025-02-28T02:23:30-07:00,PermataMobile X,permata_x,app_store,1323973644
12364295497,bbiinnm,1,aduh g bisa dipake,buat apa aplikasi apa km,1.55.6,0,2025-02-28T02:23:20-07:00,PermataMobile X,permata_x,app_store,1323973644
12364267212,pura pura goblok,1,BANYAK ERORR,"errror sering di akhir bulan . 
sekitaran tgl 27 ... muestiiiiii",1.55.6,0,2025-02-28T02:12:17-07:00,PermataMobile X,permata_x,app_store,1323973644
12364205398,pd.nim,1,Bank tolol,"Aplikasi bank tertolol, bagi kalian jgn mau menggunakan layanan permatabank, busuk anjir",1.55.6,0,2025-02-28T01:47:41-07:00,PermataMobile X,permata_x,app_store,1323973644
12363970267,Tukang review app,2,Bad,Maintenance buruk. Selalu error appsnya kl lagi gajian hadeh,1.55.6,0,2025-02-28T00:07:36-07:00,PermataMobile X,permata_x,app_store,1323973644
12364033464,amki02,1,Kecewa,"Sumpah ngeselin banget, appsnya error lama banget. Akhir bulan lagi dan besoknya weekend. Sumpah gajian berasa nambah lama meskipun udah masuk. Klo ngak upah di transfer ke bank ini, ngak mau pke app ini lagi. Kapokkk. Perbaikanya lama bangetttttt….",1.55.6,0,2025-02-28T00:35:14-07:00,PermataMobile X,permata_x,app_store,1323973644
12364003943,sutrisno alek,1,Aplikasi ampas,App sampah berhari hari gangguan sistem,1.55.6,0,2025-02-28T00:22:28-07:00,PermataMobile X,permata_x,app_store,1323973644
12363989481,Llunaaax,1,K,Ini kenapa coba udh berjam jam masih kendala sitem,1.55.6,0,2025-02-28T00:16:06-07:00,PermataMobile X,permata_x,app_store,1323973644
12363987773,XxxjedixxX,1,Parah,"Kalo lg down bisa seharian, parahhhh",1.55.6,0,2025-02-28T00:15:21-07:00,PermataMobile X,permata_x,app_store,1323973644
12363908093,purnomo stev,2,nyusahin,"gapernah bisa diandelin, banyak gangguan tiap bulan",1.55.6,0,2025-02-27T23:39:57-07:00,PermataMobile X,permata_x,app_store,1323973644
12363940759,Tatang999,1,Permata eror,Ini kenapa perbaikan sistem dari pagi ga kelar kelar eror trs ga bisa transaksi apa apa,1.55.6,0,2025-02-27T23:54:35-07:00,PermataMobile X,permata_x,app_store,1323973644
12363922344,Intan kuku,1,Selalu banyak ganguan seperti sekrng gangguan,Ganguan mulu,1.55.6,0,2025-02-27T23:46:21-07:00,PermataMobile X,permata_x,app_store,1323973644
