review_id,user_name,rating,title,review_text,app_version,vote_sum,review_date,app_name,app_slug,platform,store_id
14457577937,manusia ini,5,JADI GA RAGU PKE SEABANK,"tiba2 saldo di tahan karna ada yg melaporkan, tpi bisa balik lgi setelah 3 hari, mksiiii",3.50.0,0,2026-08-21T23:09:09-07:00,SeaBank,seabank,app_store,1525477806
14457553098,Sitompul 80,5,Mantap,"Krennnn, cepat dan simpel",3.50.0,0,2026-08-21T22:58:03-07:00,SeaBank,seabank,app_store,1525477806
14456933261,Sanjaya_18,5,SeaBank,Sangat mebantu transaksi dan   umkm,3.50.0,0,2026-08-21T18:36:44-07:00,SeaBank,seabank,app_store,1525477806
14456822925,SYFVCK,5,Ok,Good apps,3.50.0,0,2026-08-21T17:53:14-07:00,SeaBank,seabank,app_store,1525477806
14456419977,Januarius jalung,5,Bintang tiga dulu,Tiga aja dulu kalo amanah baru di kasih ful bintangnya,3.50.0,0,2026-08-21T15:11:30-07:00,SeaBank,seabank,app_store,1525477806
14456299784,penolong123,5,penolong,sangat membantu,3.50.0,0,2026-08-21T14:23:55-07:00,SeaBank,seabank,app_store,1525477806
14455251800,Mahdi mufid,5,Sangat baik,Bagus gampang gratis lagi saat bermanfaat,3.50.0,0,2026-08-21T08:30:28-07:00,SeaBank,seabank,app_store,1525477806
14454710688,Nama pengguna 100,5,Good,Good,3.49.0,0,2026-08-21T05:54:30-07:00,SeaBank,seabank,app_store,1525477806
14454180413,Ga oy,1,Aduan ga ada respon,Aduan ga ada respon sampai ber bulan2,3.50.0,0,2026-08-21T02:54:08-07:00,SeaBank,seabank,app_store,1525477806
14453980854,Sartina lukman,5,Kerennn polll,"Sangat cocok untuk sya yg hampir tiap hari harus transfer, pkoknya yg punya usaha  pake seabank ajah",3.50.0,0,2026-08-21T01:33:29-07:00,SeaBank,seabank,app_store,1525477806
14453798282,ciiaaaaaaaaaaaa,5,hemmm,"enak bngt nyambung sama shoppe payy, free admin kemana aja lagi",3.50.0,0,2026-08-21T00:16:45-07:00,SeaBank,seabank,app_store,1525477806
14453554803,M.sulton,5,Kemudahan dari kemajuan teknologi,Dengan menggunakan seabank semua urusan jadi lebih gampang terimakasih seabank☕️😊,3.50.0,0,2026-08-20T22:30:26-07:00,SeaBank,seabank,app_store,1525477806
14452720717,rasabil,5,Layanan,Cepat dan no admin itu yang penting,3.50.0,0,2026-08-20T16:55:32-07:00,SeaBank,seabank,app_store,1525477806
14451863728,Manto25,5,Good,Good,3.50.0,0,2026-08-20T11:33:23-07:00,SeaBank,seabank,app_store,1525477806
14451822090,Bogang25,5,Menggunakan,Muantab mudah dan banyak bonus,3.50.0,0,2026-08-20T11:19:29-07:00,SeaBank,seabank,app_store,1525477806
14450392607,Om bir,5,Transaksi,Sangat baik dan mudah,3.50.0,0,2026-08-20T04:09:15-07:00,SeaBank,seabank,app_store,1525477806
14449276138,OMK33_GROUP,5,Bagus,Bunga nya,3.49.0,0,2026-08-19T20:28:31-07:00,SeaBank,seabank,app_store,1525477806
14449271735,Siapa kita ini dia,5,Bagus,"Bagus ,berkualitas,aman",3.50.0,0,2026-08-19T20:26:45-07:00,SeaBank,seabank,app_store,1525477806
14449010837,fadep666,5,Terbaik,Terbaik,3.50.0,0,2026-08-19T18:46:22-07:00,SeaBank,seabank,app_store,1525477806
14448520577,Mantap Kile,4,Mantap,Mantap,3.49.0,0,2026-08-19T15:36:31-07:00,SeaBank,seabank,app_store,1525477806
14447672672,Hhehbdbd,1,Kalo qris ga masuk,Benerin proses qrisnya udah 3 kali wria ga masuk,3.50.0,0,2026-08-19T10:36:18-07:00,SeaBank,seabank,app_store,1525477806
14447227345,galacy4617,1,seabank makin hari makin gila,"jadi gini, Akun seabank saya tiba-tiba logout sendiri terus dari situ suruh verifikasi ktp, dan kek gitu truss ga bisa masuk ke akun...",3.50.0,0,2026-08-19T08:21:52-07:00,SeaBank,seabank,app_store,1525477806
14446439210,Uwie apriani,5,Seabank aplikasi yg sangat membantu,Aplikasinya bagus cuma sayang saya sudah lama pake seabank tapi belum bisa dapet pinjamannya😭,3.50.0,0,2026-08-19T04:28:39-07:00,SeaBank,seabank,app_store,1525477806
14445887512,asedee\|~~*]*[,1,APLIKASI NIPU,"ada fitur seabank pinjam giliran ngajuin ga di acc acc udah ada kali 2 bulanan, padahal saya transaksi mulu di seabank , jatohnya kaya ngasih harapan palsu doang, jangan download lg aplikasi ini cuma marketing doang",3.50.0,0,2026-08-19T00:56:19-07:00,SeaBank,seabank,app_store,1525477806
14445715422,CYAkwl,2,Kenyamanan,Login nya gak bisa mulu nih SeaBank padahal udh terdaftar mana ada uang nya lagi hadehhu,3.50.0,0,2026-08-18T23:43:25-07:00,SeaBank,seabank,app_store,1525477806
14445371460,Ridwant,5,Top,Markotop,3.50.0,0,2026-08-18T21:12:10-07:00,SeaBank,seabank,app_store,1525477806
14445280312,Londo 911,5,Bagus,"Aplikasi bagus,banyak Pembayaran yg bisa dilakukan",3.50.0,0,2026-08-18T20:33:56-07:00,SeaBank,seabank,app_store,1525477806
14444498840,fdla.app,5,Sea bank,Sangattt baik,3.49.0,0,2026-08-18T15:31:22-07:00,SeaBank,seabank,app_store,1525477806
14443197325,Antiwarisan,5,Mudah,"Mudah teansaksi apapun, cepat dan simple, bisa dinlakukan di mana saja",3.49.0,0,2026-08-18T08:16:24-07:00,SeaBank,seabank,app_store,1525477806
14442464243,Seliindahs,4,5V6PDK,5V6PDK,3.50.0,0,2026-08-18T04:40:26-07:00,SeaBank,seabank,app_store,1525477806
14442272315,selsvii,1,"Transfer Berhasil di Aplikasi, Tapi Dana Tidak Masuk ke Rekening Penerima","Saya melakukan transfer melalui SeaBank pada 1 Agustus 2026 sebesar Rp250.000. Di aplikasi transaksi dinyatakan berhasil, tetapi hingga saat ini dana tidak masuk ke rekening penerima.

Saya sudah melakukan pengaduan secara lisan melalui Customer Service maupun secara tertulis, tetapi prosesnya sangat berbelit-belit. Pihak CS tetap menyatakan bahwa transfer berhasil, padahal saya sudah melampirkan bukti statement/mutasi rekening penerima yang menunjukkan tidak ada dana masuk dengan nominal tersebut.

Saya berharap SeaBank tidak hanya berpatokan pada status transaksi “berhasil” di sistem, tetapi benar-benar melakukan pengecekan ke pihak terkait dan menelusuri keberadaan dana tersebut.

Mohon segera diberikan penyelesaian yang jelas dan pertanggungjawaban atas dana Rp250.000 saya. Jangan sampai nasabah harus berulang kali melakukan pengaduan hanya untuk mendapatkan haknya.",3.50.0,0,2026-08-18T03:33:33-07:00,SeaBank,seabank,app_store,1525477806
14440923429,Luluk elmaknun,5,Mudah,"Mudah,Aman",3.50.0,0,2026-08-17T18:19:38-07:00,SeaBank,seabank,app_store,1525477806
14440117219,nyuxz1$,5,buruan unduh,bagus,3.49.0,0,2026-08-17T13:14:30-07:00,SeaBank,seabank,app_store,1525477806
14440108856,Mr Rp27,1,Bank tolol kapitalis anjing,Seenak jidad kalian tolol tahan saldo orang. Babi,3.50.0,0,2026-08-17T13:11:34-07:00,SeaBank,seabank,app_store,1525477806
14439737992,adamr233,5,Pake kode referral ini kamu dapet kejutan 💵 972KXX,Pake kode referral ini 972KXX,3.50.0,0,2026-08-17T11:06:58-07:00,SeaBank,seabank,app_store,1525477806
14439388293,Widarotiku,5,Rotiku ok bgt,Beli Rotiku saja pake SeaBank,3.50.0,0,2026-08-17T09:19:23-07:00,SeaBank,seabank,app_store,1525477806
14438560827,Silviara06,5,6DKRDT,Pakai kode ini biar dapat bonusnya,3.50.0,0,2026-08-17T05:17:42-07:00,SeaBank,seabank,app_store,1525477806
14438361641,Kode 5ES6NP,5,Bagus,"Bagus banget buat transaksi harian,pakai kode 5ES6NP biar dapet bonus puluhan rb,banyak gratis transfer dan topup nya,tiap hari dapat bunga,best deh",3.50.0,0,2026-08-17T04:11:13-07:00,SeaBank,seabank,app_store,1525477806
14438288215,aprilyaa/,5,dapat saldoo,"7PGSYY pake kode referal inii trus nabung min 50rb selama 3 harii, lalu klaim saldonyaaa🫰🏻",3.50.0,0,2026-08-17T03:44:31-07:00,SeaBank,seabank,app_store,1525477806
14438252546,ARINGGA YOGA 22,5,Sangat senang menggunakan apk seabank,Saya sangat puas dengan adanya aplikasi seabank dan pemakainan nya sangat mudah di paham i,3.50.0,0,2026-08-17T03:31:12-07:00,SeaBank,seabank,app_store,1525477806
14438094806,Agstule,5,Ulasan,baguss sekali sangat membantu,3.50.0,0,2026-08-17T02:29:58-07:00,SeaBank,seabank,app_store,1525477806
14438083148,andimuhammadsadli,5,Very good,Very good,3.50.0,0,2026-08-17T02:25:19-07:00,SeaBank,seabank,app_store,1525477806
14436557189,Obbybengbeng,5,Bagus,Mantap,3.50.0,0,2026-08-16T15:57:23-07:00,SeaBank,seabank,app_store,1525477806
14435854852,wjwjwkaiaksjsjshsus,5,puas,amanah,3.50.0,0,2026-08-16T11:43:54-07:00,SeaBank,seabank,app_store,1525477806
14435633413,RIFANMASRUL,5,Pinjaman,Tolong acc pinjaman bosku🙏🏻,3.50.0,0,2026-08-16T10:34:19-07:00,SeaBank,seabank,app_store,1525477806
14435218578,Anno ask,5,Percobaan,Semoga berguna dan bisa jadi bank tetap saya,3.49.0,0,2026-08-16T08:32:20-07:00,SeaBank,seabank,app_store,1525477806
14434038140,Diyo pratama,5,Mantap,Jaya trs,3.50.0,0,2026-08-16T02:02:14-07:00,SeaBank,seabank,app_store,1525477806
14433878620,Nona Fira,5,Mantap,Menyesal baru dapat tau app ini 😢💘💘💘. Terimakasih sea bank🫶🫶🫶🫂🩵,3.50.0,0,2026-08-16T00:56:58-07:00,SeaBank,seabank,app_store,1525477806
14433799884,Munaherix,5,Akun seabank saya setelah di hubungkan dari shopee tidak bisa login,Tidak bisa login,3.50.0,0,2026-08-16T00:24:07-07:00,SeaBank,seabank,app_store,1525477806
14433731109,dika!,5,Ekstra reward bisa pake kode ini LFHC6Y,Ekstra reward bisa pake kode ini LFHC6Y,3.50.0,0,2026-08-15T23:54:51-07:00,SeaBank,seabank,app_store,1525477806
14433277656,Radenabil,5,Mantep,Makin mantep,3.49.0,0,2026-08-15T20:38:10-07:00,SeaBank,seabank,app_store,1525477806
14432958341,Mak aca,5,Mntap,Mudah sekali dan mntap,3.50.0,0,2026-08-15T18:34:37-07:00,SeaBank,seabank,app_store,1525477806
14432735013,KyGeblek,5,Mantap,Good transfer tanpa admin😍😍,3.49.0,0,2026-08-15T17:07:57-07:00,SeaBank,seabank,app_store,1525477806
14432297649,montod ngentot,5,membantu,aplikasi yang sangat berguna untuk membantu pekerjaan setiap hari,3.50.0,0,2026-08-15T14:13:33-07:00,SeaBank,seabank,app_store,1525477806
14431875845,alladdoxx,1,Transfer dari seabank ke akun bank saya tidak masuk,Sudah 3 hari uang saya belum juga masuk ke akun bank saya,3.50.0,0,2026-08-15T11:44:50-07:00,SeaBank,seabank,app_store,1525477806
14431509231,Pangeran_86,5,Seabank,Seabank memang mantap,3.49.0,0,2026-08-15T09:49:45-07:00,SeaBank,seabank,app_store,1525477806
14430266569,seamby,5,irit,hemat biaya admin,3.50.0,0,2026-08-15T03:33:32-07:00,SeaBank,seabank,app_store,1525477806
14429000614,Irkamaludin,5,Good,Mantappp,3.49.0,0,2026-08-14T18:58:43-07:00,SeaBank,seabank,app_store,1525477806
14428399168,ppradanadavidriza,5,Nyaman pakai seabank mantap,Kebutuhan lebih komplit dan nabung lebih enak,3.50.0,0,2026-08-14T15:12:09-07:00,SeaBank,seabank,app_store,1525477806
14427772259,mandbshxs bdsb,5,Joss,Mantap,3.49.0,0,2026-08-14T11:28:16-07:00,SeaBank,seabank,app_store,1525477806
14425719559,farhan akbar nasution,1,gajelas bank ini gabisa bantu permasalahan saya. saya tau saya salah tf namun tidak ada solusi dari,pihak seabank untuk membantu saya menyelesaikan masalah,3.49.0,0,2026-08-14T00:21:23-07:00,SeaBank,seabank,app_store,1525477806
14425655663,Agnes pravita,5,Paling oke,Nabung banyak untung,3.49.0,0,2026-08-13T23:54:10-07:00,SeaBank,seabank,app_store,1525477806
14423152462,riskaapril04,1,Jujur banyak kendalanya !,Benerin deh sitemnya tiba2 loading tiba2 gak bisa bayar2 tibatiba beres transfer malah gagal . Tiba2 gak bisa di buka ahhh banyak gebrakan nya !,3.49.0,0,2026-08-13T08:32:01-07:00,SeaBank,seabank,app_store,1525477806
14422266174,Kedai rindu,5,Menyenangkan,Sangat membantu dan mempermudah,3.49.0,0,2026-08-13T04:09:25-07:00,SeaBank,seabank,app_store,1525477806
14422196125,Anjing lu seabank,1,Laporan tidak ada yg direspon,Saldo saya gilang padahal saya tidak melakukan transaksi,3.49.0,0,2026-08-13T03:44:52-07:00,SeaBank,seabank,app_store,1525477806
14421956778,Ganyol123,5,Layanan bagus,Cepat transaksi gratis top,3.49.0,0,2026-08-13T02:14:46-07:00,SeaBank,seabank,app_store,1525477806
14421631181,Saromo25,5,Ikee,Jos,3.49.0,0,2026-08-13T00:03:53-07:00,SeaBank,seabank,app_store,1525477806
14421194348,Selamanya ada,5,Jatuh cinta,"Karna pengiriman uang gratis biaya, biaya ke e wallet lainnya lebih murah drpd yg lain, bunganya juga dihitung harian 🥰 semoga kedepannya SeaBank berkembang dan jalan lebih baik lagi dan lagi",3.49.0,0,2026-08-12T20:57:13-07:00,SeaBank,seabank,app_store,1525477806
14421175000,banana sayy,1,ga ada kejelasan,"ga ada kejesan penutupan akun padahal tidak melanggar apapun ,di chat csnya tetap ga ada kereladan",3.49.0,0,2026-08-12T20:49:13-07:00,SeaBank,seabank,app_store,1525477806
14420696221,Windari Wiwin,5,Seabank Ok,"Transfer kemanapun nggak kena biaya, bunganya pun besar, puas banget pake Seabank👍🫶🏼",3.49.0,0,2026-08-12T17:48:48-07:00,SeaBank,seabank,app_store,1525477806
14420690159,H O K A GE,1,Saya tidak bisa login,"Saya sudah masukan nomor Hp yang terdaftar dan masukan pin dengan sesuai dan bahkan saya scan ktp saya berkali"" sudah tapi ketika login itu semua repeat.
Apasih buang2 waktu.",3.49.0,0,2026-08-12T17:46:30-07:00,SeaBank,seabank,app_store,1525477806
14419922482,robintangsiagian,5,sei bank,"menurut aku bgus ya,nyimpan uang disni selalu aman, gapernah uang hilang atau apapun itu, uda jalan mau 1 tahun gapernah kendala, transaksi ke bank lain, ga pakai admin, pokoknya puas deh pakai sei bank, kekurangan sea bank mau teransaksi ke ke dana kadang suka eror sistem sepenuhnya oke, aja sekian terima kasih…",3.49.0,0,2026-08-12T12:56:29-07:00,SeaBank,seabank,app_store,1525477806
14419633149,reyjbjj,5,nice,best,3.49.0,0,2026-08-12T11:16:47-07:00,SeaBank,seabank,app_store,1525477806
14418947265,Rahmatsahputraa2177,5,Bagus,Kasih saya kk pinjam seabank,3.49.0,0,2026-08-12T07:48:13-07:00,SeaBank,seabank,app_store,1525477806
14418576990,Iredab,5,Bagus,Mantap seabank,3.49.0,0,2026-08-12T06:03:18-07:00,SeaBank,seabank,app_store,1525477806
14418455848,Yosep Ladomex83,5,Sea Bank,Saya merasa puas,3.49.0,0,2026-08-12T05:26:41-07:00,SeaBank,seabank,app_store,1525477806
14418443586,H2sap,4,Sinyal,Kenapa trobel trk bisa menerima transfer an,3.49.0,0,2026-08-12T05:22:57-07:00,SeaBank,seabank,app_store,1525477806
14418117322,elcirbel,2,cs yang cewe,"tolong untuk cs nya diajarin lagi gajelas pertanyaan diputar putar ga nyambung,cs yang cewe tu kalo bisa di probation lagi,yg cowo uda okee si penyampaiannya",3.49.0,0,2026-08-12T03:33:04-07:00,SeaBank,seabank,app_store,1525477806
14418064131,DianMelindaS,5,Kode Referal UP7MYE,Jangan Lupa Pakai kode referal UP7MYE ini untuk daftar ya UP7MYE (biar dapat saldo 10k). 🫶🏻,3.49.0,0,2026-08-12T03:13:18-07:00,SeaBank,seabank,app_store,1525477806
14418007466,Mnshsjldudhnx,5,Membantu,Gratis transfer antar bank,3.49.0,0,2026-08-12T02:51:42-07:00,SeaBank,seabank,app_store,1525477806
14417256900,Lamine yando,5,Bagus,Sangat bagus,3.49.0,0,2026-08-11T21:37:15-07:00,SeaBank,seabank,app_store,1525477806
14417199869,SeaBank Reza,5,SeaBank,Selalu nomor 1 dalam me transfer,3.49.0,0,2026-08-11T21:12:59-07:00,SeaBank,seabank,app_store,1525477806
14416600370,Alfira Angel,5,Cepat dan mudah,Tanpa biaya,3.49.0,0,2026-08-11T17:25:50-07:00,SeaBank,seabank,app_store,1525477806
14414829096,ardianto01,5,mantap,membantu,3.49.0,0,2026-08-11T07:31:59-07:00,SeaBank,seabank,app_store,1525477806
14413786820,Agus TM,5,Pinjaman,Mau mengajukan pinjaman,3.49.0,0,2026-08-11T02:01:38-07:00,SeaBank,seabank,app_store,1525477806
14413676118,Nadineaxel14,4,Transfer gratis,Mantap,3.49.0,0,2026-08-11T01:19:17-07:00,SeaBank,seabank,app_store,1525477806
14413265658,Eatravelaugh,1,Saldo selalu berkurang,"Sedih banget kenapa setelah bertahun-tahun jadi user SeaBank malah saldo tiap bulan selalu berkurang tanpa adanya transaksi 😩baru sadar bulan lalu kehilangan uang 300rb sampe debat sama suamik, gatau uangnya kemana. Padahal udah cek mutasi tp tetep gak nemu. Ku Kira emang aku yang lupa pakai duitnya buat apa? Eh bulan ini kejadian lagi dong ☹️ 464.500
Tiap bulan kalo begini ya tekor gw. Sangat mengecewakan, ternyata bener komplain dari beberapa user lain yg ngalamin kejadian sama",3.49.0,0,2026-08-10T22:31:11-07:00,SeaBank,seabank,app_store,1525477806
14412990434,ownerharis,5,Bagus,Kerja jadi cepat,3.49.0,0,2026-08-10T20:29:26-07:00,SeaBank,seabank,app_store,1525477806
14412831955,Bunda yona ikko,5,Thebest,Suka banget sih pake apl seabank okelah pokonya,3.49.0,0,2026-08-10T19:26:10-07:00,SeaBank,seabank,app_store,1525477806
14411819118,Irvan azka,5,Good,Good,3.49.0,0,2026-08-10T13:03:20-07:00,SeaBank,seabank,app_store,1525477806
14411489704,weemce,2,minta bantu dong akun saya di blokir,karena saya ingin memindahkan akun ke hp yang lain terus jadi ke blokir,3.49.0,0,2026-08-10T11:12:57-07:00,SeaBank,seabank,app_store,1525477806
14411463440,Sahabat seabank,5,Dompet digital,"Praktis dan sangat membantu pengolahan uang digital,sangat bermanfaat.",3.49.0,0,2026-08-10T11:04:30-07:00,SeaBank,seabank,app_store,1525477806
14411335952,Mameng666,1,Seabank Pinjam,Tidak ada kejelasan untuk seabank pinjam udh berbulan bulan fiturnya ada tapi ngegantung padahal transaksi rata” di atas 400jt,3.49.0,0,2026-08-10T10:24:00-07:00,SeaBank,seabank,app_store,1525477806
14410743790,ANDIKA PADANG,1,🫵,apakah seabank pinjam hanya sebatas panjangan saja?,3.49.0,0,2026-08-10T07:29:09-07:00,SeaBank,seabank,app_store,1525477806
14410566791,Rrrrrrrrrbbbbbbbbbbiiiiiii,5,Baik,Memuasakan,3.49.0,0,2026-08-10T06:38:03-07:00,SeaBank,seabank,app_store,1525477806
14410126556,Bangmimin,5,SeaBank,Sangat Puas dengan SeaBank,3.49.0,0,2026-08-10T04:17:08-07:00,SeaBank,seabank,app_store,1525477806
14409685150,seze666,1,jangan pake seabank,"uang saya ilang di seabank, di potong uang penyesuaian akun(?) apa banget uang penyesuaian akun mana adaa bjir segede itu di potongnya... ini bintang 4,9 dr mana bank kek gni ga bisa di percaya banget. tolong di balikin uang nya dong",3.49.0,0,2026-08-10T01:22:15-07:00,SeaBank,seabank,app_store,1525477806
14409606869,Nadia batubara,5,Mantap,Mantap,3.49.0,0,2026-08-10T00:48:28-07:00,SeaBank,seabank,app_store,1525477806
14409347728,ZSA46C,5,ZSA46C,ZSA46C Ayo gunakan kode ZSA46C dapatkan saldo gratis berkali kali… 😊.,3.49.0,0,2026-08-09T22:53:22-07:00,SeaBank,seabank,app_store,1525477806
14408448407,Lenrina,1,MAU MASUK MALAH TERBLOKIR,SEA BANK ANJG,3.49.0,0,2026-08-09T16:43:25-07:00,SeaBank,seabank,app_store,1525477806
14407655029,Isbausb,5,Seabank,Meringankan beban,3.49.0,0,2026-08-09T11:45:44-07:00,SeaBank,seabank,app_store,1525477806
14407590197,NasabahMuCok,1,Pengembalian dana,"Apk apa pengembalian dana saja lamaNya ngak ketulungan ber hari-hari. Harus chat mana antrianNya lama. Masalah ngak langsung beres, apk apa ribet kya gini,",3.49.0,0,2026-08-09T11:24:17-07:00,SeaBank,seabank,app_store,1525477806
14407491992,Ajm068,5,Pinjaman,Kenapa aplikasi saya ngak ada fitur pinjamanya,3.49.0,0,2026-08-09T10:52:22-07:00,SeaBank,seabank,app_store,1525477806
14406942407,M mega kharismawan,5,Seabank paling mantap,"Tf sana sini 0 biyaya pengiriman
Jadi makin bersahabat untuk saya yang pembisnis 
Trimakasih seabank semoga makin jaya dan menjadi plopor di indonesia",3.49.0,0,2026-08-09T08:03:50-07:00,SeaBank,seabank,app_store,1525477806
14406768506,122ht,4,Bgs,Bgs,3.49.0,0,2026-08-09T07:12:17-07:00,SeaBank,seabank,app_store,1525477806
14406713441,Yollaaa111,1,Balikin uang gw,Tf 3 juta malah g masuk dan hasilnya hilang uang gw awas ae g dibalikin,3.49.0,0,2026-08-09T06:55:37-07:00,SeaBank,seabank,app_store,1525477806
14406093170,Himoski89,5,Baik,Sangat baik,3.49.0,0,2026-08-09T03:18:15-07:00,SeaBank,seabank,app_store,1525477806
14406052771,Kyarra Mom,5,Terbaikkkk,Transaksi  cepat,3.49.0,0,2026-08-09T03:01:31-07:00,SeaBank,seabank,app_store,1525477806
14405850690,Revi Armadi,5,Recommended,Memudahkan transaksi 😍,3.49.0,0,2026-08-09T01:36:06-07:00,SeaBank,seabank,app_store,1525477806
14405501928,Pemulai,4,Pengajuan,Spinjam lama sekali proses verifikasinya,3.49.0,0,2026-08-08T23:02:34-07:00,SeaBank,seabank,app_store,1525477806
14405462252,Yahyasuginiy6,4,Layanan top up emoney,Tolong segera di upgrade lagi agar bisa mudah top up e-money di seabank,3.49.0,0,2026-08-08T22:44:20-07:00,SeaBank,seabank,app_store,1525477806
14405324173,Vitri rachel kirana,5,bagus,terbaik,3.49.0,0,2026-08-08T21:41:30-07:00,SeaBank,seabank,app_store,1525477806
14405231558,Sergio okiviera,4,Pembayaran,Kenapa pembayaran saya masih di proses sudah lebih dri 1x24jam uang belum kembali,3.49.0,0,2026-08-08T21:00:07-07:00,SeaBank,seabank,app_store,1525477806
14405209096,nurrrhdyt,1,Transaksi dalam proses,"Pemberitahuan transaksi dalam proses saldo udah mengurang tapi saldo tidak masuk ke pengirim, di suruh nunggu 2 hari giliran dua hari ga kunjung kembali saldo, udah mulai percaya sama seabank malah di gosting haha",3.49.0,0,2026-08-08T20:50:13-07:00,SeaBank,seabank,app_store,1525477806
14404695445,sefiraikliliya,1,🙏🏻,"min tolong dong akun saya ke blokir sudah menghubungi ke ig tiktok email tidak ada balasan sedangkan disitu ada saldo saya, tolong kasi penjelasan",3.49.0,0,2026-08-08T17:19:26-07:00,SeaBank,seabank,app_store,1525477806
14404670167,_risc,1,Pemotongan dana otomatis tanpa konfirmasi,Sudah hampir 3thn pakai seabank tapi baru kali ini merasa kecewa. Transaksi tidak aman ada beberapa tagihan dari shopepay yang langsung otomatis potong dana seabank tanpa konfirmasi. Padahal sudah sering sekali pakai seabank dan deposit. Dalam seminggu terpotong otomatis 2x oleh pemakaian aplikasi servis. Lumaya nominalnya yang gaji papasan ini dan dana tida dapat di kembalikan atau di refund. Setelah saya cek sea bank menjadi pembayaran no 2. Padahal saya tidak mengatur hal tersebut. Sungguh tidak aman sama sekali. Kecewa,3.49.0,0,2026-08-08T17:09:04-07:00,SeaBank,seabank,app_store,1525477806
14404207295,hadri24,5,Sangat praktis,Good,3.49.0,0,2026-08-08T13:58:45-07:00,SeaBank,seabank,app_store,1525477806
14403983336,Endo11111,3,Bagus,Bagssa,3.49.0,0,2026-08-08T12:35:08-07:00,SeaBank,seabank,app_store,1525477806
14403899128,Ilham arafah,5,Seabank,"Sangt bagus sekali 
Tetapi untuk pinjaman itu mohon ad keterangan atau di bikin limit pribadi masing masing",3.49.0,0,2026-08-08T12:04:50-07:00,SeaBank,seabank,app_store,1525477806
14402751204,Ardianda fikri,5,Komentator,Yah sangat membantu kami di pelosok negeri,3.49.0,0,2026-08-08T06:05:34-07:00,SeaBank,seabank,app_store,1525477806
14402226836,gikkk333,5,seabank hemat,sangat bermanfaat,3.49.0,0,2026-08-08T02:53:40-07:00,SeaBank,seabank,app_store,1525477806
14402220765,Guntur29,1,Pengaduan,Pengaduan info nya 1x24 jam akan d atasi…nyatanya ga ad sama sekali d atasi sudah hampir 5x24 jam,3.49.0,0,2026-08-08T02:51:08-07:00,SeaBank,seabank,app_store,1525477806
14402106942,fathur djafara,5,penilaina,cukup membantu,3.49.0,0,2026-08-08T02:03:11-07:00,SeaBank,seabank,app_store,1525477806
14402088527,F@gmail,1,JARINGAN EROR LAMA BGT,Jgn pakai ini lagi daripada nanti nyesel,3.49.0,0,2026-08-08T01:55:19-07:00,SeaBank,seabank,app_store,1525477806
14401686580,fahriz alparisi,1,CS NYA LAMA,CS NYA LAMAAA SEKALI,3.49.0,0,2026-08-07T22:58:35-07:00,SeaBank,seabank,app_store,1525477806
14401499906,Wildan Taufiqurrahman,1,Aplikasi sering eror,2 kali transaksi eror semua gajelas,3.49.0,0,2026-08-07T21:34:29-07:00,SeaBank,seabank,app_store,1525477806
14401484728,endang18/,1,bermasalah mulu,KAPOK NI PAKE APK KEBANYAKAN MASALH DARI KAMARIN DUIT GW DI TAHAN MULU DI KIRA GW GA ADA KEBUTUHAN APA,3.49.0,0,2026-08-07T21:27:38-07:00,SeaBank,seabank,app_store,1525477806
14401464320,'marshel012,1,pembayaran QR,"klo transaksi pakai QR saat sinyal sedang jelek selalu saja uang tidak bisa kembali , dari sana tida menerima uang dari kita nya uang ke sedot udah ada aduan malah cacicu doang suruh nunggu sampe kiamat",3.49.0,0,2026-08-07T21:18:40-07:00,SeaBank,seabank,app_store,1525477806
14401086025,nanakisjew,1,JELEK,"JELEK BANGET WOI NI APLIKASI, I TRANSFER BLM MASUK KE REKENING TUJUAN, TAPI SALDO UDH KEKURAS, BENR BENER NGURAS ENERGI NI APLIKASI",3.49.0,0,2026-08-07T18:43:47-07:00,SeaBank,seabank,app_store,1525477806
14400895278,Betra wati23,1,payment gajelas,payment qriss gajelass diproses doang tp saldo dah kepotong! udah ditungguin 6jam msh aja gajelas!,3.49.0,0,2026-08-07T17:28:57-07:00,SeaBank,seabank,app_store,1525477806
14400794357,Dendy apria munandar,1,Transaksi qris pending seabad ga di proses,Kecewa,3.49.0,0,2026-08-07T16:48:57-07:00,SeaBank,seabank,app_store,1525477806
14400699515,Kalong berdasi,5,Puas,Mantap,3.49.0,0,2026-08-07T16:10:36-07:00,SeaBank,seabank,app_store,1525477806
14399959139,ipunk22,1,komplain,"saldo ngurang tapi transfer engga masuk ke penerima,di chat csnya engga ada jawabanya",3.49.0,0,2026-08-07T11:34:54-07:00,SeaBank,seabank,app_store,1525477806
14399935648,hengkikurniawan443,1,Pembayaran,Transfer Dalam Proses Terlalu Lama,3.49.0,0,2026-08-07T11:26:55-07:00,SeaBank,seabank,app_store,1525477806
14399789410,Lalloooaaj,5,Aplikasi kont*l,"Jangan pakai seabank uang gua 5,3 gakk masuk anj*ng emang",3.49.0,0,2026-08-07T10:38:29-07:00,SeaBank,seabank,app_store,1525477806
14399771984,kepin3,3,Tolong dong,Kebanyak nge bug tranfer mulu pending bangatt,3.49.0,0,2026-08-07T10:32:53-07:00,SeaBank,seabank,app_store,1525477806
14399670099,swordvalit,1,aplikasi pemeras uang,saya sudah qris ke warung dan saldo sudah berkurang akan tetapi statusnya masih diproses alhasil saya malu ntah apa masalahnya,3.49.0,0,2026-08-07T10:00:42-07:00,SeaBank,seabank,app_store,1525477806
14399579896,Nova adriansyah,1,Eror mulu,"Uang hilang 150ribu cuma""",3.49.0,0,2026-08-07T09:32:57-07:00,SeaBank,seabank,app_store,1525477806
14398990426,Hikammuarif,5,Tarik/tunai/transfer,"Mudah dalam tarik tunai dan lain”
Jadi lebih simpel🙌🏻",3.49.0,0,2026-08-07T06:40:48-07:00,SeaBank,seabank,app_store,1525477806
14398946513,Fikri_AFP,5,mantap,keren,3.49.0,0,2026-08-07T06:27:52-07:00,SeaBank,seabank,app_store,1525477806
14398364632,Rianti Esti,5,Masuk akal,Pinjaman yang masih masuk akal dan mudah,3.49.0,0,2026-08-07T03:13:50-07:00,SeaBank,seabank,app_store,1525477806
14397294370,Chundut,5,Paylater,"Limit yang dikasih mantapp👍👍, nggak  kecewa sih pakai seabank",3.49.0,0,2026-08-06T19:40:48-07:00,SeaBank,seabank,app_store,1525477806
14396992843,Bagus 👌,5,Aplikasi yang sanggat membantu dalam segala urusan keuangan,Terbaik,3.49.0,0,2026-08-06T17:46:19-07:00,SeaBank,seabank,app_store,1525477806
14396391524,sen123sen,5,baik,percikin,3.48.1,0,2026-08-06T13:52:23-07:00,SeaBank,seabank,app_store,1525477806
14396306373,Kadek_31,5,SeaBank,"Sangat membantu dan memudahkan bertransaksi, semoga selalu aman",3.48.1,0,2026-08-06T13:21:38-07:00,SeaBank,seabank,app_store,1525477806
14394835970,keihl2,1,cs ga guna,"KALO PUNYA ADUAN, GAUSA TELPON KE CS NYA. GADA GUNA CS GA NGEBANTU, KALIMATNYA NGULANG2 TERUS PULSA GUA AMPE ABIS 100RIBU HASIL NYA ZONK PADAHAL NGADU CMN PERKARA GABISA LOGIN DOANG. KATA GUA MAH CS NYA SURUH TRAINING LAGI ATAU CARI CS YANG LEBIH PROFESIONAL AJARIN CS LU YG BAIK SEABANK CARA NANGANIN CUSTOMER!!!",3.49.0,0,2026-08-06T05:47:21-07:00,SeaBank,seabank,app_store,1525477806
14394439571,Agustini permana,5,Good option,Untuk simpam uang dan pinjaman sangat oke dan terpercay,3.49.0,0,2026-08-06T03:36:15-07:00,SeaBank,seabank,app_store,1525477806
14393412201,Eqikong,5,mantap,gokil seabank,3.49.0,0,2026-08-05T20:25:56-07:00,SeaBank,seabank,app_store,1525477806
14392738956,Isti hardinti,5,Isti,Sangat memuaskn melakukan transaksi appun sangat mudah,3.49.0,0,2026-08-05T16:07:14-07:00,SeaBank,seabank,app_store,1525477806
14392393463,Daekaaditya,5,Aplikasi Terbaik,Aplikasi dengan transaksi terlancar dan terbaik,3.48.1,0,2026-08-05T13:54:39-07:00,SeaBank,seabank,app_store,1525477806
14391679098,Nevada_kill,1,Keluhan,Ribet banget peler bikin akun bank harus rinci banget udah kayak mau bikin akun pinjol aja,3.49.0,0,2026-08-05T09:56:48-07:00,SeaBank,seabank,app_store,1525477806
14391575165,bajsjdhdhdj,5,yaudah,yaudah,3.49.0,0,2026-08-05T09:25:46-07:00,SeaBank,seabank,app_store,1525477806
14391505273,Ottovian,5,Kalo boleh tenor pinjaman di naikin lagi jangan cuma 12 bulan  kalo bisa 24 bulan,Biar ringan membayar kalo minjam banyak,3.49.0,0,2026-08-05T09:05:27-07:00,SeaBank,seabank,app_store,1525477806
14390967655,Afdalni,5,Kode : PER8EC,Gunakan kode PER8EC agar dapat cuan ❤️❤️❤️,3.49.0,0,2026-08-05T06:34:50-07:00,SeaBank,seabank,app_store,1525477806
14389862729,Antokcs,5,King s,Mantap,3.49.0,0,2026-08-05T00:01:54-07:00,SeaBank,seabank,app_store,1525477806
14389609209,Mekimemekpucuk,1,Gaje gabisa login,Kenapa mau loging looping di verifikasi ktp pdhl semua udah bener tapi bolak balik di suruh verifikasi,3.49.0,0,2026-08-04T22:13:46-07:00,SeaBank,seabank,app_store,1525477806
14389512732,Bunda Divin,5,Transfer,Cepet dan gratis,3.49.0,0,2026-08-04T21:32:26-07:00,SeaBank,seabank,app_store,1525477806
14389065873,bocahbesar,5,keren dan tdk ribet dan terpacu ya,amanah,3.49.0,0,2026-08-04T18:39:30-07:00,SeaBank,seabank,app_store,1525477806
14388961295,Jojoaditya,5,Harus banyak promo,Kalau masih gratis transfer bank lain selama nya terbaik,3.49.0,0,2026-08-04T18:01:14-07:00,SeaBank,seabank,app_store,1525477806
14387143569,gkyyvto,4,-,"saldo tiba"" hilang aja, tanpa di ketahui",3.49.0,0,2026-08-04T07:49:02-07:00,SeaBank,seabank,app_store,1525477806
14386156684,Redho Aulia,5,berguna,sangat bermanfaat,3.48.1,0,2026-08-04T02:38:07-07:00,SeaBank,seabank,app_store,1525477806
14385941412,Jeff3509,5,SeaBank,Keren ada 100 gratis transfer dan tanpa biaya admin bulanan,3.49.0,0,2026-08-04T01:12:00-07:00,SeaBank,seabank,app_store,1525477806
14385624263,Tatotulis,5,Top,Proses cepat. Terbaik!,3.49.0,0,2026-08-03T22:59:40-07:00,SeaBank,seabank,app_store,1525477806
14385503338,Tata linov,5,Tf bank lain tanpa adm,"Gratis tf lain bank ,proses mudah ,cepat ,jarang eror",3.49.0,0,2026-08-03T22:07:29-07:00,SeaBank,seabank,app_store,1525477806
14385436466,nagari dongeng,5,Trasfer,Pertahankan jgn ada biaya,3.49.0,0,2026-08-03T21:39:28-07:00,SeaBank,seabank,app_store,1525477806
14384726373,TheTreee,3,Tidak bisa login,"saya mau update apk ini tetapi tidak bisa, saya juga tidak tau apa masalahnyasaya coba dowload apk lain lancar” ajaa, tolong dong bantuan nyaa, dampak nya uang saya beku didalam karena saya sudah 5 hari tidak bisa login ke apk nya",3.49.0,0,2026-08-03T17:10:43-07:00,SeaBank,seabank,app_store,1525477806
14384565587,Pdp s,5,Bgus,Terbaik,3.49.0,0,2026-08-03T16:09:09-07:00,SeaBank,seabank,app_store,1525477806
14382993536,Citra tz,5,Cici,Sangat memuaskan,3.49.0,0,2026-08-03T07:43:15-07:00,SeaBank,seabank,app_store,1525477806
14382740705,riyadra,5,good,enak lbih simple,3.49.0,0,2026-08-03T06:33:10-07:00,SeaBank,seabank,app_store,1525477806
14382586439,Agusyudi15,5,Baik,Baik,3.49.0,0,2026-08-03T05:48:30-07:00,SeaBank,seabank,app_store,1525477806
14382117223,rngga59,5,mantappppp,madepp pokona,3.49.0,0,2026-08-03T03:12:14-07:00,SeaBank,seabank,app_store,1525477806
14382035070,nungggur,5,Pinjamn,Sangat Bagus dan Mantap,3.48.1,0,2026-08-03T02:41:06-07:00,SeaBank,seabank,app_store,1525477806
14381632333,Rmaull,5,Bank digital,Terbaik 🔥🔥,3.49.0,0,2026-08-02T23:58:47-07:00,SeaBank,seabank,app_store,1525477806
14381153738,sypwa,1,"jelek bgt jir ni apk ga guna lol ,akun ke blok ada saldo banyak",0,3.49.0,0,2026-08-02T20:34:49-07:00,SeaBank,seabank,app_store,1525477806
14381130846,Mhmmdrizwan,5,Sea bank bagus,Sangat puas,3.48.1,0,2026-08-02T20:25:40-07:00,SeaBank,seabank,app_store,1525477806
14380996209,Ajaidhdh,1,Penipuan,Seabank gue gak bisa d buka asu mana uang d situ semua tolong balikan,3.49.0,0,2026-08-02T19:33:37-07:00,SeaBank,seabank,app_store,1525477806
14379711206,Zie1327,1,Tolong dong csnya dipercepat lelet bgt ya ga bisa sat set,Penangannya lama bgt 😭 sampai beberapa kali habis pulsa masih blom selesai,3.49.0,0,2026-08-02T11:37:43-07:00,SeaBank,seabank,app_store,1525477806
14379249545,zilah_,5,terbaik,membantu banget buat tf,3.49.0,0,2026-08-02T09:14:59-07:00,SeaBank,seabank,app_store,1525477806
14379120053,Sendaloblong,5,Sangat baik,Sangat menbantu,3.49.0,0,2026-08-02T08:37:19-07:00,SeaBank,seabank,app_store,1525477806
14378932276,safira nurliana,5,bagus bgttt,gratis admin real!! membantu,3.48.1,0,2026-08-02T07:43:42-07:00,SeaBank,seabank,app_store,1525477806
14378700379,Febii_,4,Fitur,"Berikan fitur semacam kantong jadi saldo nya bisa di pisahkan kayak kantong buat dana darurat, kebutuhan sehari” biar makin memudahkan",3.49.0,0,2026-08-02T06:36:50-07:00,SeaBank,seabank,app_store,1525477806
14377911018,pke apa dong,5,Mantul,Sangat membantu bnget sih PT bank seabank in🫶🫶,3.49.0,0,2026-08-02T01:56:05-07:00,SeaBank,seabank,app_store,1525477806
14377764549,cek saja,5,ga bagus,"hapus aja akun saya,transaksi gede kurang gede fitur pinjaman gak muncul muncul,malu sama orng tranksasi kecil fitur pinjaman sudah muncul,mending pake bri bisa bantu modal usaha gw",3.48.1,0,2026-08-02T00:56:45-07:00,SeaBank,seabank,app_store,1525477806
14377719332,Epri Erlangga,5,Mauuuu minjam,Semoga berhasil,3.48.1,0,2026-08-02T00:38:11-07:00,SeaBank,seabank,app_store,1525477806
14377360196,Adajoee,5,Puas,Lbh praktis,3.49.0,0,2026-08-01T22:05:43-07:00,SeaBank,seabank,app_store,1525477806
14377246211,maimun fikri,5,puas,sangat bagus sekali apalagi dengan memasukkan kode (MGSDS3) dijamin tambah tebal saldonya,3.49.0,0,2026-08-01T21:17:52-07:00,SeaBank,seabank,app_store,1525477806
14376714402,Bayu Eka Noor Ivan,5,berguna,mantap bisa transaksi dan simpan uang dengan aman,3.49.0,0,2026-08-01T17:51:52-07:00,SeaBank,seabank,app_store,1525477806
14376381753,Edijaya,5,SeaBank pinjam,"ALAMAT SAYA BUKAN DI ACEH, ALAMAT SAYA ASLI LAMPUNG",3.49.0,0,2026-08-01T15:39:04-07:00,SeaBank,seabank,app_store,1525477806
14375672549,Zhasi30,5,Seabank,Untuk saya,3.49.0,0,2026-08-01T11:21:31-07:00,SeaBank,seabank,app_store,1525477806
14375352015,Anggit bagas herlambang,3,Loading lama,Kenapa perbarui lama sekali jalannya,3.49.0,0,2026-08-01T09:40:54-07:00,SeaBank,seabank,app_store,1525477806
14374704759,Kharis yes,5,Oke,Yes,3.49.0,0,2026-08-01T06:37:40-07:00,SeaBank,seabank,app_store,1525477806
14374672428,None0306,1,Tidak bisa login,Tolong uang saya didlm dan tdk bisa login bgmn ini,3.49.0,0,2026-08-01T06:28:19-07:00,SeaBank,seabank,app_store,1525477806
14374659327,xx yta,1,perbaikin lah jangan kebanykan error,malas org mau pesen makan lama x perbaikan nya benci gasuka,3.49.0,0,2026-08-01T06:24:34-07:00,SeaBank,seabank,app_store,1525477806
14374636509,Halahhuft,1,Huft,Tolong lah benerin sistemnya biar gak tiba2 maintenance. Kalo ada maintenance harusnya gak mendadak. Benerin sistem kalian yang sampah itu,3.49.0,0,2026-08-01T06:17:51-07:00,SeaBank,seabank,app_store,1525477806
14374608565,Cabesto,2,APLIKASI RUSAK,"Sistem nya kek anjing, lalot mulu tai",3.49.0,0,2026-08-01T06:09:40-07:00,SeaBank,seabank,app_store,1525477806
14374604976,Di ujung mlm,3,Apk,Bug terus,3.49.0,0,2026-08-01T06:08:37-07:00,SeaBank,seabank,app_store,1525477806
14374584250,xypta,3,gangguan,"ini seabank lgi knpa sih gangguan kah, mau tf gabisa ini",3.49.0,0,2026-08-01T06:02:37-07:00,SeaBank,seabank,app_store,1525477806
14374584097,KING21104,1,j,pencuri,3.49.0,0,2026-08-01T06:02:35-07:00,SeaBank,seabank,app_store,1525477806
14374584024,nama tak diketahui,4,jaringan kadang jelek,tolong min di perbaiki lagi sering terkendala jaringan padahal jaringan bagus aja,3.49.0,0,2026-08-01T06:02:33-07:00,SeaBank,seabank,app_store,1525477806
14374580038,Aksar0906,1,Seabank gajelas,Woi kenapa ga bisa login sinyal lancar,3.49.0,0,2026-08-01T06:01:23-07:00,SeaBank,seabank,app_store,1525477806
14374562896,azgunawan,3,Kurang performa,"Sering tidak bisa masuk/login dengan keterangan periksa koneksi padahal koneksi internet sudah sangat stabil bahkan sudah di perbaharui masi saja tidak bisa, jadi takut pakai seabank",3.49.0,0,2026-08-01T05:56:19-07:00,SeaBank,seabank,app_store,1525477806
14374553044,euwuwuwiow,1,bu,kenapa ga bisa login padahal sinyal kenceng,3.49.0,0,2026-08-01T05:53:21-07:00,SeaBank,seabank,app_store,1525477806
14374547223,IamChocoo,1,Jelek banget,"Ga rekomen pake bank ini, selalu error kalo mau di pake padahal d pake yt wa dll aman aja jaringannya",3.49.0,0,2026-08-01T05:51:35-07:00,SeaBank,seabank,app_store,1525477806
14374539955,radiculosis,1,MAINTENANCE TANPA KABAR,"gabisa masuk ke seabank, padahal lagi urgent.",3.49.0,0,2026-08-01T05:49:22-07:00,SeaBank,seabank,app_store,1525477806
14374535288,Ali nor rahman,1,Abis updute,"Gw abis updute gak bisa login , sinyal gak mslah sama sekali lancar jaya buka apk yg perbankkan yang lain lancar aja tpi buka ni seabank gk bisa, segera perbaiki",3.49.0,0,2026-08-01T05:47:59-07:00,SeaBank,seabank,app_store,1525477806
14374412603,Srirhayu,5,Kantong Digital,"Semoga kedepannya ada tambahan kantong digital, supaya lebih mudah mengorganisir keuangan",3.49.0,0,2026-08-01T05:09:40-07:00,SeaBank,seabank,app_store,1525477806
14374310043,dhan10109,1,Transfer ke dana bisnis ga masuk 2 hari,"udah transfer ke dana bisnis malah ga masuk padahal udah berhasil, sedangkan saya udah chat ke cs dana bisnis saldonya belum masuk/tidak tercatat,gimana ini pelayanan nya masa harus nunggu 20 hari, padahal saya lagi butuh banget malah harus nunggu 20 hari,kalo gitu pas dlu ga nyimpen uang di seabank kalo tau” mau kejadian kaya gini mana nominal nya 600 lebih , kalo 50rb mah gapapa di ikhlasin lah ini 600 ribu lebih gimana dah ini , ini udah mau 20 hari jir belum ada saldo masuk” bank gajelas ini saldo ditahan mulu wkwk udah bikin laporan malah di perpanjang mulu penyelesaian pengaduan laporannya hadeh gajelas",3.49.0,0,2026-08-01T04:35:38-07:00,SeaBank,seabank,app_store,1525477806
14374261930,Raja afrat,5,Bagus,Sangat membatu,3.49.0,0,2026-08-01T04:18:54-07:00,SeaBank,seabank,app_store,1525477806
14373557155,Ainlyzlly,5,SeaBank,"seabank aplikasi yang bagus buat investasi/nabung jangka panjang, transaksi nya jga praktis dengan menggunakan qris, transaksi kemanapun tanpa khawatir biaya admin. pokoknya aplikasi seabank recomende dehh.",3.49.0,0,2026-07-31T23:41:50-07:00,SeaBank,seabank,app_store,1525477806
14373259554,Cursedkidd,1,Didn’t have sense of urgency app,asking for stupid update when i need to pay in the middle of long que but the app can’t be used,3.49.0,0,2026-07-31T21:37:09-07:00,SeaBank,seabank,app_store,1525477806
14372562240,arif jurohman,3,Penilaian umum,Udah 6 tahun pake seabank tapi sampe sekarang belum muncul seabank pinjam nya,3.49.0,0,2026-07-31T17:11:46-07:00,SeaBank,seabank,app_store,1525477806
14372505156,sudedi,5,bisnis,lebih nyaman lebih mudah,3.49.0,0,2026-07-31T16:49:55-07:00,SeaBank,seabank,app_store,1525477806
14372375191,sililiana0606,1,pembaruan,maksa bgt buat diperbarui udah tau penyimpanan hp ku penuh gak bisaaa plisslahh,3.48.1,0,2026-07-31T15:59:17-07:00,SeaBank,seabank,app_store,1525477806
14371811363,Anissheji,5,Opisial,Opisial,3.48.1,0,2026-07-31T12:31:55-07:00,SeaBank,seabank,app_store,1525477806
14371736481,Nina imelda,5,Pakai kode Referal PK4TP2 dapet uang 35rb dari Seabank,Pakai kode Referal PK4TP2 dapet uang 35rb dari Seabank,3.48.1,0,2026-07-31T12:06:23-07:00,SeaBank,seabank,app_store,1525477806
14371698146,Dunik enc,5,Mantap,Bagus,3.48.1,0,2026-07-31T11:53:25-07:00,SeaBank,seabank,app_store,1525477806
14371598882,jahsvdbdhjd,5,fleksibel,"selama menggunakan seabank transaksi menjadi semakin mudah, apalagi di berikan bunga 3.5% p.a cair harian sudah sangat lumayan jika kita menabung uang di seabank dalam jangka panjang, saya harap seabank terus meningkatkan kredibilitasnya dalam memberikan layanan terbaik kepada nasabah :)",3.48.1,0,2026-07-31T11:20:51-07:00,SeaBank,seabank,app_store,1525477806
14371036608,nashiley,5,confirm pay,saran kalau mau tf ga harus masukin pin.. bisain pakai faceid dong min,3.48.1,0,2026-07-31T08:30:35-07:00,SeaBank,seabank,app_store,1525477806
14370780237,Cahyaaaudin Pratama,1,Uang hilang,"Tolong dong uang saya hilang 2,2 jt sea bank",3.48.1,0,2026-07-31T07:19:27-07:00,SeaBank,seabank,app_store,1525477806
14370584560,Emas ink,5,VERY GOOD,Sangat bermanfaat,3.48.1,0,2026-07-31T06:24:44-07:00,SeaBank,seabank,app_store,1525477806
14370492498,Aksa335,1,Lambat,"Seabnk anjink, lagi urgent servermu malah lambat, yutub ig tiktok wa smua lancar pas buka seabank malah masalah jaringan, hp ip 17, padahal lagi urgent bngst memang",3.48.1,0,2026-07-31T05:58:19-07:00,SeaBank,seabank,app_store,1525477806
14370398957,Syukurkjhh,5,Mantap,Ok,3.48.1,0,2026-07-31T05:30:17-07:00,SeaBank,seabank,app_store,1525477806
14370205382,Canap cantika amalia,5,Kritikan,"Min tolong perbaiki lagi dong masa saya tf ke bri melalui seabank dari status diseabank ny berhasil saldo pun sudh kepotong namun di bri nya belum masuk juga. Tolong di perbaiki lagi min, hal begini sangat mengganggu dan membuang waktu🙏🏻",3.48.1,0,2026-07-31T04:29:07-07:00,SeaBank,seabank,app_store,1525477806
14370199516,Mas.Imam,5,Test,Aplikasinya bagus,3.48.1,0,2026-07-31T04:27:12-07:00,SeaBank,seabank,app_store,1525477806
14370118472,Agus gareta,5,Bahagia,Dengan adanya ini transaaksi lebih lancar,3.48.1,0,2026-07-31T03:59:46-07:00,SeaBank,seabank,app_store,1525477806
14370104298,Rtanzou,3,Lelet,"Jaringan ok, hp ok, mau lihat riwayat transaksi setengah mampus, asik cobak lagi mulu, ntah apa mau nya, tolong lah lebih di perbaiki lagi utk apk nya, terimakasih..🙏🏻",3.48.1,0,2026-07-31T03:54:45-07:00,SeaBank,seabank,app_store,1525477806
14369453244,virliii,5,sukaaa bgt,luvv maacii yg nyiptain seabank,3.48.1,0,2026-07-30T23:38:03-07:00,SeaBank,seabank,app_store,1525477806
14369238725,Miladzent,5,good,good,3.48.1,0,2026-07-30T22:07:41-07:00,SeaBank,seabank,app_store,1525477806
14369207838,Yohan Lewi,5,terimakasih,sangat membantu,3.48.1,0,2026-07-30T21:54:53-07:00,SeaBank,seabank,app_store,1525477806
14368887657,indyyrahmaaa,5,mantapp,sangatt membantuuuu,3.48.1,0,2026-07-30T19:46:53-07:00,SeaBank,seabank,app_store,1525477806
14368519425,ndazaki,1,tolonh,"ini kenapa ya update jya ko lama banget, pdhal pake wifi , dan memori ku aman banget aku mau transaksi susah",3.48.1,0,2026-07-30T17:29:09-07:00,SeaBank,seabank,app_store,1525477806
14368458514,vivi suryati,5,bank,kenapa harus di perbarui,3.48.1,0,2026-07-30T17:05:59-07:00,SeaBank,seabank,app_store,1525477806
14368005633,Aldino Reynando,5,aman nyaman,sangat memudahkan masyarakat untuk bertransaksi dengan mbanking,3.48.1,0,2026-07-30T14:12:14-07:00,SeaBank,seabank,app_store,1525477806
14367997511,yusuf99yf,5,jos,terbaik,3.48.1,0,2026-07-30T14:09:15-07:00,SeaBank,seabank,app_store,1525477806
14367127400,rmodjw,1,gimanaa ga di acc acc,ini gimana kok saya udah mengajukan pinjaman kaga di acc acc lamaa bangett niat ga si,3.48.1,0,2026-07-30T09:23:18-07:00,SeaBank,seabank,app_store,1525477806
14366281522,Abidayatlaw,5,Seabank mantap sangat membantu,Setiap transaksi free gays,3.48.1,0,2026-07-30T05:19:19-07:00,SeaBank,seabank,app_store,1525477806
14366229437,Seabank keren,5,Lebih praktis,"Suka karena tak ad biaya transaksi, lebih mudah dan cepat",3.48.1,0,2026-07-30T05:02:50-07:00,SeaBank,seabank,app_store,1525477806
14366162415,buldozeerrr,5,transaksi,bagus,3.48.1,0,2026-07-30T04:40:59-07:00,SeaBank,seabank,app_store,1525477806
14366079978,Amranpusaka,5,Mantap,Selama ini berjalan lancar,3.48.1,0,2026-07-30T04:12:58-07:00,SeaBank,seabank,app_store,1525477806
14366068262,Jalal hasibuan,5,Terbaik saat ini,Sudah saya gunakan bbrapa bulan untuk pembayaran banking sangat membantu dan aman semoga selalu aman dan terpercaya ya.. Sehat sehat CEO nya,3.48.1,0,2026-07-30T04:08:55-07:00,SeaBank,seabank,app_store,1525477806
14365899227,Wjaldn,5,Bagusss,K5VQHE pakai nih biar kamu dapat kejutam,3.48.1,0,2026-07-30T03:07:13-07:00,SeaBank,seabank,app_store,1525477806
14365787193,starsss egypt,5,Harapan,Semoga gaada uang kesedot tbtb ya,3.48.1,0,2026-07-30T02:24:06-07:00,SeaBank,seabank,app_store,1525477806
14365661613,ucis0909,5,Berharap Bisa Tarik Tunai gratis di ATM Bersama,Semoga kedepannya ada Inovasi dari Pihak Seabank bisa tarik di ATM karena tidak semua Indomaret punya Saldo Tunai.,3.48.1,0,2026-07-30T01:33:53-07:00,SeaBank,seabank,app_store,1525477806
14365492511,Adriawan A.P,5,keren,good,3.48.1,0,2026-07-30T00:23:38-07:00,SeaBank,seabank,app_store,1525477806
14365163211,Elsamanora07,5,Cs,Cs nya sangat bagus dan sangat membantu aku dan ramah dan sabar juga,3.48.1,0,2026-07-29T22:04:05-07:00,SeaBank,seabank,app_store,1525477806
14364922075,clara olavio,1,QRIS ga masuk ke merchant,"Tanggal 16 Juli 2026 tgl 18.52 aku transaksi pake Qris ke toko langganan aku. Malemnya pemilik bengkel ngehubungin katanya saldo belum masuk. Aku udah laporan CS katanya suruh nunggu 1x24 jam. Setelah 1x24 jam dana belum juga cair ke merchant, aku hubungi lagi CS nya dan mereka ngeyel kalo status di seabank sudah berhasil, jadi dana ngga bisa kembali. Pihak penerima juga sudah menghubungi BCA selaku bank yg mereka pake. Kata BCA nya, memang ada transaksi sejumlah itu tapi statusnya gagal karena Respon Time Out (RTO), artinya dana dari seabank ga masuk² lebih dari 24 jam.

Logikanya sih harusnya kalo dari BCA nya aja udah ngedetect ada transaksi itu tapi gagal, dari seabanknya juga gagal ga sih?

Akhirnya setelah aku telpon berkali² ngabisin pulsa banyak, mereka baru bisa proses keluhanku. Dan terpantau sampe skrg tanggal 30 Juli 2026 belum ada kejelasan apapun uangku akan kembali atau engga. Katanya suruh nunggu maksimal 20 hari kerja atau 14 Agustus 2026. Masalahnya aku jadi harus bayar 2x ke pihak tokonya karena mereka neror terus minta bayar. Mereka ga salah krn itu haknya, aku jg SEHARUSNYA ga salah karna saldoku udah kepotong.

Aku tunggu sampe tgl 14 Agustus nanti ya kak, kalo memang belum ada kepastian sampe tgl tersebut terpaksa aku bawa sampe OJK, karena nominal yang aku transfer juga besar.

Terima kasih, dan mohon nasabah yang ada masalah seperti ini diprioritaskan.",3.48.1,0,2026-07-29T20:24:52-07:00,SeaBank,seabank,app_store,1525477806
14364916023,Ochie.N,5,Very useful,I like the app indeed. Free admin and it is easy to use,3.48.1,0,2026-07-29T20:22:30-07:00,SeaBank,seabank,app_store,1525477806
14364777205,Jubeeey,5,Transfer antar beda bank,Cepat tanpa admin,3.48.1,0,2026-07-29T19:29:33-07:00,SeaBank,seabank,app_store,1525477806
14364527202,Raganya Adam,5,Keren,Sudah bagus semua di pertahankan sea bank,3.48.1,0,2026-07-29T17:56:55-07:00,SeaBank,seabank,app_store,1525477806
14364221304,Fitriah aisyah,5,Baik,Baik,3.48.1,0,2026-07-29T15:57:41-07:00,SeaBank,seabank,app_store,1525477806
14364147073,Rezqip,5,Sangat bermanfaat,Saya sangat terbantu,3.48.1,0,2026-07-29T15:28:28-07:00,SeaBank,seabank,app_store,1525477806
14363937159,FadilReza,5,Good,Josjis free admin,3.48.1,0,2026-07-29T14:08:26-07:00,SeaBank,seabank,app_store,1525477806
14363188829,Kasimirus putra kiu,5,Sangat membantu,Terbaik,3.48.1,0,2026-07-29T09:57:58-07:00,SeaBank,seabank,app_store,1525477806
14362424800,Willy fajar denastra,5,Saya mau ada fitur pinjaman kak,Seabank no 1,3.48.1,0,2026-07-29T06:17:08-07:00,SeaBank,seabank,app_store,1525477806
14362122781,gusti aku baru tau,5,okee mantapp,buat nabung okee paraaah,3.48.1,0,2026-07-29T04:43:22-07:00,SeaBank,seabank,app_store,1525477806
14362088937,Fresh from roots,5,Good Experience,bunga harian untuk saving money. Isi kode referral dengan PUEXXN 👍🏻,3.48.1,0,2026-07-29T04:32:00-07:00,SeaBank,seabank,app_store,1525477806
14361625090,Selamathariyadi,1,Apalagi klau di acc pinjam,Acc pinjam,3.48.1,0,2026-07-29T01:35:16-07:00,SeaBank,seabank,app_store,1525477806
14361337233,esmantst,5,proses cepat,sangat bagus dan cepat terpercaya saya sangat berterimah kasih kepada seabank  sangat membantu sekali bahkan bisa cair kan dana paypal dengan mudah dan cepat,3.48.1,0,2026-07-28T23:33:59-07:00,SeaBank,seabank,app_store,1525477806
14361209806,R 4M4D4N 1,5,Mantap,Sangat membantu,3.48.1,0,2026-07-28T22:39:32-07:00,SeaBank,seabank,app_store,1525477806
14361187295,utha man,5,Bank yang simple,Transfer ke bank lain ga kena biaya,3.48.1,0,2026-07-28T22:29:49-07:00,SeaBank,seabank,app_store,1525477806
14361075539,Picky Oriesta ayu,5,Pelanggan baru,Puas,3.48.1,0,2026-07-28T21:42:09-07:00,SeaBank,seabank,app_store,1525477806
14360984709,Vme5299,1,Sharing data,Dont u ever take my data anymore !!!!!!!!,3.48.1,0,2026-07-28T21:04:20-07:00,SeaBank,seabank,app_store,1525477806
14360943146,citra ramadhani syarifudding,5,Tq,Tq tq tq,3.48.1,0,2026-07-28T20:47:25-07:00,SeaBank,seabank,app_store,1525477806
14360773041,Cikruan,5,Mantap,Good,3.48.1,0,2026-07-28T19:41:24-07:00,SeaBank,seabank,app_store,1525477806
14360771636,Mamangsatu,5,Sangat bagus,Bagus,3.48.1,0,2026-07-28T19:40:54-07:00,SeaBank,seabank,app_store,1525477806
14360757625,Sintyalaura,5,Kerenn,Keren,3.47.0,0,2026-07-28T19:35:38-07:00,SeaBank,seabank,app_store,1525477806
14360439613,rizal_l14,1,saldo saya belum masuk,status sukses padhal,3.48.1,0,2026-07-28T17:37:19-07:00,SeaBank,seabank,app_store,1525477806
14359595237,Vredhyxxx,5,Excellent,Praktis & aman,3.47.0,0,2026-07-28T12:24:36-07:00,SeaBank,seabank,app_store,1525477806
14358892272,Yama ajah,5,Bintang 5,Terbaik Memang,3.48.1,0,2026-07-28T08:45:57-07:00,SeaBank,seabank,app_store,1525477806
14357982667,ziifllow,5,jos,sangat baik,3.48.1,0,2026-07-28T04:16:36-07:00,SeaBank,seabank,app_store,1525477806
14357692808,Brayen baskara,5,Seabank,Bagus,3.48.1,0,2026-07-28T02:28:29-07:00,SeaBank,seabank,app_store,1525477806
14357503150,Seabank11,5,Seabank mantab,Kirim terima transfer mudah dan gratis kemana2,3.48.0,0,2026-07-28T01:12:23-07:00,SeaBank,seabank,app_store,1525477806
14357498884,taek1.,1,seabank terlalu luamaaa.,kenapa pengajuan seabank pinjam. acc nya lama banget. niat apa enggak sih.,3.48.1,0,2026-07-28T01:10:36-07:00,SeaBank,seabank,app_store,1525477806
14357312012,yoookjuuu,5,Mantap,Mantap,3.48.1,0,2026-07-27T23:52:33-07:00,SeaBank,seabank,app_store,1525477806
14356798829,Desi anggrainii,5,KODE BONUS : A86XVP,Ambil Bonus Kamu! Buka rekening SeaBank dengan gunakan kode referral berikut: A86XVP,3.48.1,0,2026-07-27T20:18:27-07:00,SeaBank,seabank,app_store,1525477806
14356643440,Charlye Sarendeng,5,Transaksi,Aman dan Terjaga,3.48.1,0,2026-07-27T19:19:17-07:00,SeaBank,seabank,app_store,1525477806
14356537085,Irmasonhaji,5,Memudahkan untuk transaksi,Transaksi jadi satset,3.48.1,0,2026-07-27T18:40:07-07:00,SeaBank,seabank,app_store,1525477806
14354934718,Khaidir1793,5,Mantap,Semoga amanah,3.48.1,0,2026-07-27T09:20:50-07:00,SeaBank,seabank,app_store,1525477806
14354697700,The Gionino,5,👍,👍,3.48.1,0,2026-07-27T08:13:05-07:00,SeaBank,seabank,app_store,1525477806
14353726833,Izutannn,3,Tidak dapat melakukan pinjaman,Biasa aja,3.48.1,0,2026-07-27T03:08:42-07:00,SeaBank,seabank,app_store,1525477806
14353692065,Una@91,5,Bebas biaya admin ke bank lain 👍,Keren,3.48.1,0,2026-07-27T02:56:00-07:00,SeaBank,seabank,app_store,1525477806
14353250603,Nawanhaha,5,Mantap,Sangat bermanfaat,3.48.1,0,2026-07-26T23:53:41-07:00,SeaBank,seabank,app_store,1525477806
14353212931,Imi_at,5,Sangat worth it,Puas dengan seabank,3.47.0,0,2026-07-26T23:37:24-07:00,SeaBank,seabank,app_store,1525477806
14353093026,arunaaaawwwwwwwww,1,TOLONG!!!!!!!!!,"TOLONG DONG RESPONNYA UNTUK YANG MENGALAMI KENDALA TU CEPATT, SAYA BUTUH UANGNYA MIN, KALAU KENA DENDA APAKAH SEABANK MAU GANTIIN DENDANYA!!!!!!",3.48.1,0,2026-07-26T22:45:02-07:00,SeaBank,seabank,app_store,1525477806
14353081357,lordmoba,5,sanhat bagus,mantap,3.48.1,0,2026-07-26T22:39:54-07:00,SeaBank,seabank,app_store,1525477806
14353043266,Dadiuuurrrr,5,Aku,Mantap,3.48.1,0,2026-07-26T22:23:09-07:00,SeaBank,seabank,app_store,1525477806
14352713066,Alarisca,5,Josjis,Josjis jan sezzz,3.48.1,0,2026-07-26T20:05:44-07:00,SeaBank,seabank,app_store,1525477806
14352671465,theloboz,5,Tansfer,Transfer mudah skali,3.48.1,0,2026-07-26T19:49:21-07:00,SeaBank,seabank,app_store,1525477806
14352500275,Delta milan,5,sangat membantu,aman . simple . terbaik,3.48.1,0,2026-07-26T18:44:22-07:00,SeaBank,seabank,app_store,1525477806
14350756322,hilman sauqi,5,100% Baguss,mohon bantu ajuan pinjam saya,3.48.1,0,2026-07-26T08:26:50-07:00,SeaBank,seabank,app_store,1525477806
14350581616,hanifase,5,p,sangat baik,3.48.1,0,2026-07-26T07:36:43-07:00,SeaBank,seabank,app_store,1525477806
14350384940,owaiku,5,bagus,bagus,3.48.1,0,2026-07-26T06:39:14-07:00,SeaBank,seabank,app_store,1525477806
14349995300,Ardeliakho,4,Ulasan,"Worth it tf kemanapun tanpa biaya admin,cmn deg’an krn gaada bank realnya",3.48.1,0,2026-07-26T04:32:50-07:00,SeaBank,seabank,app_store,1525477806
14349661412,B.Whitakker,4,Request fitur,Tambahkan fitur pembagian dana,3.48.1,0,2026-07-26T02:23:28-07:00,SeaBank,seabank,app_store,1525477806
14349495523,keomn,2,kesulitan login,"saya baru mendaftarkan akun saat memasukkan ktp, ktp saya sudah terdaftar saja. tapi tidak ada solusinya",3.48.1,0,2026-07-26T01:15:56-07:00,SeaBank,seabank,app_store,1525477806
14348601507,Parhera,5,Terbaik,Cepat n mudah,3.48.1,0,2026-07-25T19:03:52-07:00,SeaBank,seabank,app_store,1525477806
14347901373,si hacker tukang kepoin saya,1,update trus,biar bagis,3.48.1,0,2026-07-25T14:19:36-07:00,SeaBank,seabank,app_store,1525477806
14347764589,Kuyungmabrur,5,Ok,Mantap,3.47.0,0,2026-07-25T13:27:14-07:00,SeaBank,seabank,app_store,1525477806
14347758343,Rifai aldi firmansyah,5,Mantap sat set,Gak nyesel,3.48.1,0,2026-07-25T13:24:52-07:00,SeaBank,seabank,app_store,1525477806
14346711310,Teti pardede,5,Bagus,Bagus,3.48.1,0,2026-07-25T07:44:20-07:00,SeaBank,seabank,app_store,1525477806
14345818397,bayukurniawan,5,user friendly,user friendly,3.47.0,0,2026-07-25T02:46:44-07:00,SeaBank,seabank,app_store,1525477806
14345665704,Rifqi adw,1,Tidak ramah disabilitas netra,Pas mau buat pin keyboardnya tidak bisa dibaca oleh voice over jadi saya kesusahan buat pin. Akhirnya saya belum daftar. Harap diperbaiki agar mudah digunakan oleh disabilitas netra,3.48.1,0,2026-07-25T01:45:06-07:00,SeaBank,seabank,app_store,1525477806
14345370193,Eca Thesa,3,Log in problem,"Kenapa tidak bisa log in selalu ada keterangan “terdapat kendala sistem” sudah telp CS, sudah unggah log, sudah email, sudah update aplikasi. Semuanya tidak bisa",3.48.1,0,2026-07-24T23:43:11-07:00,SeaBank,seabank,app_store,1525477806
14345185733,Nadyaputrirejeki,5,Mantep,Keren sih 👏🏻,3.48.1,0,2026-07-24T22:23:51-07:00,SeaBank,seabank,app_store,1525477806
14345047862,Bessefitriyani,5,SeaBank,Mempermudah buat bertransaksi,3.48.1,0,2026-07-24T21:24:39-07:00,SeaBank,seabank,app_store,1525477806
14344910787,Pamulia siahaan,1,Pelayanan buruk,Bank paling buruk,3.48.1,0,2026-07-24T20:27:35-07:00,SeaBank,seabank,app_store,1525477806
14343718421,Cunhkring,5,P,Mantap pokoknya,3.48.0,0,2026-07-24T12:46:03-07:00,SeaBank,seabank,app_store,1525477806
14343439586,ringgah,5,lebih mantap dari yang lain,sukses terus👍🏻,3.48.1,0,2026-07-24T11:10:02-07:00,SeaBank,seabank,app_store,1525477806
14343114898,Muhammad zaini afif,5,Mudah di akses,Oke lah,3.48.1,0,2026-07-24T09:28:03-07:00,SeaBank,seabank,app_store,1525477806
14342919550,Lukiyem,1,Kecewa dengan seabank,"Jujur kecewa banget sama seabank, kukira pengamanan dan hal lainnya sesuai ekspetasi ya. Ternyata engga! Maaf banget ni tapi dua kali transaksi dari seabank ke bank lain pake bi-fast harusnya langsung sampe tapi uangnya ga masuk walaupun mungkin bagi beberapa orang uangnya ga seberapa tapi itu uang kepake buat biaya pengobatan saya kecewa banget 😞
Jadi mending kalian harus aware dan lebih teliti juga cek bank ini aman ga secara keseluruhan transaksi🙏🏻",3.48.1,0,2026-07-24T08:30:41-07:00,SeaBank,seabank,app_store,1525477806
14342566458,Code REFERRAL =  HKQQCC,5,HKQQCC,HKQQCC adalah code REFERRAL untuk mendapatkan 50rb sampai jutaan dengan menyelesaikan pendaftaran akun anda,3.48.1,0,2026-07-24T06:50:58-07:00,SeaBank,seabank,app_store,1525477806
14342211946,Reswarrrr,5,Sangat memuaskan,Pokoknya top,3.48.1,0,2026-07-24T05:05:22-07:00,SeaBank,seabank,app_store,1525477806
14342055115,asoaso28,5,keren,keren apk ini,3.48.1,0,2026-07-24T04:12:59-07:00,SeaBank,seabank,app_store,1525477806
14341976087,Black898979,5,baguss cepat,cepat,3.48.1,0,2026-07-24T03:44:32-07:00,SeaBank,seabank,app_store,1525477806
14341570496,yoga duansyah,5,baik,baik,3.48.1,0,2026-07-24T01:04:13-07:00,SeaBank,seabank,app_store,1525477806
14341314958,Ca_0””,1,ga bisa buat rekening,"ga bisa buat rekening alasan nya sinyal pdhal wifi lancar aja, trus ktp nya ga terdeteksi pdhal ktp masih baru kinclong, apk gaje",3.48.1,0,2026-07-23T23:16:29-07:00,SeaBank,seabank,app_store,1525477806
14340579604,Yulisantiana,5,Ok,Bagus,3.48.1,0,2026-07-23T18:20:38-07:00,SeaBank,seabank,app_store,1525477806
14339869664,gilgaakecil,5,Aplikasinya mantap,Suka pake seabank,3.48.1,0,2026-07-23T13:45:28-07:00,SeaBank,seabank,app_store,1525477806
14338817782,zaaaarun,5,seabank pinjam,semoga di acc,3.48.1,0,2026-07-23T08:11:56-07:00,SeaBank,seabank,app_store,1525477806
14338646075,Jupfriadi,5,Mudah-mudahan di kasi limit pinjaman,Sangat bagus,3.48.1,0,2026-07-23T07:24:22-07:00,SeaBank,seabank,app_store,1525477806
14337993606,prilysoraya,5,sangat baik,👍👍👍,3.48.1,0,2026-07-23T04:07:01-07:00,SeaBank,seabank,app_store,1525477806
14337669058,Neythaaa,5,Bagus bgt Ngk ada pemotongan aneh aneh,SeaBank emank suka aku ey,3.48.1,0,2026-07-23T02:04:54-07:00,SeaBank,seabank,app_store,1525477806
14337165030,Aldini Putri,5,keren,moga selalu gada admin untuk fitur transfer antar bank,3.48.0,0,2026-07-22T22:35:35-07:00,SeaBank,seabank,app_store,1525477806
14337091398,Putu randi,5,Pinjaman,Semoga di kasih pinjaman,3.47.0,0,2026-07-22T22:04:22-07:00,SeaBank,seabank,app_store,1525477806
14336882514,Sayuyv,5,Cepat dan aman,Sangat mempermudah urusan kebutuhan ekonomi dan tabungan,3.48.1,0,2026-07-22T20:39:07-07:00,SeaBank,seabank,app_store,1525477806
14335988951,Mulhsan,5,Sangat puas,Cara cepat mengeapikasi nya,3.47.0,0,2026-07-22T14:57:22-07:00,SeaBank,seabank,app_store,1525477806
14335662910,Farahuna,5,Ok,Ok,3.48.1,0,2026-07-22T12:58:24-07:00,SeaBank,seabank,app_store,1525477806
14333704071,Anislesha,5,Alhamdulillah,"Sangat membantu sekali , senengnya bisa memakai bank iki. Bank yang sangat aku andalkan",3.48.1,0,2026-07-22T02:41:16-07:00,SeaBank,seabank,app_store,1525477806
14333042961,ery_dolphin,5,seabank pinjam,tolong seabank pinjam nya di acc,3.48.0,0,2026-07-21T22:02:30-07:00,SeaBank,seabank,app_store,1525477806
14332977480,Saa ..,5,Terbaik👍,Terbaik👍,3.48.0,0,2026-07-21T21:34:19-07:00,SeaBank,seabank,app_store,1525477806
14332566437,M hamami,5,Pelayanan,"Pelayanan sangat bagus,cepat dan tesponsif,gratis admin👍👍",3.48.0,0,2026-07-21T18:52:10-07:00,SeaBank,seabank,app_store,1525477806
14330897890,Fadli97,5,the best👍,👍👍,3.48.0,0,2026-07-21T09:05:32-07:00,SeaBank,seabank,app_store,1525477806
14330693473,Seabank gacor,5,Tanpa bunga setiap bulan,Gacorrrr pokoknya,3.47.0,0,2026-07-21T08:07:03-07:00,SeaBank,seabank,app_store,1525477806
14330161528,Leny afriyani,5,😍,Puass bgttt!!!! Gada admin😍,3.48.0,0,2026-07-21T05:34:38-07:00,SeaBank,seabank,app_store,1525477806
14329037125,Baby VHy,5,Nabung aman dan gak ribett,Walaupun kadang suka error pas d butuhin tp ttp aman buat nabung dan ttp dpet bunga🥰,3.48.0,0,2026-07-20T22:14:03-07:00,SeaBank,seabank,app_store,1525477806
14328509162,seroja25,5,Pengajuan,pinjaman,3.48.0,0,2026-07-20T18:43:40-07:00,SeaBank,seabank,app_store,1525477806
14328090764,bucu cenge,5,perbankan yang sangat bagus👍🏻🤍,bebas biaya dan bunga sangat memanjakan🤍,3.48.0,0,2026-07-20T16:02:46-07:00,SeaBank,seabank,app_store,1525477806
14328058737,Gatot Mahendro,5,SeaBank Mantab,Free tf lanjutkan 🤭🤭,3.48.0,0,2026-07-20T15:50:01-07:00,SeaBank,seabank,app_store,1525477806
14327881033,Arghaniee,5,mantap,bagus,3.48.0,0,2026-07-20T14:40:45-07:00,SeaBank,seabank,app_store,1525477806
14327460741,abbdulloh,5,bagus banget cepet,"bagus ga sia"" punya seabank cepet potongan cuma400 semakin di depan pokoknya mah",3.48.0,0,2026-07-20T12:12:00-07:00,SeaBank,seabank,app_store,1525477806
14327259548,Rio prtma,1,Aplikasi penilap duet org,"Awak login dh pas semua malah di putar putar disitu aja dri kemaren,gk udh percaya sama aplikasi ini,nnti dibikin gk bsa login klen pas masi ada saldo klen tengok lah ati ati klen lh klo nyimpen duet disini",3.48.0,0,2026-07-20T11:05:21-07:00,SeaBank,seabank,app_store,1525477806
14327004555,Rizkihidyt,5,Layanan,Bagus,3.48.0,0,2026-07-20T09:45:05-07:00,SeaBank,seabank,app_store,1525477806
14326741062,dandi putra pratama,5,Seabank,"Buat yang tidak punya kartu ATM aplikasi ini ngebantu banget sih, contohnya kaya bisa menerima transfer dari bank manapun karna hanya memakai digital bank yang tersedia di seluruh saluran indonesia, aman and gampang banget transaksinya",3.47.0,0,2026-07-20T08:26:28-07:00,SeaBank,seabank,app_store,1525477806
14326333532,Dhanybebek0,5,Berfungsi sangat baik,Aplikasi sangat berguna,3.47.0,0,2026-07-20T06:28:52-07:00,SeaBank,seabank,app_store,1525477806
14326292830,Uwakuwaksalto,5,Akun Bank aku,"Suka banget, Kemana aja bisa.",3.48.0,0,2026-07-20T06:16:51-07:00,SeaBank,seabank,app_store,1525477806
14325977940,Marcona 123,5,Mantap,Bagus sekali,3.48.0,0,2026-07-20T04:35:50-07:00,SeaBank,seabank,app_store,1525477806
14325867575,LAMATTOLING,5,Mantap,Enak di pake,3.47.0,0,2026-07-20T03:56:18-07:00,SeaBank,seabank,app_store,1525477806
14325713474,Youry shop,5,Top,top,3.48.0,0,2026-07-20T02:56:20-07:00,SeaBank,seabank,app_store,1525477806
14325626451,terimakasih atas perjalananya,5,Transfers,Transfer ke semua jenis bank cepat,3.48.0,0,2026-07-20T02:20:26-07:00,SeaBank,seabank,app_store,1525477806
14325589327,Vin-6,5,Bagus,Berguna dan sangat nyaman dipakai,3.47.0,0,2026-07-20T02:05:09-07:00,SeaBank,seabank,app_store,1525477806
14324620913,ERIK RIKARSIH,5,100%aman,Sangat baik,3.47.0,0,2026-07-19T19:10:51-07:00,SeaBank,seabank,app_store,1525477806
14323560585,Wilyamdeni,5,Mantap,Sekali,3.48.0,0,2026-07-19T12:21:35-07:00,SeaBank,seabank,app_store,1525477806
14321835525,Swpth,5,Semua bagus,Sangat puas sekali dengan seabank 🥰🥰🥰,3.48.0,0,2026-07-19T03:28:47-07:00,SeaBank,seabank,app_store,1525477806
14321605199,Roi Daniel 12345,1,Seabank,"Apk nggak jelas aku Daniel Victor roi lapor yang ku masih nyangkut 2,5 juta sampai sekarang nggak bisa login gara” nomor Bo sudah nggak aktif",3.48.0,0,2026-07-19T02:06:07-07:00,SeaBank,seabank,app_store,1525477806
14321102957,ghyxdrfqhiqi77,5,H,👍🏻👍🏻👍🏻,3.48.0,0,2026-07-18T22:46:03-07:00,SeaBank,seabank,app_store,1525477806
14320869156,Dikysoe,4,Worth it,Semoga saya bisa mengajukan pinjaman menggunakan seabank pinjam,3.47.0,0,2026-07-18T21:06:58-07:00,SeaBank,seabank,app_store,1525477806
14320595876,Yaeaebhbhjbcf,1,Mengecewakan,"Cs yg bernama olin tidak ramah, menjelaskan jg seperti tidak niat, mana di bikin ribet, lama jga, sangat mengecewakan, bikin gak loyal sma seabank ini, pedahal pertama kali pakai tpi sdh bikin gak puas.",3.48.0,0,2026-07-18T19:19:12-07:00,SeaBank,seabank,app_store,1525477806
14319650628,mmswow,1,mmq,bug mulu anjg,3.48.0,0,2026-07-18T13:15:49-07:00,SeaBank,seabank,app_store,1525477806
14318118988,Masyril sigli,5,Terbaik,Bagus,3.48.0,0,2026-07-18T05:25:08-07:00,SeaBank,seabank,app_store,1525477806
14317250699,Zaki Khoirul muna,5,seabank pinjam,"Acc dong min, make apk ini udah lama banget",3.47.0,0,2026-07-17T23:51:17-07:00,SeaBank,seabank,app_store,1525477806
14316668407,kodok game,5,kok ada biaya tf nya,kok ada biaya adminnya,3.48.0,0,2026-07-17T19:52:59-07:00,SeaBank,seabank,app_store,1525477806
14316496040,Snytaa,2,Transaksi berhasil saldo berkurang tetapi belum di terima oleh penerima,TOLONG DONGG UNTUK APK INI KENAPA HARUS ADA KENDALA DI TRANSAKSI YA?PADAHAL UDAH SEPERCAYA ITU MALAH MASIH KEJADIAN SEPERTI INI DAN TOLONG KALAU ADA LAPORAN SEGERA DI TINDAK LANJUTKAN SAYA UDAH NUNGGU 12 HARI DAN SUDAH BIKIN LAPORAN 4X TETEP GA ADA HASIL NOMOR YG TERCANTUM PUN GAGAL DI HUBUNGI LANTAS HARUS LAPORAN KEMANA LAGI KANTOR CABANG NYA BELUM MENYELURUH TERUS GIMANA?,3.48.0,0,2026-07-17T18:48:27-07:00,SeaBank,seabank,app_store,1525477806
14316047990,ubayydilahh,5,mantap,sangat membantu,3.48.0,0,2026-07-17T15:55:19-07:00,SeaBank,seabank,app_store,1525477806
14315791498,agusfariski,4,bintang 4,karna proses spinjam tidak sesuai syaa sudah 1bulan menunggu,3.47.0,0,2026-07-17T14:16:38-07:00,SeaBank,seabank,app_store,1525477806
14314619275,Sihantu dari goa buta,5,Best bank app,"Gada masalah sampai detik ini, ga bakal resign pake nih bank the best
Pengalaman pake mybca livin brino
Ni bank the best
No.2brimo
Mybca n livin bisa masuk comberan aja",3.48.0,0,2026-07-17T08:02:51-07:00,SeaBank,seabank,app_store,1525477806
14314523391,Woosskk,5,Hemmm,Ya ya ya,3.47.0,0,2026-07-17T07:36:44-07:00,SeaBank,seabank,app_store,1525477806
14313054202,Allfulldnes,5,All full,SEABANK untuk trx apapun sarden ga pake pending☺️😎,3.47.0,0,2026-07-16T23:00:27-07:00,SeaBank,seabank,app_store,1525477806
14312683444,Yopinaaaa,5,Best,Mantap dapat bonus dan geratis ke semua bank,3.47.0,0,2026-07-16T20:28:07-07:00,SeaBank,seabank,app_store,1525477806
14312608367,GreenBelt867,5,Kode :  U7WMNQ,Gunakan kode U7WMNQ agar dapat cuaannn ❤️❤️❤️❤️❤️,3.47.0,2,2026-07-16T19:59:24-07:00,SeaBank,seabank,app_store,1525477806
14312216540,lokimoci,5,tidak meyesal,"sangat membantu untuk transaksi, mudah di pahami",3.47.0,0,2026-07-16T17:34:11-07:00,SeaBank,seabank,app_store,1525477806
14311726190,Monicajulian23,5,Transaksi yang sangat aman,Good good,3.47.0,0,2026-07-16T14:25:13-07:00,SeaBank,seabank,app_store,1525477806
14311544978,Jojoharianto,5,Bagus,Baik,3.47.0,0,2026-07-16T13:19:44-07:00,SeaBank,seabank,app_store,1525477806
14310410580,2Khansa,5,Transaksi,Sangat memudahkan dalam bertransaksi,3.47.0,0,2026-07-16T07:27:54-07:00,SeaBank,seabank,app_store,1525477806
14310307201,Luki ariansah,2,pinjaman,ngapain ada pinjaman kalau limit lama muncul bos bikin orng kesel saja,3.47.0,0,2026-07-16T06:58:58-07:00,SeaBank,seabank,app_store,1525477806
14309933539,Ferdy i,1,terlalu sering verivikasi,verivikasi,3.47.0,0,2026-07-16T05:06:35-07:00,SeaBank,seabank,app_store,1525477806
14309792188,Bs_im,5,terima kasih banyak,dengan adanya seabank kami sekeluarga bebas kirim uang dengan santai tanpa memikirkan potongan biaya admin.,3.47.0,0,2026-07-16T04:19:06-07:00,SeaBank,seabank,app_store,1525477806
14309580423,Rimadi yansah,5,Rima,Sanggat baik,3.47.0,0,2026-07-16T03:00:09-07:00,SeaBank,seabank,app_store,1525477806
14309132338,edho widodo,5,Ok,Pelayanan tetbaik,3.47.0,0,2026-07-15T23:54:17-07:00,SeaBank,seabank,app_store,1525477806
14308625093,@awn,5,Keren,Bantu banget aplikasi nya easy dan sangat keren semoga terus membantu dan mempermudah ya,3.47.0,0,2026-07-15T20:19:21-07:00,SeaBank,seabank,app_store,1525477806
14308315866,varydvalley,5,Ok,Joss,3.47.0,0,2026-07-15T18:21:16-07:00,SeaBank,seabank,app_store,1525477806
14308229856,apaalw,5,Seabank,Mantap,3.47.0,0,2026-07-15T17:48:32-07:00,SeaBank,seabank,app_store,1525477806
14307957227,BBN nnn,5,Angel,Sippp,3.47.0,0,2026-07-15T16:01:24-07:00,SeaBank,seabank,app_store,1525477806
14305660231,RAFLI APRIANSYAH,1,CUSTEMER SERVICE NYA GAJELAS,DI TELEPON MALAH SEDANG SIBUK MULU UDAH TAU MAU BENERIN AKUN GARA’ NOMOR YANG SUDAH TIDAK AKTIF!,3.47.0,0,2026-07-15T03:47:59-07:00,SeaBank,seabank,app_store,1525477806
14305651613,Muhammad romdani,5,Good bank,Sangat baik,3.47.0,0,2026-07-15T03:44:50-07:00,SeaBank,seabank,app_store,1525477806
14305635822,Cindy princes,5,Penilaiannya,Sangat over” banget tampa biaya admin🥳🥳🥳,3.47.0,0,2026-07-15T03:39:00-07:00,SeaBank,seabank,app_store,1525477806
14305457320,Awaelberdanska,5,Bank terpercaya,Kenapa saya suka pake bank ini karna menyimpan / deposit disini enak aman dan terjamin,3.47.0,0,2026-07-15T02:30:16-07:00,SeaBank,seabank,app_store,1525477806
14304933407,Putri16n,1,Layanannya jelek banget,"Masa rekening saya bermasalah di suruh telpon ke cs giliran saya telpon ga di angkat angkat saya keluhin masalhnya ga ngerti ngerti di suruh telpon cs,gimana mau nelpon cs nya kalau tidak di angkat angkat!!!????",3.47.0,0,2026-07-14T22:49:12-07:00,SeaBank,seabank,app_store,1525477806
14304127389,Adrianto31,5,Baik,Mudah di gunakan,3.47.0,0,2026-07-14T17:28:56-07:00,SeaBank,seabank,app_store,1525477806
14303521003,Poetra98,5,Topbank,Sangat membantu dalam segala perihal pembayaran dan transaksi,3.47.0,0,2026-07-14T13:36:14-07:00,SeaBank,seabank,app_store,1525477806
14302693644,by89o,1,aplikasi bank terburuk,uang gw mengendap 8jt dan tba2 di bilang gak bs log in. siang gw bs log in pake verifikasi wajah skg tiba2 dibilang gagal. gila lu seabank duit gw lu makan gitu aja! gw sumpahin uang nasabah yg kalian makan dipakai utk biaya pengobatan yg tidak ada akhirnya smpai bener2 menderita di dunia ini..,3.47.0,0,2026-07-14T09:14:36-07:00,SeaBank,seabank,app_store,1525477806
14302675036,maxill14,5,oke,bagus,3.47.0,0,2026-07-14T09:09:09-07:00,SeaBank,seabank,app_store,1525477806
14301742015,prohevcs,1,.,"tiba tiba tf ke shopee pay, padahal ga tf sama sekali",3.47.0,0,2026-07-14T04:36:17-07:00,SeaBank,seabank,app_store,1525477806
14301672359,Rayyan mahir,5,Isdebes,Mudah dan cepat,3.47.0,0,2026-07-14T04:12:16-07:00,SeaBank,seabank,app_store,1525477806
14300983225,Rahmat jati,5,Mantap,Mantap,3.47.0,0,2026-07-13T23:31:01-07:00,SeaBank,seabank,app_store,1525477806
14300968225,Nabelwp46,5,Sangat membantu,Proses cepat,3.47.0,0,2026-07-13T23:24:22-07:00,SeaBank,seabank,app_store,1525477806
14300948924,Cep odang,5,Pengaduan,Pak/bu kenapa seabank gak bisa dibuka apakah ada gangguan . Kalo mau mengadu atau bertanya harus kesiapa soalnya semua app seabank disini (di rumah saya) pada gak bisa dibuka,3.47.0,0,2026-07-13T23:15:53-07:00,SeaBank,seabank,app_store,1525477806
14300788669,Taskiyazhara19,5,SeaBank,"Salah satu Bank ecomers yang menghasilkan dan nyata sih, keamanan data juga terjamin mantap 🙏🏻",3.47.0,0,2026-07-13T22:05:17-07:00,SeaBank,seabank,app_store,1525477806
14299668462,Winclick,5,Bintang 5,Puas dengan seabank,3.47.0,0,2026-07-13T14:46:01-07:00,SeaBank,seabank,app_store,1525477806
14298056080,Ega panggil saja ego,5,Pengajuan ditolak terus,Rudet ngajuin pinjaman ditolak terus padahal gk punya tunggakan dimana pun ditambah dipake transaksi terus tiap hari ini aplikasi😪kecewa nunggu 1 bulan lagi nunggu 1 bulan lagi hasilnya nihil,3.47.0,0,2026-07-13T06:19:24-07:00,SeaBank,seabank,app_store,1525477806
14297185544,sdy212:,5,Bagus,Membantu sekali,3.47.0,0,2026-07-13T01:06:42-07:00,SeaBank,seabank,app_store,1525477806
14296720908,Échaddai,5,BAGUS BANGETT,Pakai kode 8AAXUB nantii dapet bonuss tabungan yaa🧡,3.47.0,0,2026-07-12T21:45:47-07:00,SeaBank,seabank,app_store,1525477806
14296556921,MacMiniMo,1,Scam Bank,"Ini bank 1 grup dng shopee. Jika anda mengalami kendala pembayaran atas layanan cs atau pelanggaran hak konsumen yang dibuat secara sengaja tapi cara halus oleh shopee maka anda sebaiknya ga usah buang waktu lapor ke cs shopee atau cs seabank. Cs seabank terbukti sengaja mengulur waktu saya sdh buktikan bot mrk sengaja diatur spt itu agar nasabah bosan menunggu anda sudah nunggu bbrp menit dr urutan 64 sampai 16 begitu balik chat blm tersedia tp anda nulis di kotak chatbox dan minta layanan chat cs lg maka chat dinilai lg dr 64 pdhl ga ada jeda 1 mnt nulis di chatbox saat waiting list. Segera lapor ke OJK tulis deskripsi dan unggah bukti kerugian finansial anda. Jika anda rugi transaksi toko online lapor ke kementerian perdagangan dan badan penyelesaian sengketa konsumen nasional. Tunggu diproses itu jauh lebih baik drpd layanan cs seabank n shopee yg cuma kasih harapan palsu. Saya sudah sekian x dirugikan secara finansial dr shopee dan seabank dan hari ini saya unduh form penutupan akun seabank dan tutup shopee platinum, cabut saham SEA juga. Udah habis kesabaran saya atas pelanggaran hak konsumen grup ini di Indonesia. Udah ga minat cuma nyerahin profit ke bisnis dr Singapore. Saran saya mending pakai layanan bank yg msh ada cabang fisiknya jangan bank digital. Seabank is scam financial services they don't care to deliver customer service for you! Avoid this bank!",3.47.0,0,2026-07-12T20:37:13-07:00,SeaBank,seabank,app_store,1525477806
14296511791,jeussssb,5,sangat baik,bagusas,3.47.0,0,2026-07-12T20:19:07-07:00,SeaBank,seabank,app_store,1525477806
14296005023,purwasih 123,5,bagus,coba ada fitur kantong nya pasti lebih bagus lagi,3.47.0,0,2026-07-12T17:03:14-07:00,SeaBank,seabank,app_store,1525477806
14294106066,Sala al,5,Permohonan,Acc pengajuan pinjaman modal saya,3.47.0,0,2026-07-12T06:22:39-07:00,SeaBank,seabank,app_store,1525477806
14293356350,Rossa573,1,Pelit,Pelit susah acc dana pinjaman padaha gak prnh terlambat bayar,3.47.0,1,2026-07-12T01:50:18-07:00,SeaBank,seabank,app_store,1525477806
14293125270,Pujiyan,5,Merasa puas dengan seabank,Mantap,3.47.0,0,2026-07-12T00:13:54-07:00,SeaBank,seabank,app_store,1525477806
14292230917,Ekha togala,5,Kartu kredit,Gk bisa terpakai,3.47.0,0,2026-07-11T18:11:53-07:00,SeaBank,seabank,app_store,1525477806
14291739386,Anjassworo,5,Mantap,Menyalaa🚀,3.47.0,0,2026-07-11T15:01:26-07:00,SeaBank,seabank,app_store,1525477806
14291244264,Pujiant,1,Claim bonus,Ngibul tertera daftar seabank dapat bonus eh taunya nipu,3.47.0,0,2026-07-11T12:02:38-07:00,SeaBank,seabank,app_store,1525477806
14290343457,Sulaswhhyu,5,Transfer ke bank jago,Mantap sesama bank gratis cuii,3.47.0,0,2026-07-11T07:25:52-07:00,SeaBank,seabank,app_store,1525477806
14289800552,Ramdan dinata,3,Uang transfer belum sampai ke mbanking pribadi,"Dari sore uang transfer saya ke mbanking pribadi & masih belum masuk, tolong dikembangkan lagi & jangan membuat pengguna khawatir. cepat kembalikan uang saya!!!",3.47.0,0,2026-07-11T04:38:52-07:00,SeaBank,seabank,app_store,1525477806
14289667769,Awek jg,5,Bank digital yg mantul,Sukses selalu,3.47.0,0,2026-07-11T03:51:08-07:00,SeaBank,seabank,app_store,1525477806
14289576779,Yolanda Kusumawati,1,Saya terlibat penipuan dana ada kasus transaksi berulangkali dengan nomor rekening yang sama,Tetapi pihak seabank tidak merespons saya tidak mendapatkan respon cepat karena uang saya hilang,3.47.0,0,2026-07-11T03:16:28-07:00,SeaBank,seabank,app_store,1525477806
14288752904,Mbot33,5,Saya puas,Mantap,3.47.0,0,2026-07-10T21:35:27-07:00,SeaBank,seabank,app_store,1525477806
14287891237,Seabank tll,1,Seabank gaajelas,Gajelas bgt gabisa login aneh malah bulak balik verif ktp gajelas asli,3.47.0,0,2026-07-10T16:00:45-07:00,SeaBank,seabank,app_store,1525477806
14287794918,Subadri ninjar,5,Sea bank 💕,Sangat memuaskan ujtuk transaksi baik antar bank lain,3.47.0,0,2026-07-10T15:22:19-07:00,SeaBank,seabank,app_store,1525477806
14287736671,Maxwin777,5,Luarbiasa,Mantap,3.47.0,0,2026-07-10T14:59:50-07:00,SeaBank,seabank,app_store,1525477806
14287707659,Dagopakar01,5,Tentang keuangan,Mudah dan aman,3.47.0,0,2026-07-10T14:48:34-07:00,SeaBank,seabank,app_store,1525477806
14287290176,mrbeb87,1,tidak jelas,tidak jelas,3.47.0,0,2026-07-10T12:19:41-07:00,SeaBank,seabank,app_store,1525477806
14286964973,gjelas_1247272,1,duhh,ribeeettttt:(((((;;;;;,3.47.0,0,2026-07-10T10:33:31-07:00,SeaBank,seabank,app_store,1525477806
14286612682,Skaypicer,5,Terbaik,Mudah cepat,3.47.0,0,2026-07-10T08:47:49-07:00,SeaBank,seabank,app_store,1525477806
14286418236,zdcsadfrd,5,Apk kerenn,"Apk paling bagus,mudah dan sangat bermanfaat",3.47.0,0,2026-07-10T07:52:58-07:00,SeaBank,seabank,app_store,1525477806
14286181502,raufsanja,4,Bagus untuk kita semuanya,Tiada,3.47.0,0,2026-07-10T06:47:04-07:00,SeaBank,seabank,app_store,1525477806
14285829736,tikanawa,1,saldo tertahan atas laporan org yg memfitnah saya,"saldo saya di tahan tanpa persetujuan kedua pihak, padahal saya di sini korban, tapi akun saldo saya di tahan, saya di suruh nunggu maximal 6hari, tapi sabtu dan minggu mereka libur, jadi saya harus nunggu lebih dari 6 hri dong? gimana siiii seabank inii, harus nya bisa lebih bijak donggg, jangan cuma asal nahan saldo nasabah, DAN SAMPE SEKARANG SALDO SAYA MASIH TERTAHANNN!! DI TUNGGU TELFON DARI TIM TERKAIT!",3.47.0,0,2026-07-10T05:02:32-07:00,SeaBank,seabank,app_store,1525477806
14285758282,Khabibos,5,Membantu sekali,Good,3.47.0,0,2026-07-10T04:39:22-07:00,SeaBank,seabank,app_store,1525477806
14283487757,Rizali_zal,5,Mantap,Mantap,3.46.0,0,2026-07-09T13:45:35-07:00,SeaBank,seabank,app_store,1525477806
14282330782,Risun Alapola,5,SeaBank,Cepat dan gratis,3.47.0,0,2026-07-09T07:48:14-07:00,SeaBank,seabank,app_store,1525477806
14282201205,santi melina,1,saldo hilang,"saldo selalu kepotong ,lapor ke cs gaada solusi malah nunggu itikad baik si merchant konyol banget",3.47.0,0,2026-07-09T07:12:03-07:00,SeaBank,seabank,app_store,1525477806
14282064250,Bataraaa,5,Puass,Sangat membantu,3.47.0,0,2026-07-09T06:33:34-07:00,SeaBank,seabank,app_store,1525477806
14281873453,fafad18,5,rate bintang 10,i love seabank,3.47.0,0,2026-07-09T05:37:38-07:00,SeaBank,seabank,app_store,1525477806
14281681115,rahmayuniar,5,seabank terbaik,aplikasi bagus banyak promoanya,3.46.0,0,2026-07-09T04:36:25-07:00,SeaBank,seabank,app_store,1525477806
14281477088,Wahyu elna,5,Bintang 10,Sangat bagus,3.47.0,0,2026-07-09T03:24:37-07:00,SeaBank,seabank,app_store,1525477806
14281207125,Hendro1,5,Mudah,Sangat praktis,3.47.0,0,2026-07-09T01:38:15-07:00,SeaBank,seabank,app_store,1525477806
14280889634,prabowoadi,1,Registrasi tabungan,"Katanya udh sehari buat opening rekening tp blm dapprove juga, kok lama kah bintang 3 dlu",3.47.0,0,2026-07-08T23:20:50-07:00,SeaBank,seabank,app_store,1525477806
14280877484,Marsi1111,5,Bagusss,Kapan baru bisa ajukan pinjaman saya,3.47.0,0,2026-07-08T23:15:36-07:00,SeaBank,seabank,app_store,1525477806
14280399177,Mey Rakhmawati,5,Transaksi mudah dan cepat,Terimkasih sea bank karena sudah memudahkan segala transaksi,3.47.0,0,2026-07-08T19:58:29-07:00,SeaBank,seabank,app_store,1525477806
14280340647,Bizxcccw,2,Kenapa sea ga bisa di buka pas Uset,Bintang 1,3.47.0,0,2026-07-08T19:36:29-07:00,SeaBank,seabank,app_store,1525477806
14277787211,uristela,1,promo tdk casback!!!,coba belanja dialfamidi pake promo ultah tapi gak dapat casback sama sekali!!,3.47.0,0,2026-07-08T05:16:42-07:00,SeaBank,seabank,app_store,1525477806
14276931124,riaoktaaaa,5,SELAMAT ULANG TAHUN BANK KESAYANGANKU,"pengguna lama seabank, terimakasih seabank atas promoan 5 ribu nya, jaya terus seabank ku ❤️",3.47.0,0,2026-07-07T23:37:56-07:00,SeaBank,seabank,app_store,1525477806
14276816381,Leonardo wib,5,Aplikasinya bagus mantapd,Mantapss,3.47.0,0,2026-07-07T22:47:26-07:00,SeaBank,seabank,app_store,1525477806
14275888254,InisialZR,5,Berharap agar segara acc,Berharap segera acc pinjaman karna saya sering transaksi menggunakan seabank,3.46.0,0,2026-07-07T16:37:02-07:00,SeaBank,seabank,app_store,1525477806
14275700368,Gunawan777,5,Operasional,Mudah,3.47.0,0,2026-07-07T15:22:19-07:00,SeaBank,seabank,app_store,1525477806
14275161135,dooreal,5,SeaBank CUKUP BAGUSS,"Seabank pinjam saya kenapa tidak muncul ya?Transaksi padal tiap bulan 10jt ++ terus ,Ingin munculin SeaBank Pinjam ga pernah muncul tapi aplikasinya simpel Sementara aku bintang 4 dulu ya,Seabank Pinjam muncul aku langsung kasih bintang 5💓 ayo semua pake seabank,terimakasih seabank🫶🏻",3.46.0,0,2026-07-07T12:09:55-07:00,SeaBank,seabank,app_store,1525477806
14274970334,alifahuuy,1,SUSAH LOGINN,"uda brp kali download seabank sm aja wkwk, gabisa daftar pdhl nomor nya uda bener dan kode otp nya ga masuk’ mau lewat sms ataupun wa🫢, uda ikutin cara nya supaya masuk tetep aja gabisa aneh aneh..🤣, betulin lagi aplikasi lo banyak mau nya banget",3.47.0,0,2026-07-07T11:07:30-07:00,SeaBank,seabank,app_store,1525477806
14273404615,keyy^,5,KODE: BPLZHP,"pendaftarannya mudah, aplikasinya sangat membantu, memudahkan proses tarik menarik uang",3.47.0,0,2026-07-07T03:05:00-07:00,SeaBank,seabank,app_store,1525477806
14273375646,Zeaku,5,akhirnya bisa,keren,3.47.0,0,2026-07-07T02:53:37-07:00,SeaBank,seabank,app_store,1525477806
14273272099,Ariska@7159,5,Mantap,Cepat dan tepat,3.46.0,0,2026-07-07T02:11:42-07:00,SeaBank,seabank,app_store,1525477806
14272552886,Dadang Codet2159,5,Good,Lumayan sangat membantu,3.47.0,0,2026-07-06T20:59:18-07:00,SeaBank,seabank,app_store,1525477806
14272503023,nasfaaaa,5,seabank,bagus,3.47.0,0,2026-07-06T20:38:38-07:00,SeaBank,seabank,app_store,1525477806
14272320819,Candra ali,5,Bagus,Sanggat bagus,3.47.0,0,2026-07-06T19:26:45-07:00,SeaBank,seabank,app_store,1525477806
14272050254,Ripal Alpiansah,5,Bahagia,Senang bisa menggunakan SeaBank,3.46.0,0,2026-07-06T17:44:48-07:00,SeaBank,seabank,app_store,1525477806
14271446149,Dzakifaruqamr,5,Seabankku,Sangat berguna untuk menabung untung bertransaksi sangat mudah dan di percaya,3.46.0,0,2026-07-06T13:53:53-07:00,SeaBank,seabank,app_store,1525477806
14270070056,andy priyo,5,seabank,transfer sangat cepat dan aman,3.47.0,0,2026-07-06T06:53:59-07:00,SeaBank,seabank,app_store,1525477806
14269612174,Rizky sunaryadi,5,Pinjaman,Belom juga di acc pengajuan nya,3.47.0,0,2026-07-06T04:30:24-07:00,SeaBank,seabank,app_store,1525477806
14269590355,Vorzeck,5,Sangat membantu,Gampang mudah aman bunga besar,3.47.0,0,2026-07-06T04:22:44-07:00,SeaBank,seabank,app_store,1525477806
14269474851,Maletube,1,Susah bangett ngebuhubungin cs nyaaaa,"Nge WA cs nggk di balesss nelfon ngomongnya agent nya lagi sibuk, ini akun saya kena hack dan saldo di rekening di bank saya sudah kuras habiss. Dan ketika ingin menghubungi cs sangat sulit. Buat yang buka rekening di seabank saya sarankan buka rekening di bank lain ajaa yang CS nya bisa di hubungi dengan mudah dan gerceppppp!!!!!!",3.47.0,0,2026-07-06T03:40:22-07:00,SeaBank,seabank,app_store,1525477806
14269374049,Sisi sisirnya,5,Bagus,Sangat bijak,3.46.0,0,2026-07-06T03:01:06-07:00,SeaBank,seabank,app_store,1525477806
14269353338,Finati thoibah,5,hbd seabank indonesia,"seabank oke banget menguntungkan dengan adanya bunga tabungan setiap hari nyaa, thankyouuu seabank",3.47.0,0,2026-07-06T02:52:48-07:00,SeaBank,seabank,app_store,1525477806
14269173544,Dnl198,1,Minta saldo di balikin,"Gw pengguna lama aplikasi ini dan sebelumnya udah kasih review jujur bahkan nyaranin nih aplikasi ke temen"".... Tapi gegara kejadian gw co barang payment pake seabank tapi dana nya gk masuk, dan di saranin buat batalin pesanan nya dulu abis itu baru co lagi... Nah setelah di batalin saldo gk balik sampe detik ini, udah pengaduan ke CS lewat live chat tapi gk di tanggepin sampe tiap hari bikin pengaduan biar di Full Up, mungkin buat nih founder aplikasi duit segitu kecil ya... Tapi beda buat gw.. dan akhirnya deposit langsung di tarik dan di pindah ke apl lain, masih nunggu aja kebijakan penyelesaian nya sama admin Seabank nya",3.47.0,0,2026-07-06T01:38:25-07:00,SeaBank,seabank,app_store,1525477806
14268430314,Mahsus124,5,MEMBANTU,Sangat membantu saya pada setiap transaksi,3.47.0,0,2026-07-05T20:15:51-07:00,SeaBank,seabank,app_store,1525477806
14268160024,latif putra,5,mantap,mantap,3.47.0,0,2026-07-05T18:28:51-07:00,SeaBank,seabank,app_store,1525477806
14268152519,Jokowa 79,5,Usefull,"User friendly, murah",3.47.0,0,2026-07-05T18:25:59-07:00,SeaBank,seabank,app_store,1525477806
14268138736,Putri.A.S,5,Sea bank jos,Terbaik,3.47.0,0,2026-07-05T18:20:43-07:00,SeaBank,seabank,app_store,1525477806
14267219971,sahrulramadanh88,5,Bagus,Mantap,3.46.0,0,2026-07-05T12:37:43-07:00,SeaBank,seabank,app_store,1525477806
14267178971,Arwandibram,5,The best,Aplikasi terbaik,3.46.0,0,2026-07-05T12:24:09-07:00,SeaBank,seabank,app_store,1525477806
14267030729,Bintoro65,5,SeaBank 🧡,"Sejauh ini SeaBank menjadi aplikasi perbankan digital favorit saya. Proses transfer sangat cepat, tampilannya sederhana sehingga mudah digunakan, dan fitur gratis transfer serta top up sangat membantu untuk kebutuhan sehari-hari. Saya juga suka karena aplikasinya ringan, responsif, dan jarang mengalami kendala. Semoga ke depannya SeaBank terus menghadirkan inovasi baru serta menjaga kualitas layanan dan keamanannya. Sangat direkomendasikan!",3.47.0,0,2026-07-05T11:35:40-07:00,SeaBank,seabank,app_store,1525477806
14264904878,ACHMAD ROCHIM,5,Transfer,Sangat membantu tiap transaksi transfer bebas biaya,3.46.0,0,2026-07-04T23:43:26-07:00,SeaBank,seabank,app_store,1525477806
14263950608,Arum Anggraini,5,Arum Anggraeni,"Saya sangat terbantu menggunakan aplikasi ini , transfer dan transaksi kemana aja ada🥰terimakasih SeaBank🫶😘",3.47.0,0,2026-07-04T17:05:55-07:00,SeaBank,seabank,app_store,1525477806
14261694005,Dikamar,1,Ribet,Ribet verifikasi wajah terus,3.47.0,0,2026-07-04T04:26:27-07:00,SeaBank,seabank,app_store,1525477806
14260833269,Pelangan yg kecewa,5,Mencoba,Semoga tidak mengecewakan,3.46.0,0,2026-07-03T22:49:04-07:00,SeaBank,seabank,app_store,1525477806
14260702265,Bryans lele,5,Good,Safe,3.46.0,0,2026-07-03T21:54:59-07:00,SeaBank,seabank,app_store,1525477806
14260625205,nuri tebe,5,Jojis,Secepat kilat,3.47.0,0,2026-07-03T21:23:44-07:00,SeaBank,seabank,app_store,1525477806
14260568830,sunneri,5,Seabank pinjam,"Dpet notif seabank pinjam min 
Tlong di acc ajj",3.47.0,0,2026-07-03T21:01:17-07:00,SeaBank,seabank,app_store,1525477806
14260466869,IbraBramsta.,1,Gblok,Laen kali konfirmasi anjing kalau mau pembayaran di luar pengetahuan,3.46.0,0,2026-07-03T20:21:41-07:00,SeaBank,seabank,app_store,1525477806
14259550535,Argawa,5,pinjaman,Mantap,3.46.0,0,2026-07-03T14:32:37-07:00,SeaBank,seabank,app_store,1525477806
14258680980,Pala gue,1,Kecewa,"ini gimana si apk nya masa tiba” log out sendiri disuruh masukan password salah udah diganti password katanya verifikasi ktp sudah diverifikasi katanya ktp sudah terdaftar gimna si orang mau masuk akun gabisa bisa,,udah pernah sih kyk gini dulu akhirnya bisa masuk lgi sekian purnama tapi masuknya ini klok gadak saldonya mah gue biarin masalah nya ada saldonya ini gimna dong min tolong arahannya dong??????",3.47.0,0,2026-07-03T09:46:38-07:00,SeaBank,seabank,app_store,1525477806
14257893729,Ms Winda,5,KODE REFFERAL : 9XPU7C,"Ambil Bonus Kamu! Buka rekening SeaBank dengan gunakan kode referral aku : 9XPU7C 
🥰🥰🥳",3.47.0,0,2026-07-03T06:11:16-07:00,SeaBank,seabank,app_store,1525477806
14257229032,Jago merah,5,sea bank,mantappp,3.46.0,0,2026-07-03T02:29:42-07:00,SeaBank,seabank,app_store,1525477806
14256853636,varelyavanza,5,Seabank emang bisa membantu,kerenn banget,3.46.0,0,2026-07-02T23:58:02-07:00,SeaBank,seabank,app_store,1525477806
14256239308,priceactionhunter,5,Ulasan,Mantappp,3.46.0,0,2026-07-02T19:55:43-07:00,SeaBank,seabank,app_store,1525477806
14256211593,evana widya,5,sangat membantu,ga kena admin antar bank bagus ga ribet,3.46.0,0,2026-07-02T19:45:36-07:00,SeaBank,seabank,app_store,1525477806
14254100598,HUDHAA,5,Good,Sangat membantu,3.46.0,0,2026-07-02T08:04:28-07:00,SeaBank,seabank,app_store,1525477806
14253604506,Bidang jasa,1,Apk tai apk bangsad apk haram apk penipuan,"Apk tai ini ternyata, saya di transfer teman uang sebesar 300 ribu rupiah lewat bank bni, ketujuan rekening saya seabank, sudah lebih dari 24 jam belum masuk masuk juga dana nya ke rekening seabank saya.. ngehubungi lewat live chat, gitu gitu aja jawabannya, ga ngasih solusi. Intinya ini apk penipuan..",3.46.0,0,2026-07-02T05:51:32-07:00,SeaBank,seabank,app_store,1525477806
14253450550,Saya sudah berusaha,5,Mantul,Ok banget sangat membatu,3.46.0,0,2026-07-02T05:06:06-07:00,SeaBank,seabank,app_store,1525477806
14252983274,Seabank hemat,5,Sangat cepat dan hemat,Bagi pengguna baru dapet bonus dari seabank,3.46.0,0,2026-07-02T02:27:00-07:00,SeaBank,seabank,app_store,1525477806
14252615096,yurnani,5,rekomendasi,"aplikasi terbaik di bidang nya, saya sangat puas mengunakan apk ini,",3.46.0,0,2026-07-01T23:58:54-07:00,SeaBank,seabank,app_store,1525477806
14252548024,Rizalical,5,BANK TERBAIK,"Selalu mengerti kebutuhan Nasabah, top the best!",3.46.0,0,2026-07-01T23:31:39-07:00,SeaBank,seabank,app_store,1525477806
14252300416,Miku12328,5,Good,Suka banget,3.46.0,0,2026-07-01T21:51:17-07:00,SeaBank,seabank,app_store,1525477806
14251580643,Icebaby24A_,5,Senang,"Gratis biaya tf , bunga rendah, tapi masih menunggu persetujuan",3.46.0,0,2026-07-01T17:25:32-07:00,SeaBank,seabank,app_store,1525477806
14251029528,phutrasawerigading,5,Seabank pinjam tolong di acc,Butuh dana,3.46.0,0,2026-07-01T14:00:05-07:00,SeaBank,seabank,app_store,1525477806
14250202638,Galing galang,1,Akun di blok,Ini gimana sih akun malah di blok orang butuh duit mana saldo nya di dalam seabank lagii,3.46.0,0,2026-07-01T09:40:22-07:00,SeaBank,seabank,app_store,1525477806
14249377153,Gajelasss22,1,Bank tolol,Sering gangguan tiap hari,3.46.0,0,2026-07-01T05:57:01-07:00,SeaBank,seabank,app_store,1525477806
14249279229,Marzy van Muskie,1,Banyak bug nya,"Login sering gangguan, transfer ke bank lain sering gangguan",3.46.0,0,2026-07-01T05:28:50-07:00,SeaBank,seabank,app_store,1525477806
14249246945,Aniarr055,3,Ga jelas,"Kadang lemotttt, kadang ga bisa tf ke bank lain sebelll !!!!!",3.46.0,0,2026-07-01T05:19:26-07:00,SeaBank,seabank,app_store,1525477806
14249057721,burok ba,1,Seabank gajelas,"Tiba tiba saldo di potong,padahal saya tidak pernah mengaitkan aplikasi ini ke langganan",3.46.0,0,2026-07-01T04:21:20-07:00,SeaBank,seabank,app_store,1525477806
14248904929,Frans26715,5,Good,ATKVDC jangan lupa masukkan referal saya,3.46.0,0,2026-07-01T03:29:44-07:00,SeaBank,seabank,app_store,1525477806
14248794059,Fyxxxx3,5,Bagus,Sippp,3.46.0,0,2026-07-01T02:49:35-07:00,SeaBank,seabank,app_store,1525477806
14248430079,Cute store,5,Bagus😍👌👌,😍😍,3.46.0,0,2026-07-01T00:27:10-07:00,SeaBank,seabank,app_store,1525477806
14248386050,skdijdenc,1,server,Payah server perbaikin,3.46.0,0,2026-07-01T00:09:47-07:00,SeaBank,seabank,app_store,1525477806
7808794942,d. sav,5,BANK YANG BENAR BENAR MENGERTI KEBUTUHAN NASABAH,"Setelah pemakaian selama seminggu, ternyata app SeaBank sangat membantu sekali, terutama untuk top up Shopee Pay dan e wallet lainnya tidak ada fee (free)

(+) Bunga 7% benar masuk setiap hari, flow aplikasi sangat mudah digunakan tidak se ribet app Shopee ternyata. 

(+) Dan dibanding app bank lainnya sy jauh lebih suka pakai ini. Simple dan sesuai kebutuhan. Loading nya juga termasuk cepat. 

(+) Setiap ada transaksi bukti langsung masuk ke email. 

(+) langsung terlihat berapa total nominal bunga yg sudah didapatkan

(+) Bisa membuat limit harian transfer dan transaksi (Up to 200 Juta/hari), lumayan besar.

(-) Hanya saja saat ini tidak banyak Merchant yg bisa VA SeaBank, semoga dikedepannya ada sehingga tidak perlu lewat bank lain untuk VA, karena sudah dicoba untuk transfer ke VA bank lain namun belum berhasil (akun tidak ditemukan). 

Saran, adakan fitur Hide Saldo, sehingga saldo tidak langsung terlihat didepan. Menurut saya akan lebih baik ada pemberian kartu Debit untuk lebih official juga.",2.5.0,161,2021-09-15T06:53:07-07:00,SeaBank,seabank,app_store,1525477806
7586854788,financeappsuser,5,Cukup OK,"Proses buka rekening tercepat saat ini, isian form awalnya cuma sedikit.
Saran agar ditambahkan fitur bayar dan beli serta pembukaan deposito atau flexible saving seperti bank digital lain.
Semoga ke depannya bisa dikembangkan kartu debit fisik dan virtualnya.",2.1.0,14,2021-07-17T06:22:48-07:00,SeaBank,seabank,app_store,1525477806
13545143178,ATL897,5,Kode :  U7WMNQ,Sangat membantu. Pakai kode U7WMNQ agar kamu dapat kejutan ❤️❤️❤️,3.34.0,6,2025-12-22T23:24:31-07:00,SeaBank,seabank,app_store,1525477806
8025035619,rindu senja al,1,TRANSFER ANTAR BANK TIDAK MASUK SUDAH 1 BULAN,"ini gmn kok udh 3 hari kerja gk selesai2 aduan sy? 
niat apa gk sih jadi bank? 
uang sy 500rb blm msk ke rek. tujuan dr tgl 14 pct 
*oct skrg sdh terhitung 1bln tp blm msk2 
niat ato gk ini jd bank, sy jd nsb mandiri gk pernah di treat spt ini
kesel sy ditagih2 ky org miskin sm penerima, pdhl jls2 sdh dr tgl 14 oct tf, kok blm masuk2 smp detik ini, kl pun sy gk complain pasti gk di tf beneran kan ke penerima? 
kok bisa ya 
kl gk tau aturan bank gk ush sok2an bikin bank sgl
sy sdh capek marah2 di telp 
gk seharusnya nasabah spt ini 
sy di shope platinum dan star seller, nabung di seabank jg gk nominal sedikit, kmrn sy pernah mau nitip 200jt
tp kl pelayanan nya sanagt buruk spt ini BIG NO OGAH 
dr tgl 14 pct tf blm msk ke penerima sm skl
gr2 ini sy ditagih2 kyk org MISKIN dan PENIPU 
pdhl ket. di tf  REAL TIME ONLINE, saldo lgsg berkurang saat itu jg tp uang 500rb blm sampai ke tujuan rek. penerima 
lha trs uang sy kmn? 
10 adu, 11 12 skrg tgl 15 pas 3 hari kerja harusnya udh selesai kan? 
apa yg membuat itu lama kerja? sy tf dan saldo berkurang saat itu jg, knp disuruh nunggu lg? 
gk becus jd bank 
tutup aja lah 
sy nsb prio kok malah dibuat ribet ky gn 
perkara duit 500rb 
tlg dipriorotaskan
ini sdh bikin malu 
ditagih2 gj pdhl sdh sjk 14 oct sy tf 

sy mau refund ek akun seabank sy uang sy tsb 
atau
ya pokoknya msk lgsg ke rek. penerima lah 
sy sdh tf kok bisa2 nya gk dibalikin uang? 

TLG DI JWB 
uang sy 500rb kl udh berkurang dr saldo sy, tp blm diterima oleh rek: penerima, trs dmn skrg uang sy? stuck dmn? 

SENIN sesuai JANJI 3 hari kerja atau bs lbh cepat hari ini, SY TUNGGU
kalo gk beres, tak kasus kan, share sosmed koran, dan tutup akun seabank 

trims 
mhn diprioritaskan 
udh 1 bln uang 500rb sy mangkrak entah dmn

pelayanan buruk, cs lemot semua
kasus blm selesai smp skrg 
gk ada kabar 
untuk semua uang sdh tak pindah ke rek awal yg lh terpercaya yaitu mandiri
jgn terkecoh bunga besar, 
kl gk mau duit anda ilang",2.9.0,15,2021-11-14T17:32:17-07:00,SeaBank,seabank,app_store,1525477806
7645851847,yohanao,4,Applikasi yang mudah untuk financial masa kini,Tapi masih banyak fitur2 yg kurang seperti tidak ada kartu debit fisik. Dan juga kalau top up gopay dan ovo agak susah min,2.3.0,11,2021-08-02T02:34:57-07:00,SeaBank,seabank,app_store,1525477806
9223760702,Rika Maryati,5,Love bngt utk Aplikasi ini,Kebantu bngt,2.33.0,4,2022-10-26T06:23:18-07:00,SeaBank,seabank,app_store,1525477806
8241402656,ellenaurel,4,Fitur Kurang Lengkap,"sebenernya seabank ini sgt nyaman digunakan, tampilanya simple bunga besar. tp sayangnya tidak ada fitur pocket yg bisa digunakan untuk mengkelompokan kebutuhan biar mudah mengatur uang kedepanya. mungkin bisa ditingkatkan untuk fiturnya terimakasih",2.13.2,6,2022-01-14T18:21:10-07:00,SeaBank,seabank,app_store,1525477806
8838962586,skyyyuu,5,Dapat bonus tunai,Dapatkan bonus tunai Rp 15.000 sekarang dengan daftar SeaBank dan gunakan kode referral-ku : GLUTBZ,2.25.0,3,2022-07-04T01:41:04-07:00,SeaBank,seabank,app_store,1525477806
7872505011,ach ghoni,2,verifikasi sudah tapi di tolak,no good,2.7.0,4,2021-10-03T02:55:15-07:00,SeaBank,seabank,app_store,1525477806
10590035312,wwan set,1,DUIT RAIB SALDO HILANG TIDAK ADA SOLUSI,"Woy gue pemake seabank udh lama sering transaksi juga, baru kali ini duit gue hilang. Kmren tf ke rek BCA saldo udh berkurang tp ga masuk ke rek tujuan. Dan history pun tidak ada . Bank sialan. Balikin duit gue !!!",2.58.0,3,2023-11-15T18:41:08-07:00,SeaBank,seabank,app_store,1525477806
8565445823,radityasama,5,THE BEST,"bintang lima sih karena real time bgt,
amanah terpercaya.",2.20.0,2,2022-04-14T00:10:27-07:00,SeaBank,seabank,app_store,1525477806
13959683322,gitacitra,1,Pelayanan sangat lelet!!,"Penangannya sangat lama sekali saat ada kendala, kendala nya padahal dari pihak seabank nya tapi mereka juga yang tidak cepat menanganinya, saldo tiba tiba 0 aneh banget!!!",3.41.0,2,2026-04-15T01:09:15-07:00,SeaBank,seabank,app_store,1525477806
12898214306,Mirza Rama,5,Seabank Mantap,"Daftar dengan referral PER8EC. Bank digital andalan saya bunga tabungan 2,5%, deposito 6%, 
Gratis transfer ke semua bang terus yang paling saya suka adalah Checkout Shopee lebih gampang dan cepat.",3.22.0,2,2025-07-16T04:48:34-07:00,SeaBank,seabank,app_store,1525477806
8212668655,fdlyaskar,3,Fix it,"Doesn't work, it said up new version, but this is the new version already",2.13.0,2,2022-01-06T18:28:01-07:00,SeaBank,seabank,app_store,1525477806
10568120224,Bunda iqbal,5,Seabank,"Bagus sekali, memudahkan seseorang mau transefer dan simpan pinjam",2.58.0,1,2023-11-09T13:07:13-07:00,SeaBank,seabank,app_store,1525477806
11054075909,bunuthiji,1,Tidak bisa mengambil pinjaman padahal pembayaran telah lunas,Gagal mencairkan pinjaman sedangkan pembayaran sudah lunas,2.66.0,2,2024-03-17T03:11:58-07:00,SeaBank,seabank,app_store,1525477806
13959265517,HAZIM ZAENAL HUDA,1,Akun saya di tutup,"rekening saya di tutup, saya sudah menelpon cs nya tetapi terus menerus mengulangi sampai habis pulsa 70rb 
dan uang saya masih ada di sana, saya juga sudah mengirim ke cs seabank di gmail tetapi tidak menjawab nya sama sekali",3.41.0,1,2026-04-14T21:25:24-07:00,SeaBank,seabank,app_store,1525477806
13950303447,édlinaurora,1,JANGAN DOWNLOAD INI!!!!,"UANG SAYA HILANG SEMUA, DAN TF KE ORANG YG TIDAK DI KENAL, SEABANK GA AMAN JANGAN DI DOWNLOAD 😡😡😡😡😡😡😡😤😤😤",3.41.0,1,2026-04-12T07:34:55-07:00,SeaBank,seabank,app_store,1525477806
13942653614,dash041222,1,RESPON CS GAK BANGET!,"kita hubungi cs lewat telfon meminta solusi untuk log in, tapi ujungnya ga dapet apa apa. ditambah cs nya nyebelin banget respon nya dan ga sopan! udahlah buang buang pulsa bikin kesel pula! training dulu deh cs lu seabank",3.41.0,1,2026-04-10T05:33:21-07:00,SeaBank,seabank,app_store,1525477806
13797030565,tutik nurunnafiah,1,Aplikasi bank buruk,"Saya transfer kerekening saldo sudah terpotong dari seabank namun saldo uangnya ga masuk rekening tujuan, pelayan jelek disuruh nunggu 2 hari sedangkan saya butuh uanganya, uang cod an. Jelek sekali seabnk nyesel makainya sekarang tolong balikin ya uangnya",3.38.0,1,2026-02-27T18:54:42-07:00,SeaBank,seabank,app_store,1525477806
13731850175,putri artiantika,1,sistem tidak aman,mudah ke scam… uang saya hilang tiba tiba hati hati buat yang mau pake sea bank di pikir pikir dulu,3.37.0,1,2026-02-09T13:36:11-07:00,SeaBank,seabank,app_store,1525477806
13486391085,Agshsjskdkdk,2,Sedikit kecewa,"Aku pengguna setia seabank, sejak awal seabank launching. Jujur awal tertarik menggunakan seabank adalah karena gratis  topup ewallet. Eeh sekarang malah kena biaya, ya sudah aku pake apk lain aja kalo seabank udah gak gratis topup ewallet.",3.33.0,1,2025-12-07T07:43:08-07:00,SeaBank,seabank,app_store,1525477806
12791904304,Cemerut,1,Akun ga bisa gara gara mau tranfer terus salah terus ngescan muka nya udah berapa bulan ga kebuka,"Akun saya ga bisa kebuka gara gara pas mau tranfer salah terus,udah berapa bulan ini tolong dong seabank udah telpon cs nya ga di buka buka,udah ke email nya balesan nya gajelas,tolong bukain soal nya penting banget saldo nya",3.21.0,1,2025-06-19T02:06:09-07:00,SeaBank,seabank,app_store,1525477806
12762951199,christdju,1,Saldo ditarik,Saldo diambil secara otomatis karena seabank bayar instant tanpa konfirmasi terlebih dahulu,3.20.0,1,2025-06-11T11:39:06-07:00,SeaBank,seabank,app_store,1525477806
9219195490,Alea Sara,5,Good,"Bisa di tambahkan fitur tambah dana ke akun seabank lewat VA/ transfer bank tanpa admin, supaya saya gak bolak balik aplikasi sebelah untuk top up tanpa fee",2.33.0,1,2022-10-24T20:52:35-07:00,SeaBank,seabank,app_store,1525477806
12540693811,indra BJ,5,Mantapp,Pelayanan Cs SeaBank memuaskan bangett🔥,3.17.0,1,2025-04-13T19:18:24-07:00,SeaBank,seabank,app_store,1525477806
11176121349,fauzan814,5,Kode referal BCDVGZ,Masukkan kode referal BCDVGZ untuk mendapatkan uang tambahan! Thank me later 😎,2.68.4,1,2024-04-19T01:20:15-07:00,SeaBank,seabank,app_store,1525477806
11388250170,Aku Kecewa!,3,Saran,"Berinovasi dong, Jangan stuck disitu2 aja fiturnya.
1. Tambahkan fitur pocket agar keuangan dapat diatur dengan baik dan teratur
2. Tambahkan Debit Virtual seperti SeaBank di Filipina
3. Sinkroninasikan ShopeePay ke SeaBank agar tidak perlu repot lagi harus buka ShopeePay
4. Nama Nasabah tolong gunakan semua huruf Kapital agar terlihat jelas dan nyaman
5. Tambahkan fitu shortcut QRIS dihalaman login agar tidak perlu login dulu.
Bank Digital harus perbanyak inovasi jangan stuck disitu2 aja.",2.73.0,1,2024-06-16T08:33:11-07:00,SeaBank,seabank,app_store,1525477806
11039699823,Cek aja no transaksi gwe,1,BALIKIN SALDO SAYA,"WOI KALO ADA KELUHAN TUH BISA GAK KASIH SOLUSI JANGAN TEMPLATE GITU RESPONNYA GUA JUGA GAMAU DIKERJAIN BEGINI HARUS HUBUNGIN SATU"" ke cs, dm ig, gmail, telfon cs nya tapi hasilnya nihil SALDO GAK BALIK kudu nunggu berhari-hari itu DUIT SAYA BUKAN DUIT SITU kenapa sih seabank kaya gini kesannya kaya ngerampok banget heran..dipersulit padahal itu kan uang saya.. bukan uang situ.. TOLONG BIJAK RESPONNYA KASIH KEJELASAN JANGAN DIPERSULIT GINI",2.66.0,1,2024-03-13T05:05:25-07:00,SeaBank,seabank,app_store,1525477806
8368851643,gsbeush,2,sj,saya isi gopay udah lama tapi ga masuk masuk padahal untuk hal yg penting. kayak ditahan terus gt,2.15.0,1,2022-02-18T03:47:32-07:00,SeaBank,seabank,app_store,1525477806
8914056240,adrinadf,1,Bad request,Tiap login yg muncul bad request. Masa tiap login harus install ulang appnya. Udah bolak balik diinstal tetap aja gitu. Udh restart hp juga. Ternyata bukan cuma saya yang ngalami,2.27.2,1,2022-07-26T09:00:02-07:00,SeaBank,seabank,app_store,1525477806
7765996881,rachelbrigitta,1,Gak ngerti verifikasinya bgmn,Alamat sy ucapkan sesuai data tertera di KTP sy. Diminta mengulang video verifikasi karena katanya sy menjawab berbeda dgn tertera diKTP. Jadi sy mesti jawab apa dong???,2.5.0,1,2021-09-03T05:17:40-07:00,SeaBank,seabank,app_store,1525477806
10670254075,Saifulqq,1,Eror,Aplikasi gblk. Bnyak eror,2.60.6,1,2023-12-08T05:16:27-07:00,SeaBank,seabank,app_store,1525477806
