review_id,user_name,rating,title,review_text,app_version,vote_sum,review_date,app_name,app_slug,platform,store_id
14457042508,Marwati uzal,5,Transfer,Mantap seklai ne wonder,1.6.0,0,2026-08-21T19:19:36-07:00,wondr by BNI,wondr_bni,app_store,6499518320
14455788991,Wirenadi,1,Concern,Gak bisa buka,1.6.0,0,2026-08-21T11:19:05-07:00,wondr by BNI,wondr_bni,app_store,6499518320
14453255915,McKond,5,Mantap,Cepat luar biasa,1.6.0,0,2026-08-20T20:21:36-07:00,wondr by BNI,wondr_bni,app_store,6499518320
14453217825,themaxen,3,Mobile tunai,Mobile tunai gak masuk2 otp nya,1.6.0,0,2026-08-20T20:06:30-07:00,wondr by BNI,wondr_bni,app_store,6499518320
14452612772,R_R797,5,Kepuasan,Sangat baik untuk melakukan Transaksi secara langsung,1.6.0,0,2026-08-20T16:12:16-07:00,wondr by BNI,wondr_bni,app_store,6499518320
14451681364,rismhaynti,1,bdoh,aplikasi taiii,1.6.0,0,2026-08-20T10:34:16-07:00,wondr by BNI,wondr_bni,app_store,6499518320
14448083832,Tikamustika,2,Kesalahan sistem terus,"Setelah upate ios,wonder tidak bisa dibuka selalu kesalahan sistem,Gimana solusi nya?",1.6.0,0,2026-08-19T12:54:19-07:00,wondr by BNI,wondr_bni,app_store,6499518320
14447968221,sponsquare,5,e-statement,"sudah lebih bagus dibandingkan dgn app sebelumnya, tapi di bagian e-statementnya tidak di tampilkan catatan yang ditulis saat melakukan transaksi berbeda dgn BNIMobile yg di bagian e-statementnya, catatan yang ditulis saat melakukan transaksi jg disertakan didalamnya. padahal itu sangat membantu sy krn sy sering menulis catatan saat melakukan transaksi agar memudahkan sy mengingat untuk apa sy melakukan transaksi tersebut.",1.6.0,0,2026-08-19T12:14:21-07:00,wondr by BNI,wondr_bni,app_store,6499518320
14446896715,papaihsan,5,Mantap,Sangat efesien dan gampang,1.6.0,0,2026-08-19T06:48:27-07:00,wondr by BNI,wondr_bni,app_store,6499518320
14446875044,Midi Matondang,4,Cepat dan Aman,Transaksi bisa cepat dan diusahakan agar tetap aman,1.6.0,0,2026-08-19T06:42:14-07:00,wondr by BNI,wondr_bni,app_store,6499518320
14445095145,agungcm,5,Puas,Puas pelayanannya,1.6.0,0,2026-08-18T19:20:29-07:00,wondr by BNI,wondr_bni,app_store,6499518320
14444061749,Cpt.KunKa,2,Burik,"Apk keuangan dongo bermasalah mulu, apk dan keuangan gk worth it",1.6.0,0,2026-08-18T12:48:40-07:00,wondr by BNI,wondr_bni,app_store,6499518320
14443702657,mrhisjam,5,Sukses,Mantaap sangat OK LANCAR,1.6.0,0,2026-08-18T10:48:38-07:00,wondr by BNI,wondr_bni,app_store,6499518320
14443497003,Caliosa,1,.,Setiap mau transaksi diatas jam 11 malem pasti trouble terus saldo kurang padahal sisa banyak,1.6.0,0,2026-08-18T09:44:40-07:00,wondr by BNI,wondr_bni,app_store,6499518320
14441951409,Bis besar,1,Penagihan kartu kredit,Itu cs kartu kredit bni kurang ajar dan kasar kali itu tolong di ajari sopan santun,1.6.0,0,2026-08-18T01:27:12-07:00,wondr by BNI,wondr_bni,app_store,6499518320
14441827796,Ratih_kecil,5,Bagus,Bagus bgt cepat dan tepat waktu,1.6.0,0,2026-08-18T00:35:21-07:00,wondr by BNI,wondr_bni,app_store,6499518320
14441625079,Arthur Susilo,5,Mantap,Transfer mudah n cepat,1.6.0,0,2026-08-17T23:07:18-07:00,wondr by BNI,wondr_bni,app_store,6499518320
14441368508,Jacky aprilio,5,Kilat,Cepat,1.6.0,0,2026-08-17T21:13:41-07:00,wondr by BNI,wondr_bni,app_store,6499518320
14440726102,Teman main dilombok,5,Pembayaran,Sangat mudah dan cepat,1.6.0,0,2026-08-17T17:04:46-07:00,wondr by BNI,wondr_bni,app_store,6499518320
14440478369,Rudatin’s,5,Wonder bni,Terbaik,1.6.0,0,2026-08-17T15:27:52-07:00,wondr by BNI,wondr_bni,app_store,6499518320
14439589449,Abang Daus,5,Hadiah,Transaksi tiap hari poinnya tdk nambah,1.6.0,0,2026-08-17T10:20:00-07:00,wondr by BNI,wondr_bni,app_store,6499518320
14438941542,Reizkyandy,4,Naresh,Ganteng sekali,1.6.0,0,2026-08-17T07:10:57-07:00,wondr by BNI,wondr_bni,app_store,6499518320
14438940002,mak lelong,1,Maling,Culas amat dikasih tau point krt kredit kadaluarsa tingal 3 jam mau tukar tinggal bayar ongkos pengiriman tiba2 krt kredit diblokir sementara kan anjing banget sengaja disuruh hangus biar kaga bisa di tukar,1.6.0,0,2026-08-17T07:10:32-07:00,wondr by BNI,wondr_bni,app_store,6499518320
14437531547,LONGNAN SIMORANGKIR,5,layanan,mantap,1.6.0,0,2026-08-16T22:30:45-07:00,wondr by BNI,wondr_bni,app_store,6499518320
14436985615,Mas andik,5,Layanan,Sangat bagus,1.6.0,0,2026-08-16T18:45:23-07:00,wondr by BNI,wondr_bni,app_store,6499518320
14436752674,Andra nts,5,Mantap,Ok mantap,1.6.0,0,2026-08-16T17:15:46-07:00,wondr by BNI,wondr_bni,app_store,6499518320
14434904984,khoirul.04,5,jos,jos,1.6.0,0,2026-08-16T07:04:23-07:00,wondr by BNI,wondr_bni,app_store,6499518320
14434334989,Jaegasun,1,Apk wonder tidak bisa di buka,Knpa apk wonder akhir2 ini tidak bisa di buka,1.6.0,0,2026-08-16T04:00:10-07:00,wondr by BNI,wondr_bni,app_store,6499518320
14433604585,Ai nengsih,5,Wonder Selalu the best,Aplikasi yang membantu gak ribet sukses selalu bni wonder,1.6.0,0,2026-08-15T22:59:40-07:00,wondr by BNI,wondr_bni,app_store,6499518320
14433220980,Evilimbong,5,Bagus,Mantap,1.6.0,0,2026-08-15T20:15:18-07:00,wondr by BNI,wondr_bni,app_store,6499518320
14430296180,RNuraini,5,Wonder More Easier,Service Excellence BNI Team,1.6.0,0,2026-08-15T03:44:41-07:00,wondr by BNI,wondr_bni,app_store,6499518320
14429464456,kelikwic,5,Wondr,"aplikasi tampilan bagus dan lengkap, sangat membantu",1.6.0,0,2026-08-14T22:01:38-07:00,wondr by BNI,wondr_bni,app_store,6499518320
14429143488,Okdykmvdtu,1,buruk,"setiap masukin pin sistem bermasalah gangguan,pdahal pas aja pinnya",1.6.0,0,2026-08-14T19:51:46-07:00,wondr by BNI,wondr_bni,app_store,6499518320
14429084072,Fathul gaul,5,Wondr mantaap kaliii,Seeeep onggu,1.6.0,0,2026-08-14T19:29:25-07:00,wondr by BNI,wondr_bni,app_store,6499518320
14428179845,Ahmad zainudin afandi,5,Testimoni,Puas sangat,1.6.0,0,2026-08-14T13:49:58-07:00,wondr by BNI,wondr_bni,app_store,6499518320
14426395957,Anang Wahyudi,5,menu,Lengkap terutama sudah ada tap cash,1.6.0,0,2026-08-14T04:39:19-07:00,wondr by BNI,wondr_bni,app_store,6499518320
14425316681,Ugae317,1,Gak jelas,Rekening lama nya gmna?,1.6.0,0,2026-08-13T21:26:20-07:00,wondr by BNI,wondr_bni,app_store,6499518320
14424261203,Riza Aliza,5,Performace,Bagus,1.6.0,0,2026-08-13T14:40:30-07:00,wondr by BNI,wondr_bni,app_store,6499518320
14424043799,Nasabah loyal tapi dikecewakan,1,The worst,"App sering error, katanya bisa bikin kartu lewat app dan langsung diantar ke rumah, eh ujung-ujungnya harus ke kantor cabang juga. Itu namanya pembohongan publik.",1.6.0,0,2026-08-13T13:19:28-07:00,wondr by BNI,wondr_bni,app_store,6499518320
14422887528,Nuga5758,5,Nice,Transaksi cepat urusan hebat,1.6.0,0,2026-08-13T07:17:37-07:00,wondr by BNI,wondr_bni,app_store,6499518320
14421876159,dewa52,3,Error,Sering gangguan dan lambat,1.6.0,0,2026-08-13T01:43:06-07:00,wondr by BNI,wondr_bni,app_store,6499518320
14421620105,Eriksurya555,5,Bagus,Mantap sekali ini,1.6.0,0,2026-08-12T23:59:16-07:00,wondr by BNI,wondr_bni,app_store,6499518320
14420818337,Gabrielle umasangadji,5,Bagus,Baik,1.6.0,0,2026-08-12T18:33:46-07:00,wondr by BNI,wondr_bni,app_store,6499518320
14420579305,Itisqu,5,Best,Baguss banget ya,1.6.0,0,2026-08-12T17:04:53-07:00,wondr by BNI,wondr_bni,app_store,6499518320
14419124180,Novascha,5,Wondr,Sangat bagus memakai wondr,1.6.0,0,2026-08-12T08:38:23-07:00,wondr by BNI,wondr_bni,app_store,6499518320
14418466467,Resanfa,3,OTP,"OTP sering tidak dikirim. Tidak bisa tarik tunai tanpa kartu, Layanan lain sudah baik",1.6.0,0,2026-08-12T05:29:56-07:00,wondr by BNI,wondr_bni,app_store,6499518320
14418283099,akn2105,1,Ribet,"Semenjak pakai wondr transaksi ke blokir terus, kerjaan ketunda terus mempersulit kerjaan saya",1.6.0,0,2026-08-12T04:31:09-07:00,wondr by BNI,wondr_bni,app_store,6499518320
14417436548,Sang filsafat,5,Mantap,Keren,1.6.0,0,2026-08-11T22:55:44-07:00,wondr by BNI,wondr_bni,app_store,6499518320
14417360255,Siska Deviani,5,Thanks wondr,Selalu terbantu dan termudahkan oleh wondr setiap transaksi. Thank wondr,1.6.0,0,2026-08-11T22:22:18-07:00,wondr by BNI,wondr_bni,app_store,6499518320
14416889825,Ophet nofita,5,OK,Sangat memuaskan,1.6.0,0,2026-08-11T19:12:04-07:00,wondr by BNI,wondr_bni,app_store,6499518320
14416074167,Jeffri Dinata,5,Keren,Memang solusi untuk transaksi perbakan yg selama ini saya cari.,1.6.0,0,2026-08-11T14:03:36-07:00,wondr by BNI,wondr_bni,app_store,6499518320
14414426568,Marodatua,5,Top,Pelayanan ok,1.6.0,0,2026-08-11T05:38:13-07:00,wondr by BNI,wondr_bni,app_store,6499518320
14412993822,aneehsiva,3,Kendala App,"Saat aplikasi dibuka sering kali ada notif di layar “Ada Sedikit Kendala, silahkan coba lagi dalam beberapa saat”. Kenapa sih gitu terus? aplikasi udah terupdate, gak ada kejelasan kendala nya APA. Tolong dibenahi",1.6.0,0,2026-08-10T20:30:49-07:00,wondr by BNI,wondr_bni,app_store,6499518320
14410726646,Ulandariiii,5,Nyaman,Sangat nyaman dipakai,1.6.0,0,2026-08-10T07:24:13-07:00,wondr by BNI,wondr_bni,app_store,6499518320
14409515971,Bunda Melia,5,🤍,Terimkasih banyak bni,1.6.0,0,2026-08-10T00:09:00-07:00,wondr by BNI,wondr_bni,app_store,6499518320
14407432838,Gik788,1,Sistem eror terus,"Sistem kebanyakan eror di jam pagi.
Penarikan bisa gak keluar uang.
Tapi di mbangking udah kepotong saldo ya. Dan sampai skrng gak ada konfrim saldo gw
Dari bulan lalu wondr bermasalah kek gini.
Layak kah layanan indonesia ?",1.6.0,0,2026-08-09T10:33:15-07:00,wondr by BNI,wondr_bni,app_store,6499518320
14405109647,eka ratih,5,"cetarrrrrrrrr membahana zattty zetttt, gak pakek ribert","kemaren coba  transfer ke rekening sendiri sesama bni sebesar 5 M , gak pakekkkk drama , gak pakek haluuu,, langsung zattty zetttt Nol komaaa detikkkk langsung OK,, thank's wondr BNI smakin OK smakin CETAR MEMBAHANA  LAYANANNYA👍👍👍👌👌👌",1.6.0,0,2026-08-08T20:07:55-07:00,wondr by BNI,wondr_bni,app_store,6499518320
14404830391,greyy91,1,serverbodh,"mau buat akun tapi gagal terus dari server pas datanya diproses,jadi males nyimpen duit disini klo keliatannya begitu,meragukan",1.6.0,0,2026-08-08T18:14:52-07:00,wondr by BNI,wondr_bni,app_store,6499518320
14404631251,arbro03,3,Mutasi rekening,Lebih suka yang mobile BNI. MUTAsi lebih lengkap. Sekarang kurang terperinci. Boleh saran mutasi tekeningnya di lengkapi jadikan 1 tempat dan beserta sisa saldo di bawahnya setelah di debit atau di kredit.,1.6.0,0,2026-08-08T16:52:53-07:00,wondr by BNI,wondr_bni,app_store,6499518320
14404196883,Lengkung langit,5,Keren,Pelayanan gercep,1.6.0,0,2026-08-08T13:54:43-07:00,wondr by BNI,wondr_bni,app_store,6499518320
14402033819,kemen401,1,BURUK,App Gajelas,1.6.0,0,2026-08-08T01:32:00-07:00,wondr by BNI,wondr_bni,app_store,6499518320
14400980855,Steven Andy Pascal,1,Tidak punya call center bebas pulsa,Sayang sekali wondr tidak punya call center bebas pulsa seperti bank lain,1.6.0,0,2026-08-07T18:02:51-07:00,wondr by BNI,wondr_bni,app_store,6499518320
14398457028,Diditsetiyono,5,Wonder bni keren,Pembelian makin mudah,1.6.0,0,2026-08-07T03:48:46-07:00,wondr by BNI,wondr_bni,app_store,6499518320
14397953325,paijo00,1,wondr,"transaksi nya acak2 an, semua transaksi yang lama lama jadi transaksi berjalan semua",1.6.0,0,2026-08-07T00:23:25-07:00,wondr by BNI,wondr_bni,app_store,6499518320
14397901190,jukatak,1,apk sampah,"aneh bgt, bisa2 nya pas daftar diblg ga memenuhi kriteria-.- jd mksd kau kek manaa?? sdgkn bni aku tbtb ga bisa dibuka, hrs beralih ke apk ga jelass!!!!! giliran dftr malah susahhh!!!! ngabisin waktuuu hrs ke bank jdi nya!!!",1.6.0,0,2026-08-07T00:00:43-07:00,wondr by BNI,wondr_bni,app_store,6499518320
14395578607,Iiiiiihhhhksj,1,Kecewa,Respon jelek tidak cepat tanggap,1.6.0,0,2026-08-06T09:22:08-07:00,wondr by BNI,wondr_bni,app_store,6499518320
14394811229,rayskha,1,TRANSFER GAGAL TAPI SALDO TERPOTONG,"BUKAN KALI PERTAMA INI TERJADI SERING DAN BUKAN HANYA AKU!
TRANSFER DAN SALDO SUDAH TERPOTONG TAPI UANG GAK MASUK KE PENERIMA!",1.6.0,0,2026-08-06T05:39:46-07:00,wondr by BNI,wondr_bni,app_store,6499518320
14393450323,suwandih,5,Emang ga ada lain,mudah dalam segla transaksi ga perlu ribed dan semua nya sat set sat set,1.6.0,0,2026-08-05T20:41:09-07:00,wondr by BNI,wondr_bni,app_store,6499518320
14393447472,tryyrwqa,1,gagal transaksi,gagal gagal mulu bila ngirim duit kocak,1.6.0,0,2026-08-05T20:39:59-07:00,wondr by BNI,wondr_bni,app_store,6499518320
14390187099,Aldi sofialdi,4,Akses cepat,Sangat membantu,1.6.0,0,2026-08-05T02:14:47-07:00,wondr by BNI,wondr_bni,app_store,6499518320
14389838561,CONDROJK,5,BNI TERBAIK,GACOR,1.6.0,0,2026-08-04T23:51:49-07:00,wondr by BNI,wondr_bni,app_store,6499518320
14389751408,Telkomsel suck,1,APLIKASI SAMPAH,"Suka banget di hal2 penting minta Reset pasword, udah direset kode verifikasi pake pulsa, mau beli pulsa duitny dia tahan JING",1.6.0,0,2026-08-04T23:14:38-07:00,wondr by BNI,wondr_bni,app_store,6499518320
14387180546,Aku pendek,1,Payah,Kok punya saya tranfer gagal uangnya ga kembali gimana sih,1.6.0,0,2026-08-04T07:59:21-07:00,wondr by BNI,wondr_bni,app_store,6499518320
14385888435,yunidian,5,wonder by bni sangat membantu,sangat bagus di gunakan transaksi secara online sangat membantu,1.6.0,0,2026-08-04T00:50:12-07:00,wondr by BNI,wondr_bni,app_store,6499518320
14385365838,Artawn,5,Good,Mantappp Wondr,1.6.0,0,2026-08-03T21:10:06-07:00,wondr by BNI,wondr_bni,app_store,6499518320
14385362317,Bu Tini,5,Mepermudah para pensiun,Dengan Adanya WONDER BNI mempermudah transfer ke pada anak -anak dan jg cucu kami tdk harUS  datang ke ATM,1.6.0,0,2026-08-03T21:08:38-07:00,wondr by BNI,wondr_bni,app_store,6499518320
14385114139,dendiana,5,Mantap,Wonder simpel cepat dan praktis,1.6.0,0,2026-08-03T19:32:34-07:00,wondr by BNI,wondr_bni,app_store,6499518320
14383887438,Nama saya Jujuu,1,Sering bermasalah/ gangguan,"Masih lebih baik aplikasi bni mobile yang lama dari pada di ganti dengan wonder ini. Sering dpt keterangan 
Transaksi sdh mencapai limit padahal hari ini sy blm ada transaksi apapun. Aplikasi ngga jelas.",1.6.0,0,2026-08-03T12:07:24-07:00,wondr by BNI,wondr_bni,app_store,6499518320
14383099711,Ama be’eng,5,Transaksi,Tidak ada nominal saldo atau sisah saldo pas selesai transfer,1.6.0,0,2026-08-03T08:12:23-07:00,wondr by BNI,wondr_bni,app_store,6499518320
14382028981,Husnah.Gr,5,KereeN mudah dan cepat,Cepat,1.6.0,0,2026-08-03T02:38:45-07:00,wondr by BNI,wondr_bni,app_store,6499518320
14381900280,Irfan site,5,Oke,Sangat membantu,1.6.0,0,2026-08-03T01:48:15-07:00,wondr by BNI,wondr_bni,app_store,6499518320
14381705708,reposefaction,2,Disfungsi dan regresi fitur,"sepertinya Wondr hanya frontend sistem BNI, karena dari BNI Mobile Banking ke Wondr tetap saja bermasalah ketika tengah malam WIB. uptime tidak masuk akal. fasad yang cantik akan gagal kalau melupakan backend. lalu fitur yang melarang akses wondr ketika sedang telepon bolehlah opt-out tapi harus bisa dinonaktifkan! tidak semua telepon itu scam, banyak nasabah yang telepon karena pekerjaan, bisnis, atau karena rekan dan keluarga memang tinggal di luar kota/negara!",1.6.0,0,2026-08-03T00:29:43-07:00,wondr by BNI,wondr_bni,app_store,6499518320
14381591711,Frenzy1050,1,Menghambat,"Tidak bisa transaksi jika sedang telepon, jika niatnya melindungi dari scam jatuhnya ini tidak produktif. Tidak semua telepon adalah scam, ada pekerjaan bisnis dan keluarga.",1.6.0,0,2026-08-02T23:41:19-07:00,wondr by BNI,wondr_bni,app_store,6499518320
14381559362,harulinbox,5,WondrZ,"*Menuju masa kuliah dan nantinya bekerja* . Orang tua ingin uang saku *WondrZ* bukan hanya untuk memenuhi kebutuhan sehari-hari, tetapi juga menjadi *latihan mengelola keuangan*",1.6.0,0,2026-08-02T23:27:32-07:00,wondr by BNI,wondr_bni,app_store,6499518320
14381156671,yuniyusuf,5,Apk banyak mamfaat nya,"Bagus cepat,apk tidak lemot",1.6.0,0,2026-08-02T20:35:58-07:00,wondr by BNI,wondr_bni,app_store,6499518320
14380979391,merinaaa91,1,Scan Barcode,"mau qris selalu gagal, harusnya mau cepet malah jadi lambat",1.6.0,0,2026-08-02T19:27:19-07:00,wondr by BNI,wondr_bni,app_store,6499518320
14378542288,Nasabah 7 tahun,3,Mutasi,Susah untuk lihat mutasi transaksi sendiri,1.6.0,0,2026-08-02T05:48:56-07:00,wondr by BNI,wondr_bni,app_store,6499518320
14378318936,Andi ponco,5,Ok,Ok,1.6.0,0,2026-08-02T04:34:35-07:00,wondr by BNI,wondr_bni,app_store,6499518320
14377719405,Rahmankaili,5,Aplikasi,"Aplikasi bagus, memudahkan dalam aktifitas, semoga kedepannya bisa kita buka dengan wajah",1.6.0,0,2026-08-02T00:38:13-07:00,wondr by BNI,wondr_bni,app_store,6499518320
14376894870,dewi sri m,5,Ok,Good,1.6.0,0,2026-08-01T19:00:50-07:00,wondr by BNI,wondr_bni,app_store,6499518320
14376551045,SDD1512,3,Suka Bermasalah saat pembayaran,"Kadang kalau udah malem banget atau waktu waktu random aja, kalau mau bayar sesuatu wondr suka pending. Misalnya pas mau bayar makan, pembayaran suka kepending trus kan kita mesti bayar lagi pake card/bank lain, nah kadang dia baru kepotong agak lama, jadi kan repot mesti ngelapor. Tolong dong yg gini gini diperbaiki. Ga mungkin kan kita ninggalin resto waktu pembayaran masih kepending.",1.6.0,0,2026-08-01T16:47:22-07:00,wondr by BNI,wondr_bni,app_store,6499518320
14375494816,Iiuuuyfd,1,Y,Kode otp nya kok ga di kirim ya,1.6.0,0,2026-08-01T10:24:31-07:00,wondr by BNI,wondr_bni,app_store,6499518320
14375356344,Rizkyjabrik,1,Ga jelas,Tolol gangguan terus bodoh nyusahin buat transaksi padahal sama aja gaada perubahan tolol,1.6.0,0,2026-08-01T09:42:10-07:00,wondr by BNI,wondr_bni,app_store,6499518320
14374861517,Angel ticoalu,5,Memberi nilai,"Sangat baik dan mudah ketika ada Wonder dari Bni
Sangat2 membantu untuk semua transaksi
Keuangan",1.6.0,0,2026-08-01T07:21:25-07:00,wondr by BNI,wondr_bni,app_store,6499518320
14374024982,Sinta 5669,1,Jgn mau pakai bni nanti uang klian sedot hapus bni mending ke bca aja bni merugikan orang,Merugikan manusia,1.6.0,0,2026-08-01T02:50:08-07:00,wondr by BNI,wondr_bni,app_store,6499518320
14373871159,Hafid falih,1,Buruk,"Saya butuh pertanggung jawaban  masa tetep bisa ke bobol , apa apaaan saya butuh pertanggungjawaban nya.",1.6.0,0,2026-08-01T01:49:03-07:00,wondr by BNI,wondr_bni,app_store,6499518320
14373834833,Wimelton,1,History transaksi,"History transaksi di hari transaksi tidak ada, hrs buka aplikasi bni mobile.",1.6.0,0,2026-08-01T01:34:36-07:00,wondr by BNI,wondr_bni,app_store,6499518320
14373077945,Varis rahman,1,Ulasan,Notifnya gk usah dikirim email,1.6.0,0,2026-07-31T20:24:26-07:00,wondr by BNI,wondr_bni,app_store,6499518320
14372877307,Mauliw,5,Nice,Alhamdulillah bagus app nya,1.6.0,0,2026-07-31T19:08:54-07:00,wondr by BNI,wondr_bni,app_store,6499518320
14372844894,Panther Martial Art,5,Keren,Keren,1.6.0,0,2026-07-31T18:57:03-07:00,wondr by BNI,wondr_bni,app_store,6499518320
14372026166,Rdhhjjd12,5,Bagus,Bagus cepet,1.6.0,0,2026-07-31T13:47:48-07:00,wondr by BNI,wondr_bni,app_store,6499518320
14370762871,Mbak Errrr,5,top,"terbaik buat transaksi, thx u wonder",1.6.0,0,2026-07-31T07:14:43-07:00,wondr by BNI,wondr_bni,app_store,6499518320
14370472846,mf235,2,poor new policy,if you have deposito for 3 months but urgently or by mistake you withdrawal before due date they deduct 10 percent ?! when all bank will only pay the 1 month interest and deduct minimum admin fee,1.6.0,0,2026-07-31T05:52:31-07:00,wondr by BNI,wondr_bni,app_store,6499518320
14370310787,Seftiandi,5,Wondr,Mantap mudah dan cepat bertransaksi,1.6.0,0,2026-07-31T05:03:04-07:00,wondr by BNI,wondr_bni,app_store,6499518320
14369962032,Jayanora,4,Tambahan Tampilan,Kalau bisa ditambahkan tampilan sisa saldo akhir pada setiap transaksi yg sudah dilakukan agar mudah melihat brp saldo yg ada sebelum ada pengeluaran.(seperti aplikasi sebelumnya) mutasi rekening.,1.6.0,0,2026-07-31T03:02:24-07:00,wondr by BNI,wondr_bni,app_store,6499518320
14369847110,Muhammad Yusuf Ucup,5,Transaksi,Nyaman dan aman untuk trx harian dan bulanan. Lancar jaya,1.6.0,0,2026-07-31T02:18:00-07:00,wondr by BNI,wondr_bni,app_store,6499518320
14368973196,jee torakusu,5,Oke,Oke,1.6.0,0,2026-07-30T20:19:41-07:00,wondr by BNI,wondr_bni,app_store,6499518320
14368939302,aku dan yang lainya,5,Manteb,Puas,1.6.0,0,2026-07-30T20:06:36-07:00,wondr by BNI,wondr_bni,app_store,6499518320
14366276641,sandi2890,1,APLIKASI KETINGGALAN JAMAN,"Ga canggih blas ga kyk bca, otp harus pulsa, pulsa sudah di isi ttp ga bisa , sms g masuk, butuh duit padahal, enak BCA jauh , tanpa pulsa udh bs tarik tanpa kartu 
Saya nasabah bni dan bca dan bri, dan pernah jadi teknisi bni , silahkan kalo mau cari saya",1.6.0,0,2026-07-30T05:17:47-07:00,wondr by BNI,wondr_bni,app_store,6499518320
14366239556,Rujito Asmoro,5,Wpnder,You are wonderful,1.6.0,0,2026-07-30T05:06:06-07:00,wondr by BNI,wondr_bni,app_store,6499518320
14365738504,Yogiabaykaruyap,5,Pujaan,Memudahkan segala transaksi,1.6.0,0,2026-07-30T02:04:48-07:00,wondr by BNI,wondr_bni,app_store,6499518320
14365666905,zimahfabau,3,tidak bisa melihat no rek,sudah bbrp kali login tp ada kendala terus,1.6.0,0,2026-07-30T01:36:04-07:00,wondr by BNI,wondr_bni,app_store,6499518320
14364757653,Inerbee,4,Saldo mutasi di tampilkan,Wondr tolong ya di bagian mutasinya dibuat seperti mbanking pengeluaran sama saldo ahirnya ditampilkan jelas itu bantu banget sih simpel. kalau memang bni bankingnya akan ditiadakan 😭😭😭,1.6.0,0,2026-07-29T19:22:17-07:00,wondr by BNI,wondr_bni,app_store,6499518320
14361991085,adenfstl,5,bagus,satset,1.6.0,0,2026-07-29T03:57:46-07:00,wondr by BNI,wondr_bni,app_store,6499518320
14361854525,Anang Suprapto,5,Wondr keren,"Transaksi mudah, aman, dan fitur lengkap",1.6.0,0,2026-07-29T03:06:50-07:00,wondr by BNI,wondr_bni,app_store,6499518320
14361023520,band1t berkelasssss,1,GANGGUAN,"gilaaa!!! sehari ada brp
kali mo login gabisa krna gangguan trus, ini mo selamanya begini? kok downgrade begini!",1.6.0,0,2026-07-28T21:20:20-07:00,wondr by BNI,wondr_bni,app_store,6499518320
14360650631,Dera000,1,perbaiki sistemnya ngga jelas banget,"ngga jelas ngga mempermudah mau bikin rekening online ngga kaya BCA , mandiri dan bank lainnya , cek lokasi cabang juga ngga bisa apa apa ngga bisa",1.6.0,0,2026-07-28T18:55:46-07:00,wondr by BNI,wondr_bni,app_store,6499518320
14360047948,Rahmat FM,5,Wondr,Keren ada valas,1.6.0,0,2026-07-28T15:05:18-07:00,wondr by BNI,wondr_bni,app_store,6499518320
14359357029,Billlqueen,4,Tolong,"Saya mau buka rekening baru,tapi disni malah suruh masukan no kartu kredit tolong",1.6.0,0,2026-07-28T11:06:31-07:00,wondr by BNI,wondr_bni,app_store,6499518320
14357692732,Vie1006,1,Keluhan,"Ini aplikasi ga mikir orangnya lagi jauh atau enggak, orangnya butuh atau enggak. Apa apa eror. Kalo saya lagi di indo gak masalah, masalahnya saya lagi di luar negri pengen nyimpen uang aja susah!",1.6.0,0,2026-07-28T02:28:27-07:00,wondr by BNI,wondr_bni,app_store,6499518320
14356969781,Hendra.ag,5,Good,Good,1.6.0,0,2026-07-27T21:27:16-07:00,wondr by BNI,wondr_bni,app_store,6499518320
14356525731,TG279H,1,Jelek,Habis di update malah sering error 👎🏻,1.6.0,0,2026-07-27T18:35:57-07:00,wondr by BNI,wondr_bni,app_store,6499518320
14354972430,hervindaaa,1,jelek,kendala mulu payah,1.6.0,0,2026-07-27T09:32:05-07:00,wondr by BNI,wondr_bni,app_store,6499518320
14353586583,Keselsusah,1,Ada apa ga bisa dibuka ni apps,"Kok aku download di iphone qw malah ga bisa akses?? Haduh 
Mau transaksi kok malah ribet",1.6.0,0,2026-07-27T02:14:03-07:00,wondr by BNI,wondr_bni,app_store,6499518320
14353444691,hgiotr,1,Sering bug,"Saldo berkurang, transaksi berhasil tapi bukti transaksi nggak keluar.",1.6.0,0,2026-07-27T01:15:47-07:00,wondr by BNI,wondr_bni,app_store,6499518320
14353398789,pemakai sering,2,Ukuran file terlalu besar,Tolong perkecil ukuran app hampir 500MB untuk 1 app sedangkan bank lain bisa perkecil ukuran filenya,1.6.0,0,2026-07-27T00:56:36-07:00,wondr by BNI,wondr_bni,app_store,6499518320
14352369835,Rammmmmmm00,5,mantab,bagus bro,1.6.0,0,2026-07-26T17:54:50-07:00,wondr by BNI,wondr_bni,app_store,6499518320
14350664312,sitiiinur aini,1,TIDAK SUKA,terlalu lama untuk me download fitur.,1.6.0,0,2026-07-26T08:00:27-07:00,wondr by BNI,wondr_bni,app_store,6499518320
14350649522,Shialshi,1,sering gangguan,"ga jelas, aplikasinya sering gangguan tiba-tiba aja. kadang malam mendadak tuh padahal lagi urgent eh malah gabisa dibuka ada kendala sistem katanya, fix this problem please. beneran bikin nasabah ga nyaman",1.6.0,0,2026-07-26T07:56:13-07:00,wondr by BNI,wondr_bni,app_store,6499518320
14350646770,Ruslan alrasid,1,Apk,Jelek banget baru kali ini pake m banking Kaya gini bagusan juga ewalet,1.6.0,0,2026-07-26T07:55:28-07:00,wondr by BNI,wondr_bni,app_store,6499518320
14350640222,Riiorhaq,1,keluhan,"tolong dong kita juga banyak pake buat transaksi tapi sejak pake wonder terlalu banyak kendala atau perbaikan atau maintenance terlalu mengganggu, kalo memang belum siap beroperasi aplikasinya, jangan maksa deh",1.6.0,0,2026-07-26T07:53:35-07:00,wondr by BNI,wondr_bni,app_store,6499518320
14350604101,Saeb mmmmm,1,E,Sering kendala dan perbaikan,1.6.0,0,2026-07-26T07:43:14-07:00,wondr by BNI,wondr_bni,app_store,6499518320
14349336425,Robbi cahyadi,5,Terbaik,Cepat transaksi di wonder dan mudah,1.6.0,0,2026-07-26T00:09:52-07:00,wondr by BNI,wondr_bni,app_store,6499518320
14348483695,moerdyMFSAA,5,Pelayanan,Mantaaaf👍👍,1.6.0,0,2026-07-25T18:17:55-07:00,wondr by BNI,wondr_bni,app_store,6499518320
14348152565,novianty_syah,5,Oke,Oke,1.6.0,0,2026-07-25T16:02:23-07:00,wondr by BNI,wondr_bni,app_store,6499518320
14347231257,Awaludin L,1,Aplikasi gak jls dkit dkit kendala taik,Dikit dkit kendala kendala gak jls,1.6.0,0,2026-07-25T10:20:59-07:00,wondr by BNI,wondr_bni,app_store,6499518320
14347098448,arya pradipta falevi,1,atur aplikasi yang bener dulu,selalu jam set 12 sampe jam 12 gabisa dipakai,1.6.0,0,2026-07-25T09:39:09-07:00,wondr by BNI,wondr_bni,app_store,6499518320
14345452233,DoniTarmizi,5,Baik,Baik skali,1.6.0,0,2026-07-25T00:17:40-07:00,wondr by BNI,wondr_bni,app_store,6499518320
14345293575,Permadiadi,5,Luar biasa,"Mudahnya, jaga keamanannya ya",1.6.0,0,2026-07-24T23:10:38-07:00,wondr by BNI,wondr_bni,app_store,6499518320
14345239981,Yayuk2610,5,Terbaik,Memudahkan transaksi,1.6.0,0,2026-07-24T22:47:34-07:00,wondr by BNI,wondr_bni,app_store,6499518320
14344749319,atikabawaini,1,sering eror,"ga bisa d buka sdh 3hari, mana ga ada uang cash lagi 😮‍💨",1.6.0,0,2026-07-24T19:24:19-07:00,wondr by BNI,wondr_bni,app_store,6499518320
14342957668,Doblenk_14,5,46,Emang bagus wondr ini dari pada mbanking bank lain dan agen46 nya juga banyak keren 👍🏼,1.6.0,0,2026-07-24T08:41:42-07:00,wondr by BNI,wondr_bni,app_store,6499518320
14341547096,zaidul birri,5,Kecepatan acces,"Kecepatan acces bagus dan tampilan menu jg menarik. Cuman acces pake biometrik sy belum aktif, mohon bantuan dr CS online.",1.6.0,0,2026-07-24T00:54:21-07:00,wondr by BNI,wondr_bni,app_store,6499518320
14340573053,Pepzyskie,1,Kartu kredit,Setelah di update malah tidak bisa pembayaran kartu kredit nya keterangan nya : ada sedikit kendala dan coba muat halaman terus. Udah refresh berkali kali masih gak bisa. Perbaiki bug nya,1.6.0,0,2026-07-23T18:18:09-07:00,wondr by BNI,wondr_bni,app_store,6499518320
14340328697,Aremania kaltim,5,Okay,Ok,1.6.0,0,2026-07-23T16:43:00-07:00,wondr by BNI,wondr_bni,app_store,6499518320
14337808877,Asep M. H.,1,Kartu Debit,"Udah 2x saya request kartu debit, tapi gak pernah nyampe satu pun. Malah dikirim ke alamat gak dikenal. Padahal alamat udah di isi sesuai domisili atau KTP. Ujung-ujungnya malah disuruh datang ke KC terdekat. 80rb uang saya hilang hanya buat request kartu, tapi kartu gak pernah datang satu pun.",1.6.0,0,2026-07-23T02:59:35-07:00,wondr by BNI,wondr_bni,app_store,6499518320
14337720406,juniujik,1,apk bosok,"ini apk memang anjing transaksi pake qris gagal,udah 10 hari tapi saldo belom balik ke rekening,ditunggu dari tadi ngga masuk masuk apk goblok bodoh",1.6.0,0,2026-07-23T02:25:16-07:00,wondr by BNI,wondr_bni,app_store,6499518320
14337391903,Wedya,5,Nyaman,Mudah,1.6.0,0,2026-07-23T00:11:30-07:00,wondr by BNI,wondr_bni,app_store,6499518320
14337097774,Yolan jefrima,5,Bagus,Aplikasi bagus di banding yang sebelumnya cuman yg wonder bni ga ada keliatan saldo terakhir di transaksi ada uang masuk sama keluar aja jadi ga keliatan saldo terakhir berapa sebelum transaksi kayak bni sebelumnya bagus jelas jadi mudah ngecek keuangannya,1.6.0,0,2026-07-22T22:06:59-07:00,wondr by BNI,wondr_bni,app_store,6499518320
14336059333,rezamaulana.com,5,Lancar,Lancar,1.6.0,0,2026-07-22T15:24:42-07:00,wondr by BNI,wondr_bni,app_store,6499518320
14335448606,jagatreview,5,Qrisnya top cer,Baru kali ini sih qris secepat ini,1.6.0,0,2026-07-22T11:45:57-07:00,wondr by BNI,wondr_bni,app_store,6499518320
14333510470,ay now aym emeyzing,1,DISURUH REGISTRASI ULANG SETIAP HARI,GUA UDH REGUSTRASI DISURUH ULANG LG SETIAP HARI,1.5.1,0,2026-07-22T01:22:29-07:00,wondr by BNI,wondr_bni,app_store,6499518320
14331265429,Adet aferu,3,Uang nya gak masuk mind,"Izin mind ini saya kirim uang 40k ke teman saya dia juga pakek bni juga tapi kok gak masuk uang nya kerekening nya mind padahal nomor bni nya sudah benar mind, di bni saya udah ada hasil transfer nya tapi gak masuk di BNI teman saya sama notifikasi nya juga gak ada mind udah di cek di apk bni nya tapi gak masuk ini gimana ini mind",1.5.1,0,2026-07-21T10:57:09-07:00,wondr by BNI,wondr_bni,app_store,6499518320
14331100130,arterri.,1,Keluhan BANGS,"Kenapa tiap tengah malam  WONDR selalu bermasalah waktu mau transaksi ,saya mau bayar QRIS susah bayar makan susah beli kuota susah  ,tolong diperbaiki kalo gini terus mending pindah ke BCA😹",1.5.1,0,2026-07-21T10:05:32-07:00,wondr by BNI,wondr_bni,app_store,6499518320
14329520152,Niken koda,1,ga bisa login,ga bisa login,1.5.1,0,2026-07-21T01:41:13-07:00,wondr by BNI,wondr_bni,app_store,6499518320
14329346425,iyan1208,5,Terbaik,aplikasi mbanking terbaik,1.5.1,0,2026-07-21T00:27:57-07:00,wondr by BNI,wondr_bni,app_store,6499518320
14328914172,Agassetiawan,1,Transaksi gagal tapi saldo terpotong,Aplikasi sampah 2 kali saldo saya hilang sudah di urus tapi tidak bisa balik,1.5.1,0,2026-07-20T21:21:18-07:00,wondr by BNI,wondr_bni,app_store,6499518320
14328728101,pokelincah,1,TIBA TIBA KE BLOKIR,"emang tai ini aplikasi, disuruh isi form persetujuan buat aktifkan scan qr pembayaran pas dipakai malah diblokir. ga jelas tolol",1.5.1,0,2026-07-20T20:06:06-07:00,wondr by BNI,wondr_bni,app_store,6499518320
14328586530,faruq qobul,5,internet banking,sangat membantu sekali dalam ber tranksaksi,1.5.1,0,2026-07-20T19:12:12-07:00,wondr by BNI,wondr_bni,app_store,6499518320
14328133603,Evin🩷,5,-,Sangat membantu di mana saja bisa transaksi,1.5.1,0,2026-07-20T16:19:48-07:00,wondr by BNI,wondr_bni,app_store,6499518320
14327924095,Bojesssssssssss,3,Masalah,"Setiap mau transaksi di waktu dinihari selalu bermasalah, aplikasi tidak semuda dan efektif yang lain",1.5.1,0,2026-07-20T14:57:14-07:00,wondr by BNI,wondr_bni,app_store,6499518320
14321619771,Retno amiyati,4,Keluhan,"Susah di buka aplikasinya, lama meskipun data aktif .bagaimana ya?",1.5.1,0,2026-07-19T02:10:30-07:00,wondr by BNI,wondr_bni,app_store,6499518320
14320812503,mbah jo but,5,Best aplikasi,Keren,1.5.1,0,2026-07-18T20:43:46-07:00,wondr by BNI,wondr_bni,app_store,6499518320
14320026618,yan_die,5,Emejing,Emejing,1.5.1,0,2026-07-18T15:35:52-07:00,wondr by BNI,wondr_bni,app_store,6499518320
14319374585,nof00,2,verifikasi gagal,udah verifikasi semuanya tinggal tunggu masuk suruh ngulang lagi,1.5.1,0,2026-07-18T11:39:59-07:00,wondr by BNI,wondr_bni,app_store,6499518320
14319076760,bni ngentot,1,taya,gangguan mulu tiap malem,1.5.1,0,2026-07-18T10:04:22-07:00,wondr by BNI,wondr_bni,app_store,6499518320
14318572112,Mbang23,5,Wondr se wonderfull itu,Wondr by bni paling oke dan memudahkan transaksi,1.5.1,0,2026-07-18T07:38:25-07:00,wondr by BNI,wondr_bni,app_store,6499518320
14318506321,De loise restaurant,5,Best bni,Always fast respon and never troubled,1.5.1,0,2026-07-18T07:20:02-07:00,wondr by BNI,wondr_bni,app_store,6499518320
14317875433,CuElvi,5,Beralih ke wondr,Pemakaian gampang dan kumplit,1.5.1,0,2026-07-18T04:00:44-07:00,wondr by BNI,wondr_bni,app_store,6499518320
14317807743,Diwayyyyyyyyyy,1,BNI MENGECEWAKAN,"Transaksi top up gopay saldo kepotong tapi ga masuk ke penerima saldo nya

Chat customer service nya ga ada respon 
Email juga ga ada perkembangan 

LAMAAAAA",1.5.1,0,2026-07-18T03:35:10-07:00,wondr by BNI,wondr_bni,app_store,6499518320
14317691921,Risgiandi,5,Wonder BNI,Aplikasi ini jauhhh lebih bagus dari versi lama,1.5.1,0,2026-07-18T02:50:04-07:00,wondr by BNI,wondr_bni,app_store,6499518320
14317153998,riocb,5,user friendly,sejauh ini ringan lanjay,1.5.1,0,2026-07-17T23:10:29-07:00,wondr by BNI,wondr_bni,app_store,6499518320
14316494898,dwpl30,5,Wondr,Lengkap mudah❤️,1.5.1,0,2026-07-17T18:48:01-07:00,wondr by BNI,wondr_bni,app_store,6499518320
14316456413,aukenn,5,Bagus,Sesuai cepat,1.5.1,0,2026-07-17T18:33:39-07:00,wondr by BNI,wondr_bni,app_store,6499518320
14314134627,Azhalinux,5,Memudahkan dan Terpercaya,Kirim dan Terima Uang sungguh memudahkan dengan Wondr by BNI.,1.5.1,0,2026-07-17T05:46:49-07:00,wondr by BNI,wondr_bni,app_store,6499518320
14312308216,daenkkk,5,Aplikasi yg sangat muda dan relevan,Sangat membantu,1.5.1,0,2026-07-16T18:08:41-07:00,wondr by BNI,wondr_bni,app_store,6499518320
14312046006,Nn stkhm,1,Ribet,"Inj aplikasi nyebelin banget, sinyal bagus buat buka app apapun bahkan lancar nonton youtube. Tapi buka wondr susah bangett heran harus banget 5G kah?",1.5.1,0,2026-07-16T16:28:16-07:00,wondr by BNI,wondr_bni,app_store,6499518320
14310996615,Pilat anjeng,1,Masalah tf,Aplikasi hama,1.5.1,0,2026-07-16T10:18:05-07:00,wondr by BNI,wondr_bni,app_store,6499518320
14310126700,…..$uebbdhana,1,Wan,Ini BNI knapa saya sudah punya akun BNI tapi mau login malah disuruh buat kartu dulu,1.5.1,0,2026-07-16T06:06:30-07:00,wondr by BNI,wondr_bni,app_store,6499518320
14308547655,Fadilalhaf,5,Bagus,Lumayan,1.5.1,0,2026-07-15T19:49:23-07:00,wondr by BNI,wondr_bni,app_store,6499518320
14308520111,Pengungsi 01,5,Modern,"Cepat, simpel, murah, efektif",1.5.1,0,2026-07-15T19:38:40-07:00,wondr by BNI,wondr_bni,app_store,6499518320
14305895502,erna widyanti,5,BNI Wondr Keren,Mudah Cepat Mantap,1.5.1,0,2026-07-15T05:07:52-07:00,wondr by BNI,wondr_bni,app_store,6499518320
14305779487,Rahma02,5,Mudah,Mudah digunakan dan tersedia fitur pembayaran apa saja ada,1.5.1,0,2026-07-15T04:29:54-07:00,wondr by BNI,wondr_bni,app_store,6499518320
14305466520,Fatwa amalia,1,Pengembalian dana dari transaksi yang gagal sangat lama,"Lebih dari satu bulan pengembalian dana dari gagal trf tak kunjung masuk ke rekening pengirim, sudah berkali2 email ke BNI namun jawabannya sama saja tak ada kabar tindak lanjutnya",1.5.1,0,2026-07-15T02:33:53-07:00,wondr by BNI,wondr_bni,app_store,6499518320
14305234205,indr..,5,Wondr is ok,Trader semudah senyuman…hanya 2fetik…,1.5.1,0,2026-07-15T00:58:17-07:00,wondr by BNI,wondr_bni,app_store,6499518320
14304538009,kipinpijir,5,Pelayanan lebih cepat,wondr membuat pelayanan lebih ceoat dan fiturnya mudah dimengerti,1.5.1,0,2026-07-14T20:04:08-07:00,wondr by BNI,wondr_bni,app_store,6499518320
14304513821,capt iqbal,5,Nice App,So Comfortably and easy to use 💙,1.5.1,0,2026-07-14T19:54:45-07:00,wondr by BNI,wondr_bni,app_store,6499518320
14302262054,Ciwidzzz,5,Wondr,Easy,1.5.1,0,2026-07-14T07:12:52-07:00,wondr by BNI,wondr_bni,app_store,6499518320
14301936042,depekkkkk,1,Buruk,"Sering sekali gangguan terutama qris sama top up,masa saya top up e wallet 500rb 2 kali yang masuk cm satu tapi di mutasi keluar semua tp di e walletnya ga masuk cm masuk 500rb,call center aja di hubungin ga bisa",1.5.1,0,2026-07-14T05:37:51-07:00,wondr by BNI,wondr_bni,app_store,6499518320
14301730237,Burhan76,5,Siip,Layanan pembayaran dg qris siiip,1.5.1,0,2026-07-14T04:32:17-07:00,wondr by BNI,wondr_bni,app_store,6499518320
14301080237,Stepa19,5,User Friendly,User Friendly App,1.5.1,0,2026-07-14T00:13:04-07:00,wondr by BNI,wondr_bni,app_store,6499518320
14298297139,Cintadamaiselalu,3,Qriss yang gagal,Beberapa kali mengalami qriss yang gagal. Bahkan pernah pesan travel dengan pembayaran qriss. Awalnya berhasil. Namun sampai di Hari H ternyata pembayaran saya dikembalikan secara sistem,1.5.1,0,2026-07-13T07:28:12-07:00,wondr by BNI,wondr_bni,app_store,6499518320
14297755846,Meini Malak,4,Ungkapan hati,Kadang ribet kadang bingung kadang suka kadang sebel,1.5.1,0,2026-07-13T04:45:23-07:00,wondr by BNI,wondr_bni,app_store,6499518320
14297055921,Zayn Alfatih,5,Wondr,Aplikasinya kereeennn...bravo BNI,1.5.1,0,2026-07-13T00:11:55-07:00,wondr by BNI,wondr_bni,app_store,6499518320
14296923254,Susii Sulastri,1,Tarik tunai tanpa kartu,Kenapa tarik tunai tanpa kartu tidak pernah berhasil karena kode otp tidak dikirim kiriman,1.5.1,0,2026-07-12T23:14:27-07:00,wondr by BNI,wondr_bni,app_store,6499518320
14296490716,Wira setyawan,2,Mobile tunai,"Ketika melakukan penarikan tunai tanpa kartu, ini sangat menguras waktu. Terlebih kede otp yang dikirim melalui sms sangat lama didapatkan bahkan hitungan jam. Dan jugaa layanan ini menggunakan pulsa yang dimana bank lain sudah bebas biaya. Ini sangat sulit",1.5.1,0,2026-07-12T20:10:44-07:00,wondr by BNI,wondr_bni,app_store,6499518320
14294107558,𝐩𝐢𝐬𝐜𝐞𝐬𝐬𝟐𝟏,5,Bagus,Sangat baik,1.5.1,0,2026-07-12T06:23:07-07:00,wondr by BNI,wondr_bni,app_store,6499518320
14293676983,ibelllll,1,Respont lelet,Banyak malingnya mending pindah BCA aja,1.5.1,0,2026-07-12T03:57:29-07:00,wondr by BNI,wondr_bni,app_store,6499518320
14293413849,teja1041,4,tanda baca berita transfer,Berita transfer supaya bisa pakai tanda baca,1.5.1,0,2026-07-12T02:13:49-07:00,wondr by BNI,wondr_bni,app_store,6499518320
14293017227,Asmar_Amma,5,Bagus,Cukup lengkap,1.5.1,0,2026-07-11T23:27:16-07:00,wondr by BNI,wondr_bni,app_store,6499518320
14292281876,raka langit,2,Komplen,Lebih susah cara daftar nya agak lama,1.5.1,0,2026-07-11T18:30:50-07:00,wondr by BNI,wondr_bni,app_store,6499518320
14291913679,H muh arif SE,1,Sering macet,Lambat loading,1.5.1,0,2026-07-11T16:09:45-07:00,wondr by BNI,wondr_bni,app_store,6499518320
14290739232,Fina Nurmala,1,gue ga bisa login ga ke kirim kode otp ke wa atau sms gue,ga bisa login,1.5.1,0,2026-07-11T09:20:08-07:00,wondr by BNI,wondr_bni,app_store,6499518320
14290336393,Wonder asu,1,Apk anjing,Sudah hampir 1 jt uangku hilng di wonder transaksi berhasil saldo hilang tpi di akun yg di tranfer gak masuk,1.5.1,0,2026-07-11T07:23:53-07:00,wondr by BNI,wondr_bni,app_store,6499518320
14290143606,fiowanda,5,Luar biasa,Pembayaran mudah dan lancar dgn wondr by BNI,1.5.1,0,2026-07-11T06:28:07-07:00,wondr by BNI,wondr_bni,app_store,6499518320
14290052175,Ardhi Ncek,4,More fitur,Tolong kasih fitur dark mode untuk Ios,1.5.1,0,2026-07-11T06:00:33-07:00,wondr by BNI,wondr_bni,app_store,6499518320
14290031086,Depti rokayatun,4,Pelayanan wonder bni,Sangat memuaskan,1.5.1,0,2026-07-11T05:54:06-07:00,wondr by BNI,wondr_bni,app_store,6499518320
14289046829,goldenticketonly,1,Verifikasi kartu terus,"Aneh udah uninstall dan install berkali-kali tapi tiap abis foto ktp disuruh verifikasi kartu terus padahal udah punya tabungan karena buat serentak sama dokter internship yang lain karena program kemenekes, tolong diperbaiki dong aplikasinya sama adminnya masa sewahana ada 1 atau 2 orang yang gabisa mulu, aneh",1.5.1,0,2026-07-10T23:40:19-07:00,wondr by BNI,wondr_bni,app_store,6499518320
14288604345,refalinaauliya,1,duit saya yang gagal transaksi ga balik lagi !,"waktu bayar paket qr shoppe transaksinya gagal, di tulisan buktinya(uang sudah di kembalikan) tapi mana?  duitnya ga balik lagi! gimana sih seklas BNI bobrok banget",1.5.1,0,2026-07-10T20:35:12-07:00,wondr by BNI,wondr_bni,app_store,6499518320
14288601488,Bastian_23,4,Transaksi,Perlu detail keterangan transaksi dari pengirim seperti mobile banking yang dulu,1.5.1,0,2026-07-10T20:34:04-07:00,wondr by BNI,wondr_bni,app_store,6499518320
14288433277,abah azis,5,Cepat,Keren sekali,1.5.1,0,2026-07-10T19:29:13-07:00,wondr by BNI,wondr_bni,app_store,6499518320
14286547828,arietyas,4,Kurang dikit,Tidak bisa dipakai saat sedang dalam panggilan,1.5.1,0,2026-07-10T08:29:16-07:00,wondr by BNI,wondr_bni,app_store,6499518320
14286122495,nurul ansor,5,sarann,sangat membntu,1.5.1,0,2026-07-10T06:30:19-07:00,wondr by BNI,wondr_bni,app_store,6499518320
14285552913,v31lt,5,Transaksi by wondr,Mudah cepat gampang,1.5.1,0,2026-07-10T03:28:20-07:00,wondr by BNI,wondr_bni,app_store,6499518320
14285337192,Aad R,1,Fitur Tidak lengkap,"Fitur untuk aduan masalah pada pengiriman kartu atm di aplikasi ini tidak tersedia. Request kartu sudah 25 hari tidak kunjung datang. Begitu di follow up ke cabang bni terdekat ditawarkan untuk request kartu manual dan menunggu 14 hari, jadi total 40 hari hanya untuk kartu atm 🤣

proses macam apa ini ?? 

Aplikasi yang membagongkan.",1.5.1,0,2026-07-10T02:03:37-07:00,wondr by BNI,wondr_bni,app_store,6499518320
14285325685,Mpok indun,1,Kecewa,"Sudah beberapa hari qris bermasalah, belum juga dibenahi. Tidak bisa digunakan!",1.5.1,0,2026-07-10T01:59:00-07:00,wondr by BNI,wondr_bni,app_store,6499518320
14285218597,sutrisnovegarose,5,Mudah,Sangat mudah digunakan saat diperlukan,1.5.1,0,2026-07-10T01:14:06-07:00,wondr by BNI,wondr_bni,app_store,6499518320
14284482611,Ryo-Bali,2,Rekening Kartu Kredit tidak muncul,"Rekening tabungan saja yg muncul, rekening kartu tidak muncul",1.5.1,0,2026-07-09T20:02:49-07:00,wondr by BNI,wondr_bni,app_store,6499518320
14284046118,Zafran A,1,sudah mencoba 5 kali tidak bisa,error,1.5.1,0,2026-07-09T17:16:08-07:00,wondr by BNI,wondr_bni,app_store,6499518320
14284027348,Rizwar mua,5,Terbaik,Selalu memudahkan segala urusan,1.5.1,0,2026-07-09T17:08:52-07:00,wondr by BNI,wondr_bni,app_store,6499518320
14282356079,Nikiandro,2,Aksesibilitas,"Pada dasarnya aplikasi wondr by BNI ini oke sih, cuma tidak begitu nyaman  digunakan oleh tunanetra pengguna pembaca layar voice over.  Sekarang harus bolak-balik untuk mengaktifkan dan menonaktifkan fitur screen recognition.
Tolong dikembangkan lagi fitur aksesibilitas nya agar tidak perlu menyalakan fitur screen recognition ketika bernavigasi di aplikasi wondr by BNI ini.
KALAU NANTI FITUR AKSESIBILITAS NYA SUDAH DITINGKATKAN, RATINGNYA SAYA NAIKIN LAGI.",1.5.1,0,2026-07-09T07:55:21-07:00,wondr by BNI,wondr_bni,app_store,6499518320
14282095161,Syarif Ganteng,5,Layanan,Ok banget,1.5.1,0,2026-07-09T06:42:14-07:00,wondr by BNI,wondr_bni,app_store,6499518320
14281510083,Muharyuni Uni,1,Sering gagal kirim,"App memang lebih praktis dari yg lama, tapi udh 2x TF gagal, tapi pengembalian dana nya lama banget, mesti lapor dulu ke customer care, kalo nggak lapor yaa nggak balik",1.5.1,0,2026-07-09T03:36:40-07:00,wondr by BNI,wondr_bni,app_store,6499518320
14281378413,Amirudesu,5,Lancar,Bagus satset,1.5.1,0,2026-07-09T02:47:43-07:00,wondr by BNI,wondr_bni,app_store,6499518320
14281182447,Fais pacar yaya,1,help,"jujur gw mw bikin akun berkali kali coba tetep engga bisa, udah nyoba sampe 5 kali lebih hasil nya “kamu terlalu banyak memasukkan data hari ini coba lagi besok” kyk what? gw ngelakuin re up yah gara gara sistem nya yg terus terusan ngilangin data nya, di suruh ngulang ngulang terus dari pihak sana trs giliran di isi lagi katanya terlalu banyak memasukkan data, sekali udah sampe tahap akhir (nunggu verifikasi) itu di suruh keluar aplikasi aja karena kalau lebih dari 1 menit blm selesai better keluar aja, giliran pas di buka lagi mala balik registrasi dari awal",1.5.1,0,2026-07-09T01:27:54-07:00,wondr by BNI,wondr_bni,app_store,6499518320
14280791280,reypaladum,1,Delay transfer ke QRIS,"Suka delay dan gagal dulu kalau transfer ke QRIS min, dan saldo nya terpotong udahan padahal",1.5.1,0,2026-07-08T22:38:29-07:00,wondr by BNI,wondr_bni,app_store,6499518320
14280557616,Icha maya,5,Gk pake judul😁,"Nyaman make nya,semuanya lengkap, bisa bayar air, listrik. Dan mudah, mksh",1.5.1,0,2026-07-08T21:00:22-07:00,wondr by BNI,wondr_bni,app_store,6499518320
14280423392,viola zahra,1,KECEWA BOS CUMA NYARI NASABAH,apa apaan ngewar di jam 10.00 tiket dah abis,1.5.1,0,2026-07-08T20:07:39-07:00,wondr by BNI,wondr_bni,app_store,6499518320
14280402641,Fitria manis🤣,5,Bagus,Bagus untuk bertransaksi,1.5.1,0,2026-07-08T19:59:44-07:00,wondr by BNI,wondr_bni,app_store,6499518320
14280245851,hasan andullah,1,Applikasi,"Applikasi perbankan paling jelek, sering error, pagi-pagi udh ngga bisa kode bayar Qris trs dulu pernah hampir seharian ngga bisa dipake",1.5.1,0,2026-07-08T19:01:45-07:00,wondr by BNI,wondr_bni,app_store,6499518320
14280221129,dhciaocbdudj,3,Terlalu sering kesalahan sistem,Mohon untuk diperbaiki karena sering sekali kesalahan sistem pada saat pembayaran qris,1.5.1,0,2026-07-08T18:52:42-07:00,wondr by BNI,wondr_bni,app_store,6499518320
14277887841,tajzjauhd,1,wondr TAI,wondrkntl error mulu bgst apk jelek mnding gausah buat kl gabisa dipake bloon,1.5.1,0,2026-07-08T05:47:55-07:00,wondr by BNI,wondr_bni,app_store,6499518320
14277848316,Sondang sp,2,Error,Tolong diperbaiki sistem Qrisnya sering error,1.5.1,0,2026-07-08T05:35:53-07:00,wondr by BNI,wondr_bni,app_store,6499518320
14277475752,Dndong,1,App dnck,Tidak ramah pekerja!,1.5.1,0,2026-07-08T03:28:30-07:00,wondr by BNI,wondr_bni,app_store,6499518320
14277384101,sudin anak panda,3,Scan wajah,"Kenapa daftar wondr susah banget scan wajah orang tua, gagal terus ini udah berapa kali coba gagal terus gimana sih
Ribet banget perasaan",1.5.1,0,2026-07-08T02:52:46-07:00,wondr by BNI,wondr_bni,app_store,6499518320
14276668138,nenk geulis,5,Wonder Woman,Aplikasi ini sangat membantu nasabah dalam melakukan transaksi dimanapun kapanpun thanks wondr by BNI,1.5.1,0,2026-07-07T21:42:29-07:00,wondr by BNI,wondr_bni,app_store,6499518320
14275151553,Aplasi tipu,1,Pelayanan di kantor cabang usu medan ampas,"Sudah antri lama,di bilang ktp tidak bisa di scan,,,sangan tidak memuaskan pelayanan ampas",1.5.1,0,2026-07-07T12:06:45-07:00,wondr by BNI,wondr_bni,app_store,6499518320
14274828385,Amrina amei,1,Tf kok gak masuk gmn ini,Tf dri mandiri berhasil tp di bni gak masuk,1.5.1,0,2026-07-07T10:20:58-07:00,wondr by BNI,wondr_bni,app_store,6499518320
14274634799,Glen_515,2,maintenance,"tiba tiba banget maintenance ga bisa bayar sama sekali, saya mw payment di minimarket ga bisa sama sekali, nunggu sejam baru bisa, tolong perbaikin sistem kalian",1.5.1,0,2026-07-07T09:23:49-07:00,wondr by BNI,wondr_bni,app_store,6499518320
14272921644,Ronald Pardede,5,Billing CC,Good,1.5.1,0,2026-07-06T23:40:44-07:00,wondr by BNI,wondr_bni,app_store,6499518320
14272857186,Nick Pryant,5,Bagus,Keren,1.5.1,0,2026-07-06T23:12:11-07:00,wondr by BNI,wondr_bni,app_store,6499518320
14272794447,Massimawan,1,Bagian Penerima pembayaran dan Penagih tidak sinkron dan tidak profesional,"Gw punya kartu kredit bni 4, gw selalu bayar tepat waktu, salah satu  dari 4 kartu kredit yg gw punya selalu masalah gw dah bayar gak pernah telat tpi selalu dihubungi belum bayar sudah melewati jatuh tempo, padahal gw bayar juga lewat mobile bni nya mereka gw gak tau dan gak ngerti yang setiap selalu menelfon gw dan meneror gw dan tanya jam brpa mau bayarnya, ini masih dalam batas ambang aja, kalo sudah diluar kesabaran gw apalagi sampai ada ancaman gw tutup semua dan gw panjangin tuh penagih",1.5.1,0,2026-07-06T22:44:32-07:00,wondr by BNI,wondr_bni,app_store,6499518320
14272454030,Rafting marvel,2,Wonder,BNI setia melayani masyarakat,1.5.1,0,2026-07-06T20:18:43-07:00,wondr by BNI,wondr_bni,app_store,6499518320
14272303103,Clothivo Sablon,1,VERIFIKASI WAJAH,Juli 2026 verifikasi wajah masih sering gagal. lucu 😆 dari sekian banyak metode verifikasi yg dipilih cuma satu opsi. otw pindah bank aja,1.5.1,0,2026-07-06T19:20:05-07:00,wondr by BNI,wondr_bni,app_store,6499518320
14271982458,camelia fransiska,5,Transfer,Cepat terpercaya,1.5.1,0,2026-07-06T17:18:33-07:00,wondr by BNI,wondr_bni,app_store,6499518320
14271903714,Edyhard,5,Mantap,Mantap,1.5.1,0,2026-07-06T16:48:05-07:00,wondr by BNI,wondr_bni,app_store,6499518320
14270710502,hepojhgg,1,ganguan mulu,sering jam 22.00 ke atas tidak bisa tf tidak bisa qiris bikin sudah transaksi aja,1.5.1,0,2026-07-06T09:57:52-07:00,wondr by BNI,wondr_bni,app_store,6499518320
14269892965,wonder tai,1,Selalu gangguan,Aplikasi paling tolol!!!!,1.5.1,0,2026-07-06T06:01:34-07:00,wondr by BNI,wondr_bni,app_store,6499518320
14269300720,R adeniya,5,bagus tapi….,"Aplikasi mudah dipergunakan, namun mengapa sulit untuk buka rekening secara online di app wondr ya? Di bni mobile di arahkan selalu melalui wondr. Adakah eror utk apk di ios?",1.5.1,0,2026-07-06T02:31:16-07:00,wondr by BNI,wondr_bni,app_store,6499518320
14267507019,Opi yas wi,5,Aplikasi,"Memudahkan urusan transaksi dr mana aja, terima kasih ya",1.5.1,0,2026-07-05T14:16:43-07:00,wondr by BNI,wondr_bni,app_store,6499518320
14266594389,Pange gila,1,Bni jelek,Kebanyakan eror udah kepotong banyak,1.5.1,0,2026-07-05T09:21:32-07:00,wondr by BNI,wondr_bni,app_store,6499518320
14265876681,meyriss,5,Good,Good,1.5.1,0,2026-07-05T05:52:46-07:00,wondr by BNI,wondr_bni,app_store,6499518320
14264516489,mmmaya777,3,Beri indikator visual yang lebih tegas,"Hello, tolong perjelas tampilan layar saat transaksi gagal setelah scan qris & sudah input pin. Minimal beri indikator visual yang jelas, seperti ikon atau warna berbeda, jadi pengguna langsung sadar bahwa transaksi belum berhasil. Biar ga salah paham ini gw dikira penjahat",1.5.1,0,2026-07-04T20:56:55-07:00,wondr by BNI,wondr_bni,app_store,6499518320
14262574272,delz_della,5,Penggunaan wondr,"User friendly, banyak opsi untuk menabung, payment, dan investasi, akses cepat",1.5.1,0,2026-07-04T08:50:06-07:00,wondr by BNI,wondr_bni,app_store,6499518320
14262170020,Septian Ashari,5,Mantap,"Mantapsss dah, gua sebagai pengguna bni lama make new aplikasi nya berasa beda banget bro",1.5.1,0,2026-07-04T06:55:21-07:00,wondr by BNI,wondr_bni,app_store,6499518320
14261510223,okim14,1,PASSWORD,Harus memperbarui pasword /pin sehingga membuat lupa akun,1.5.1,0,2026-07-04T03:19:00-07:00,wondr by BNI,wondr_bni,app_store,6499518320
14257358216,Vecutebgt,5,Tf,Cepet tf nya,1.5.1,0,2026-07-03T03:19:16-07:00,wondr by BNI,wondr_bni,app_store,6499518320
14257105828,Anto Motret,5,Wondr BNI,Very Nice,1.5.1,0,2026-07-03T01:41:06-07:00,wondr by BNI,wondr_bni,app_store,6499518320
14256840090,Etryyyy,5,Aplikasi super mudahhhhh,Sangat mudah untuk dipahami dan tampilannkerennnnnnn,1.5.1,0,2026-07-02T23:52:25-07:00,wondr by BNI,wondr_bni,app_store,6499518320
14256481133,Wertyu21,3,Transaksi dalam proses,"Ini sungguh buat bingung, klo memang gagal, buat aja notif gagal, jgn dlaam proses. Biar kita gk nunggu “ini uda masuk/blm” klo coba ulang, takut nnti double ke kirim",1.5.1,0,2026-07-02T21:27:05-07:00,wondr by BNI,wondr_bni,app_store,6499518320
14256154103,greendpt,1,Catatan di mutasi,"Tolong dong app nya di perbaharui, masa catatan pengirim tidak muncul di mutasi, sebab tidak semua pengirim mau mengirim bukti Trf. Percuma mutasi bisa di buka tapi saat dibuka isinya kosong hanya nominal saja. Estatment nya juga bisa dibuka sekali sebulan. Kalah banget sama bank bank yang biasa seperti Jago dan lain lain",1.5.1,0,2026-07-02T19:24:45-07:00,wondr by BNI,wondr_bni,app_store,6499518320
14255286157,nqisbe d,1,wondr by BNI parah dan tidak ada kejelasan terkait saldo yang masuk.,"pernah melakukan transaksi hanya notification uang saja yang masuk ke saya tetapi uang nya tidak pernah masuk ke saldo saya sampai saat ini, apalagi nominal yang masuk sangat lumayan, sudah di follow up ke BNI terdekat hanya jawaban disuru tunggu 1x24 jam tapi sampai saat ini saldo nya masih belum muncul, dan customer service sangat lambat tidak bisa dihubungi.",1.5.1,0,2026-07-02T14:03:36-07:00,wondr by BNI,wondr_bni,app_store,6499518320
14253154763,Wayan aspriadi,5,Cepat,Terpercaya,1.5.1,0,2026-07-02T03:30:20-07:00,wondr by BNI,wondr_bni,app_store,6499518320
14252784480,WayanPra,1,Tidak bisa membuka aplikasi ketika menggunakan wifi,Kok sekarang aplikasinya gabisa sy buka ketika menggunakan wifi dan hanya bisa dibuka dg paket data?? Kenapa begini?,1.5.1,0,2026-07-02T01:07:38-07:00,wondr by BNI,wondr_bni,app_store,6499518320
14252576066,Zul Ag,5,Tapcash,"Hari ini tgl 2 juli 2026, saya topup tapcash 50 rb menggunakan wonder dari hp ternyata gagal dan muncul kata kata “tenang saldo anda aman dan tidak terpotong” saat di cek ternyata terpotong ….gimana ini BNI…ini bukan yg pertama kali lho, tahun 2021 saya juga pernah topup 500 rb dan transaksi berhasil namun saat cek tapcash dana tidak masuk, saat komplain ke BNI cabang akan dilaporkan ke pusat dan saya di suruh menunggu dan akan mendapat pengembalian uang tsb …sampai detik ini belum saya terima…halo BNI ayo berbenah jangan tidur aja jaman sudah berubah jangan buat orang kecewa hanya karena pelayanan yang tidak memuas kan, tks.",1.5.1,0,2026-07-01T23:43:03-07:00,wondr by BNI,wondr_bni,app_store,6499518320
14252509384,TommyWafi,5,Good service,Kerennn,1.5.1,0,2026-07-01T23:15:44-07:00,wondr by BNI,wondr_bni,app_store,6499518320
14251935380,Aaviy,5,Akses bagus,Lancar dan user friendly,1.5.1,0,2026-07-01T19:32:53-07:00,wondr by BNI,wondr_bni,app_store,6499518320
14251379489,nasabarr,1,Jelek!,riwayat transaksi kurang transparan! kalau ada dana masuk gabisa cek notesnya. ditambah lihat riwayat mutasi harus nunggu bulan depannya. mana masukin pw riwayat transaksi gagal terus padahal udah bener. APK ANEH!,1.5.1,0,2026-07-01T16:10:03-07:00,wondr by BNI,wondr_bni,app_store,6499518320
14251212095,arn mobile,1,Gagal daftar,Baru mau daftar kaga bisa bisa. aplikasi sampah,1.5.1,0,2026-07-01T15:06:28-07:00,wondr by BNI,wondr_bni,app_store,6499518320
14247877528,ariwxxx**,1,MUTASI GA ON TIME,"GA PERNAH ON TIME UNTUK MUTASINYA! ADA YG TF DIBAWAH 200k MALAH GA MASUK DI MUTASI, UANGNYA NAMBAH TP GA ADA MUTASI, ITU KALAU INGET JUMLAH UANG SEBELUMNYA, KALAU GA INGET KAN JD GATAU MASUK ATAU ENGGA UANGNYA!! JADI HARUS KE ATM DULU BUAT NGECEK MUTASI, BUKAN SEKALI DUA KALI UDAH SEJAK MARET MAKE BNI TIAP BULAN SELALU ADA KEJADIAN INI!",1.5.1,0,2026-06-30T20:51:30-07:00,wondr by BNI,wondr_bni,app_store,6499518320
14247823387,Kkeeerisss,2,"Dana masuk, mutasi belum ada",dana sudah bertambah namun informasi mutasi belum tersedia. sering terlambat notifikasi dana masuk.,1.5.1,0,2026-06-30T20:31:46-07:00,wondr by BNI,wondr_bni,app_store,6499518320
14247821781,Aku bca,1,Bodo,Riwayat transaksi lambat update menunggu 24 jam lagi baru muncul,1.5.1,0,2026-06-30T20:31:12-07:00,wondr by BNI,wondr_bni,app_store,6499518320
14247584148,dyravi,2,tidak bisa daftar,stuck di syarat dan ketemtuan,1.5.1,0,2026-06-30T19:07:24-07:00,wondr by BNI,wondr_bni,app_store,6499518320
14247448821,Lili Agustina,3,Transaksi tidak terlihat saldo terpotong,Diperbaiki,1.5.1,0,2026-06-30T18:21:25-07:00,wondr by BNI,wondr_bni,app_store,6499518320
14247436283,Ikking17,3,Hallo,"Gk kayak apk sebelah, bulan berjalan sdah bisa cetak koran",1.5.1,0,2026-06-30T18:17:12-07:00,wondr by BNI,wondr_bni,app_store,6499518320
14247403732,Pemkai,1,Akun,Tiba” tampilan jadi b.inggris. Sudah instal ulang masih sama. Mohon dibantu,1.5.1,0,2026-06-30T18:06:14-07:00,wondr by BNI,wondr_bni,app_store,6499518320
14247276058,Fajar 29243,5,Wodr,Wondr keren aplikasinya lancar transaksinya dan mantap transaksi By Multicurrency,1.5.1,0,2026-06-30T17:22:07-07:00,wondr by BNI,wondr_bni,app_store,6499518320
14247233490,Prazt13,5,Wonder,Sangat membantu,1.5.1,0,2026-06-30T17:07:06-07:00,wondr by BNI,wondr_bni,app_store,6499518320
14245994359,arya farid,1,ajg,sering bgt ada kendala pas lagi penting gk bisa tranfer sering bgt trouble kntll emang transaksi gagal trs babi,1.5.1,0,2026-06-30T10:16:10-07:00,wondr by BNI,wondr_bni,app_store,6499518320
14245917528,Iblanjare,1,garbage,trash,1.5.1,0,2026-06-30T09:54:53-07:00,wondr by BNI,wondr_bni,app_store,6499518320
14244236262,fai19,5,Oke,Mantaaf,1.5.1,0,2026-06-30T01:44:09-07:00,wondr by BNI,wondr_bni,app_store,6499518320
14243941775,Bankingku,5,Efektif & cpt,Senang sekali menggunakan banking in mudah cpt & g ribet,1.5.1,0,2026-06-29T23:40:49-07:00,wondr by BNI,wondr_bni,app_store,6499518320
14243923652,ssdfvvvvvv,3,uang suka berkurang,"suka eror, uang ada berapa nominal ditulis berapa, sering sekali kejadian ini, bikin bingung sm saldo sendiri",1.5.1,0,2026-06-29T23:33:12-07:00,wondr by BNI,wondr_bni,app_store,6499518320
14243747694,Selvi Azzahra,2,Ulasan,Kenapa sering lemot ya? Saya melakukan transfer dari e-wallet ke rekening saya belum masuk. Saat melakukan transaksi pembayaran juga loading lama sekali,1.5.1,0,2026-06-29T22:19:37-07:00,wondr by BNI,wondr_bni,app_store,6499518320
14243669806,Grab najis,2,Sering transfer tapi tidak masuk ke wonder bni,Sangat buruk,1.5.1,0,2026-06-29T21:48:04-07:00,wondr by BNI,wondr_bni,app_store,6499518320
14243301908,AnnisaSr.,5,Wondr by BNI,Suka dengan tampilan dan fiturnya 😍,1.5.1,0,2026-06-29T19:25:53-07:00,wondr by BNI,wondr_bni,app_store,6499518320
14242895126,Della ‘c,5,Pake Wondr BNI semua jadi mudah,Sejak aku gunakan Wondr By BNI aktivitas bayar beli makin mudah,1.5.1,0,2026-06-29T16:55:29-07:00,wondr by BNI,wondr_bni,app_store,6499518320
14241530824,Edoutomo,5,Review,Great app,1.5.1,0,2026-06-29T09:13:36-07:00,wondr by BNI,wondr_bni,app_store,6499518320
14239124925,Aronawa,5,Pelayanan sangat baik,"Cepat , ok",1.5.1,0,2026-06-28T19:17:45-07:00,wondr by BNI,wondr_bni,app_store,6499518320
14238878628,henryjhp,5,Keren,membantu sekali dalam transaksional pribadi sehari-hari,1.5.1,0,2026-06-28T17:42:06-07:00,wondr by BNI,wondr_bni,app_store,6499518320
14237227898,Aprilian18,5,Love it❤️,Sangat membantu,1.5.1,0,2026-06-28T08:12:02-07:00,wondr by BNI,wondr_bni,app_store,6499518320
14236102642,Dewkevn,5,Puas,Wonder cepat transaksi gak pake ribet,1.5.1,0,2026-06-28T02:00:22-07:00,wondr by BNI,wondr_bni,app_store,6499518320
14235512786,bboysco,5,ok,gokiel,1.5.1,0,2026-06-27T22:03:25-07:00,wondr by BNI,wondr_bni,app_store,6499518320
14233782844,Pfffttt123,1,Transfer,"Jam 12 malam, selalu gagal transfer. Tolong diperbaiki",1.5.1,0,2026-06-27T11:18:47-07:00,wondr by BNI,wondr_bni,app_store,6499518320
14232508426,Rosamimarti,5,Eazy to use,Bagus,1.5.1,0,2026-06-27T04:58:50-07:00,wondr by BNI,wondr_bni,app_store,6499518320
14232263828,Ida Kurniawati,5,Wondr by BNI,Mantap,1.5.1,0,2026-06-27T03:32:48-07:00,wondr by BNI,wondr_bni,app_store,6499518320
14232189658,Kapakmerah,1,Aplikasi tidak bisa dibuka,"Dalam beberapa hari, aplikasi berulang tidak bisa di akses, dan hanya ada pemberitahuan tunggu beberapa saat lagi",1.5.1,0,2026-06-27T03:04:57-07:00,wondr by BNI,wondr_bni,app_store,6499518320
14230788969,Ojo ngawur,2,Mobil tunai,kenapa sih kode OTO mobil tunai harus pake sms berbayar.. skrg jamannya jarang isi pulsa.. jadi ketika butuh mobil tunai jadinya ribet nyari pulsa dulu,1.5.1,0,2026-06-26T18:07:23-07:00,wondr by BNI,wondr_bni,app_store,6499518320
14228484809,grizkyrama,5,kesan,wonder emang keren dan detail penjelasannya,1.5.1,0,2026-06-26T05:41:51-07:00,wondr by BNI,wondr_bni,app_store,6499518320
14227310952,Tri Kotrek,5,Wondr by bni,Makin ok,1.5.1,0,2026-06-25T22:13:16-07:00,wondr by BNI,wondr_bni,app_store,6499518320
14227297524,bp ale,5,Pelayanan prima,Trimakasih bni,1.5.1,0,2026-06-25T22:07:31-07:00,wondr by BNI,wondr_bni,app_store,6499518320
14227185732,Andreas05_,5,Fiturnya bagus,mantapp,1.5.1,0,2026-06-25T21:19:48-07:00,wondr by BNI,wondr_bni,app_store,6499518320
14227113420,liambana,5,Pelayanan,Wondr BNI terbaik,1.5.1,0,2026-06-25T20:49:24-07:00,wondr by BNI,wondr_bni,app_store,6499518320
14227003428,dndmwr,1,respon lambat,"masa iya uang yg sudah di setor tunai, sudah laporan, tp lama sekali di prosesnya. sudah chat ke whatsapp BNI pun untuk nanya laporan juga slow respon",1.5.1,0,2026-06-25T20:04:13-07:00,wondr by BNI,wondr_bni,app_store,6499518320
14226859169,Wsnchoi,1,Kembangkan lagi aplikasinya,Tolong dong aplikasinya ini dikembangkan lagi. Semua transaksi tidak detail seperti mbanking sebelumnya. Saya susah buat cek uang masuk karena tidak ada detail uang tersebut di transfer untuk pembayaran apa. Sedangkan mbanking yg dulu sangat rinci,1.5.1,0,2026-06-25T19:07:44-07:00,wondr by BNI,wondr_bni,app_store,6499518320
14226850988,Mank yuli,5,Love,Love,1.5.1,0,2026-06-25T19:04:39-07:00,wondr by BNI,wondr_bni,app_store,6499518320
14224062620,dinar_mustika,1,Uang tidak keluar tapi laporan di mbanking udh kepotong,Ini gimana sih konsepnya.. aku ambil uang.. uangku gak keluar di mesin atm.. tp uangku udh kepotong aja di bank… call center di tlpn gk pda angkat jdi ngabis2in pulsa aja.. gmn nih? rugi donk…,1.5.1,0,2026-06-25T03:31:10-07:00,wondr by BNI,wondr_bni,app_store,6499518320
14223654257,widyaintawani,5,Ok,Aplikasinya sangat mudah digunakan dan mudah dipahami untuk orang yg pertama kali menggunakannya. Aplikasi yg skrng sangat lebih baik dari yang sebelumnya,1.5.1,0,2026-06-25T00:40:07-07:00,wondr by BNI,wondr_bni,app_store,6499518320
14223602446,RisaaIcha,5,Transfer,Transfer cepat & aman,1.5.1,0,2026-06-25T00:17:00-07:00,wondr by BNI,wondr_bni,app_store,6499518320
14223585752,Nita talib,3,Muak,Muak sll ngeblank,1.5.1,0,2026-06-25T00:09:29-07:00,wondr by BNI,wondr_bni,app_store,6499518320
14223202243,sakkkjdhhebxj,1,kendala transfer LN,"tranfer ke LN ga diproses transaksinya, transfer DN juga",1.5.1,0,2026-06-24T21:19:39-07:00,wondr by BNI,wondr_bni,app_store,6499518320
14223059011,Sulaswhhyu,5,Wonder BNI,Simple gak ribet dan bener2 membantu 🥰,1.5.1,0,2026-06-24T20:19:33-07:00,wondr by BNI,wondr_bni,app_store,6499518320
14221516695,Muhtajrim,5,Mantap,sangat memudahkan transaksi dimanapun,1.5.1,0,2026-06-24T10:53:59-07:00,wondr by BNI,wondr_bni,app_store,6499518320
14220997817,Muhaimun,2,Kendala di bagian logi,Akun saya tidak mau login,1.5.1,0,2026-06-24T08:17:07-07:00,wondr by BNI,wondr_bni,app_store,6499518320
14220546517,rofiun,5,Keren banget sat set gak pake ribet,Wondr by BNI mantap,1.5.1,0,2026-06-24T06:07:13-07:00,wondr by BNI,wondr_bni,app_store,6499518320
14219667662,gajqmwctauqkmnnsn,1,aplikasi cacat,terjadi kesalahan terus aplikasi sakit,1.5.1,0,2026-06-24T00:35:54-07:00,wondr by BNI,wondr_bni,app_store,6499518320
14216986608,Rifky Zr,5,Layanan,Bagus layanan baik dan terpercaya,1.5.1,0,2026-06-23T07:51:06-07:00,wondr by BNI,wondr_bni,app_store,6499518320
14215803237,whatdfuzz,1,Bank Nipu Indonesia,Bank dengan program cashback kartu kredit yang paling tidak jelas,1.5.1,0,2026-06-23T00:35:48-07:00,wondr by BNI,wondr_bni,app_store,6499518320
14215761612,frisca febriana,1,jelek,selalu gagal topup gopay,1.5.1,0,2026-06-23T00:15:31-07:00,wondr by BNI,wondr_bni,app_store,6499518320
14215746810,Aorzs,1,Buat rekening di bank bni kab.batang hari,"saya mau membuat rekening di bank kab.batang hari tapi pelayanan dari satpam nya buruk sekali,mengusir saya.",1.5.1,0,2026-06-23T00:08:20-07:00,wondr by BNI,wondr_bni,app_store,6499518320
14215355737,bawoksu,1,bot,saldo ada tapi transa gagal mulu anjg,1.5.1,0,2026-06-22T21:03:01-07:00,wondr by BNI,wondr_bni,app_store,6499518320
14215045377,zali_reez,1,Bye!!,"Pernah kena biaya admin kartu kredit bni, yg seharusnya 0 rupiah, setelah pakai wondr.. masih sakit hati, meski skrang udah balik 0 rupiah, krn yg dulu2 ndak dibalikin.. bye..",1.5.1,0,2026-06-22T18:53:18-07:00,wondr by BNI,wondr_bni,app_store,6499518320
14214808253,hykao,1,GANGGUAN SETIAP HARI!!!!!,BNI 4SU SETIAP HARI GANGGUAN BANK GA GUNAAAA,1.5.1,0,2026-06-22T17:19:45-07:00,wondr by BNI,wondr_bni,app_store,6499518320
14213597454,Rasya anita,1,Kesel,"Sering bgt gangguan sistem, sering gagal transfer semenjak updte ke wondr ini",1.5.1,0,2026-06-22T10:08:39-07:00,wondr by BNI,wondr_bni,app_store,6499518320
14211985742,muhammadadie,1,Sering gangguan,Sering gangguan,1.5.1,0,2026-06-22T00:52:12-07:00,wondr by BNI,wondr_bni,app_store,6499518320
14211548018,Muchlis Ahmad,5,gunakam wonder sangat membantu kelancaran transaksi,puas makainya,1.5.1,0,2026-06-21T21:21:13-07:00,wondr by BNI,wondr_bni,app_store,6499518320
14209101666,Siti dwi 03,5,Top Up gratis,Mantap pokoknya isi e-wallet pakai BNI gratis admin 👍,1.5.1,0,2026-06-21T06:35:42-07:00,wondr by BNI,wondr_bni,app_store,6499518320
14207756557,Uhnyh,3,Transaksi limit,Aplikasi yang menyusahkan. Setiap ingin transfer / qris selalu di bilang sudah mencapai limited padahal belum ada transaksi di hari tsb serta tidak sedang pembaruan aplikasi,1.5.1,0,2026-06-20T21:34:45-07:00,wondr by BNI,wondr_bni,app_store,6499518320
14207685917,Gitamarlena,5,Suka sekali,Aman simple dan praktis,1.5.1,0,2026-06-20T21:03:49-07:00,wondr by BNI,wondr_bni,app_store,6499518320
14207493100,muhammad reka,3,Loadingnya lama,Beberapa hari gk dibuka kdang lama loadingnya,1.5.1,0,2026-06-20T19:43:35-07:00,wondr by BNI,wondr_bni,app_store,6499518320
14206345779,cheesssssa,3,Kode otp,Kode otp lambat waktu dah anis otp baru masuk dah gitu harus nunggu besok,1.5.1,0,2026-06-20T12:11:40-07:00,wondr by BNI,wondr_bni,app_store,6499518320
14204940995,Nengulil,5,Wonder by BNI,The best lah,1.5.1,0,2026-06-20T04:51:58-07:00,wondr by BNI,wondr_bni,app_store,6499518320
14204484853,Biyeas,1,Uang tidak masuk,Permisi ini BNI kenapa yah! Saya top up dari seabank ke BNI ngga masuk masuk!! pdahal di seabank behasil,1.5.1,0,2026-06-20T01:51:11-07:00,wondr by BNI,wondr_bni,app_store,6499518320
14201426940,azhar a a,5,Alhamdulillahirobbilalamiinn,Alhamdulillahirobbilalamiinn,1.5.1,0,2026-06-19T07:09:51-07:00,wondr by BNI,wondr_bni,app_store,6499518320
14201076443,Anjastri,5,Bank,OK,1.5.1,0,2026-06-19T05:23:27-07:00,wondr by BNI,wondr_bni,app_store,6499518320
14200602399,pleb0823,1,Sangat sangat buruk jelek,"Kebanyakan error dan masalah, tiap pake transaksi 1x langsung error harus ke CS, sangat sangat buruk, mending ganti rekening seklian aj daripada pake aplikasi wondr",1.5.1,0,2026-06-19T02:26:19-07:00,wondr by BNI,wondr_bni,app_store,6499518320
14200236615,noupiee,5,💯,"lebih suka aplikasi ini daripada aplikasi lama, fitur2nya lebih lengkap dan memudahkan ❤️",1.5.1,0,2026-06-18T23:42:18-07:00,wondr by BNI,wondr_bni,app_store,6499518320
14199485435,ChasnaKurniawan,5,Modern,"Tampilan lebih terasa modern.
Keren 👍",1.5.1,0,2026-06-18T18:25:45-07:00,wondr by BNI,wondr_bni,app_store,6499518320
14196676116,Mr siapaajaboleh,5,Mantap,Mantap,1.5.1,0,2026-06-18T02:31:12-07:00,wondr by BNI,wondr_bni,app_store,6499518320
14196227154,Wannnnnn1222,1,Kode ga masuk masuk,akun tiba tiba keluar sendiri,1.5.1,0,2026-06-17T23:04:48-07:00,wondr by BNI,wondr_bni,app_store,6499518320
14196163816,Nurul khotifah,5,Keren,Membantu sekali,1.5.1,0,2026-06-17T22:34:50-07:00,wondr by BNI,wondr_bni,app_store,6499518320
14193683362,Asho198,1,Informasi tidak sinkron,"Informasi yang diberikan CC memberi ketidak jelasan, 
1. di tawari Kartu CC Barusaya setuju, kemudian ternyata gagal
2. mengajukan tambah limit CC, informasinya pasti akan bisa dan tinggal mengajukan saja ke wonder, tapi ditolak juga",1.5.1,0,2026-06-17T07:39:34-07:00,wondr by BNI,wondr_bni,app_store,6499518320
14192905395,Nidazahwa,5,Wonder ku,Selalu memberikan kemudahan dan luar biasa,1.5.1,0,2026-06-17T03:32:13-07:00,wondr by BNI,wondr_bni,app_store,6499518320
14192805039,Muthb3,5,Good job,Very happy with the service front BNI …thanks,1.5.1,0,2026-06-17T02:51:18-07:00,wondr by BNI,wondr_bni,app_store,6499518320
14191312491,vier khaleshi,3,update aplikasi,"ribet bgt tarik tunai cardless perlu pake pulsa, pdhl sudah ada biaya admin. aplikasi sebelah gampang untuk sebuah OTP langsung dr aplikasinya. M-Mobile ter ribet!",1.5.1,0,2026-06-16T16:18:56-07:00,wondr by BNI,wondr_bni,app_store,6499518320
14190088654,wiswana,1,perbaikan,tolong di perbaiki agar bisa tf ke bank manapun di atas jam 12 rugi bank besar kualitas seperti ini saya nasabah,1.5.1,0,2026-06-16T09:26:33-07:00,wondr by BNI,wondr_bni,app_store,6499518320
14189841616,Alvian pawel,5,Wondr luar biasa,"Labih mudah, cepet dan gak ribet. Emang Top lah wondr",1.5.1,0,2026-06-16T08:12:40-07:00,wondr by BNI,wondr_bni,app_store,6499518320
14189092375,Harmajih,5,Ok,Mantap sngat membatu,1.5.1,0,2026-06-16T04:16:49-07:00,wondr by BNI,wondr_bni,app_store,6499518320
14189034785,Angga persada,2,G,Saya kok ngisi jenis pekerjaan gak bisa ya?,1.5.1,0,2026-06-16T03:55:12-07:00,wondr by BNI,wondr_bni,app_store,6499518320
14189005926,dianfebbbb,1,busuk,"bni ni jelek bgt najisss, Pelayanannya gaa fast, ngambil duit di atm saldo mya kepotong duit ga keluar. udh lapor suruh nunggu 7 hari. dri selasa kmren sampe skrg ga ada kejelasannya sama sekali. Najis. Misal ini atm bukan untuk gajian udh aku ganti jugaa karna se benci itu sm pelayanannya!!!!",1.5.1,0,2026-06-16T03:44:07-07:00,wondr by BNI,wondr_bni,app_store,6499518320
14188131455,olvayaming,1,SUKA RELOAD,aplikasi nya tolong di tingkatkan,1.5.1,0,2026-06-15T20:57:55-07:00,wondr by BNI,wondr_bni,app_store,6499518320
14187671242,Agung Darmadi,5,Kesalahan sistem,mau daftar selalu stuck di verifikasi pin kartu atm. notifnya lagi ada gangguan sistem.,1.5.1,0,2026-06-15T17:48:56-07:00,wondr by BNI,wondr_bni,app_store,6499518320
14184784873,Desy dey,5,Transaksi transfer,Oke cepet ga pakai lama,1.5.1,0,2026-06-15T01:12:28-07:00,wondr by BNI,wondr_bni,app_store,6499518320
14184637433,hyrdie,1,Unstable application,"please develop your app properly, i cant open the app since morning until lunch time and still cant open, everytime i try to open it, it says “Ada kendala di sistem kami, silahkan tunggu dan coba lagi ya”",1.5.1,0,2026-06-15T00:02:51-07:00,wondr by BNI,wondr_bni,app_store,6499518320
14184165447,San Sandrela,5,Transaksi pembayaran,Cepat mudah pokonya good the best of the best,1.5.1,0,2026-06-14T20:22:38-07:00,wondr by BNI,wondr_bni,app_store,6499518320
14183496057,dhiguo,5,Good,Aplikasi bagus,1.5.1,0,2026-06-14T15:52:19-07:00,wondr by BNI,wondr_bni,app_store,6499518320
14181596102,nurman12,3,saldo awal tidak masuk,udh daftar trus pas ngisi saldo awal 150 padahal udh berhasil tapi gak masuk di aplikasi?tolong pencerahannya,1.5.1,0,2026-06-14T05:37:21-07:00,wondr by BNI,wondr_bni,app_store,6499518320
14178581994,Nichol123,3,Komplen,"Ini BNI Udah kayak yang sebelah aja sering gangguan, plus limit belum habis sdh gak bisa di gunakan lagi, sering eror. Gimana kalau org perlu coba",1.5.1,0,2026-06-13T10:05:14-07:00,wondr by BNI,wondr_bni,app_store,6499518320
14177262192,dianos_el,2,Fitur tidak lengkap,"Kenapa sampai dengan hari ini, wondr di ios belum ada fitur tambahkan kartu kredit, hanya ada fitur ajukan kartu kredit baru. Kan mengecewakan.",1.5.1,0,2026-06-13T03:06:05-07:00,wondr by BNI,wondr_bni,app_store,6499518320
14176307081,nalan1012,4,eror,gabisaa di buka min aplikasi,1.5.1,0,2026-06-12T20:18:36-07:00,wondr by BNI,wondr_bni,app_store,6499518320
14176150440,App dodol,1,Buka rekening online ribet amat,"Aplikasi kocak, mau buka akun rekening online aja lewat aplikasi kendala sistem mulu, mana input data berulang kali tp di proses gagal mulu, hadeh
Ini ga niat apa mau nambah nasabah ????",1.5.1,0,2026-06-12T19:16:29-07:00,wondr by BNI,wondr_bni,app_store,6499518320
14175899398,Bg azz,5,Lebih mudah,Mantap,1.5.1,0,2026-06-12T17:40:22-07:00,wondr by BNI,wondr_bni,app_store,6499518320
14174662433,GeL0211,2,History telat,History telat bikin bingung pengguna tolong di perbaiki lagi,1.5.1,0,2026-06-12T10:17:03-07:00,wondr by BNI,wondr_bni,app_store,6499518320
14174630103,fhfygfgcdf,1,jelek,"iii jelek nya anjengg, baikilaa aplikasinya ni puqii",1.5.1,0,2026-06-12T10:07:18-07:00,wondr by BNI,wondr_bni,app_store,6499518320
14173617493,aku okkn,4,keren,"smoga lebih baik lagi,cukup klo tf ke lain kagi g ush naik lagi,aq kasih bintang 5 karan love dengan BNI",1.5.1,0,2026-06-12T05:21:24-07:00,wondr by BNI,wondr_bni,app_store,6499518320
14172870731,Fabianduni,1,Kendala login,"Sejak update terakhir. Ga bisa login di ios 18.7.2 keterangan ada kendala di sistem kami

Segera perbaiki",1.5.1,0,2026-06-12T00:19:59-07:00,wondr by BNI,wondr_bni,app_store,6499518320
14172775187,Nciflorist,5,Mudah dipakai,Transaksi jadi lebih mudah,1.5.1,0,2026-06-11T23:35:12-07:00,wondr by BNI,wondr_bni,app_store,6499518320
14172579315,Nugros nugroho,2,Minim informasi berita keterangn,"Sejak pakai wondr malahan jadi tidak tau berita atau keterangan transfer dari pihak lain. Terutama karena penggajian pakai bni. Hanya tau penerima, tidak terlihat atas pembayaran apa",1.5.1,0,2026-06-11T22:03:12-07:00,wondr by BNI,wondr_bni,app_store,6499518320
14172507485,Kahfi maulana,5,Terbaikkk,Mantapppp,1.5.1,0,2026-06-11T21:30:07-07:00,wondr by BNI,wondr_bni,app_store,6499518320
14172214453,Ahmad Zulfakar Tika Gamso,2,Masalah di penarikan tunai melalui Wonder BNI,Di IPhone saya tidak pernah mendapatkan SMS kode buat penarikan tunai melalui Aplikasi Wonder BNI ini,1.5.1,0,2026-06-11T19:24:58-07:00,wondr by BNI,wondr_bni,app_store,6499518320
14169516404,Irfaninda,2,Pembayaran,"Untuk pembayaran bpjs tenaga kerja kok tidak bisa yah,keterangan yang muncul periksa nomor kembali atau coba lagi padahal nomor nik nya sudah benar.",1.5.1,0,2026-06-11T04:21:59-07:00,wondr by BNI,wondr_bni,app_store,6499518320
14169212157,Thekyyy,5,Keren,Mantap,1.5.1,0,2026-06-11T02:20:01-07:00,wondr by BNI,wondr_bni,app_store,6499518320
14168366859,Tri mei hardiyanto,5,Oke,Sangat membantu,1.5.1,0,2026-06-10T19:50:37-07:00,wondr by BNI,wondr_bni,app_store,6499518320
14166227424,"Hamba,Tuhan",5,Ok,Ok👍,1.5.1,0,2026-06-10T07:19:20-07:00,wondr by BNI,wondr_bni,app_store,6499518320
14165159357,Ridwan!,1,Mutasi,"Kenapa di hp saya susah minta mutasi sih padahal tanggal lahir sesuai, yg lama lebih enak lihat mutasinya langsung.",1.5.1,0,2026-06-10T00:48:27-07:00,wondr by BNI,wondr_bni,app_store,6499518320
14164649681,ciciyukachan,5,happy,menyenangkan karena sangat mudah pemakaiannya,1.5.1,0,2026-06-09T20:50:43-07:00,wondr by BNI,wondr_bni,app_store,6499518320
14164208364,Wjwry,1,Mau login aja susah,Gajelass emang,1.5.1,0,2026-06-09T17:48:50-07:00,wondr by BNI,wondr_bni,app_store,6499518320
14161829002,Nadina n,1,apl wonder,"kenapa ya aktivasi kartu ,muncul kendala sistem trus, udh update pdhl, dicoba instal ulang berkali-kali jg gabisa",1.5.1,0,2026-06-09T04:26:50-07:00,wondr by BNI,wondr_bni,app_store,6499518320
14159219678,Ambang Muh.,3,Harus Upgrade,"1. Harus ada verif wajah utk login
2. Warna kotak utk isian kata jangan abu-abu karna seperti kesannya tidak bisa diisi / sudah sukses terisi
3. Ganti tema warna mungkin itu salah satu yg terkesan apk nya ribet juga.
4. Fitur2 terlalu banyak dan tidak simple sehingga bingung
5. Coba kalian pake M-BCA, kami harap bisa ATM : amati tiru modifikasi, karna BCA sangat simple dan mudah. Terima kasih",1.5.1,0,2026-06-08T10:52:42-07:00,wondr by BNI,wondr_bni,app_store,6499518320
14158254732,Luar biasa indah,5,Kerren,Cepet,1.5.1,0,2026-06-08T05:57:07-07:00,wondr by BNI,wondr_bni,app_store,6499518320
14158163264,Raja simarmata,5,Pelayanan cepat,Transaksi mudah cepat,1.5.1,0,2026-06-08T05:27:26-07:00,wondr by BNI,wondr_bni,app_store,6499518320
14157348677,gumachoo,1,SERVICENYA JELEK BANGET,MAINTENANCE KOK SIANG SIANG MANA GAADA PEMBERITAHUAN BLOKKK,1.5.1,0,2026-06-07T23:42:17-07:00,wondr by BNI,wondr_bni,app_store,6499518320
14157343465,motor kentang,1,aplikasi kocak,sekedar saran buat bni kalau mau perbaikan aplikasi ada baik nya tengah malam seperti bca bukan siang karna kami susah untuk melakukan transaksi,1.5.1,0,2026-06-07T23:39:48-07:00,wondr by BNI,wondr_bni,app_store,6499518320
14157341389,Garuda77,1,Eror setelah update,Tidak bisa dibuka setelah baru aja update,1.5.1,0,2026-06-07T23:38:47-07:00,wondr by BNI,wondr_bni,app_store,6499518320
14157328641,wonderjelek,1,bni lalo,sanagt tidak baik sering sekali lalot,1.5.1,0,2026-06-07T23:32:33-07:00,wondr by BNI,wondr_bni,app_store,6499518320
14157303448,Qweasass,1,Bni,Sering bermasalah dan gangguan,1.5.1,0,2026-06-07T23:20:17-07:00,wondr by BNI,wondr_bni,app_store,6499518320
14157294103,Hye-sun,3,Gangguan,"Kapan selesainya gangguan nya wondr nya
Pengembangan terbaru lah",1.5.1,0,2026-06-07T23:15:39-07:00,wondr by BNI,wondr_bni,app_store,6499518320
14157274195,tio0087484859696958585949,1,Ga bisa login sattt,"Mau bayar makan,udh kelaparan ,Mau login ga bisa,jaringan bgus segala bagus malah ga bisa masuj",1.5.1,0,2026-06-07T23:05:57-07:00,wondr by BNI,wondr_bni,app_store,6499518320
14157236604,Nyamuk1234,2,Fitur Insight,Kenapa Fitur Insight Dihilangkan,1.5.1,0,2026-06-07T22:47:36-07:00,wondr by BNI,wondr_bni,app_store,6499518320
14157166652,Kimjukajhbeheuei,1,Maintenance,Kebanyak maintenance nya gabisa d buka sekelas bank negara massa kek gini,1.5.1,0,2026-06-07T22:13:26-07:00,wondr by BNI,wondr_bni,app_store,6499518320
14157163595,Ddynt,1,Gangguan,"Sumpah, udah hampir 1 minggu gangguan.
Mau transfer selalu limit.
Padahal cuma transfer dibawah 10.
Pembayaran kode qris sudah dipotong cuma ket transaksi blm berhasil.
A",1.5.1,0,2026-06-07T22:11:55-07:00,wondr by BNI,wondr_bni,app_store,6499518320
14157157564,RayhanL,1,maintenance ga liat waktu,"Aneh maintenance di jam sibuk, udah gila",1.5.1,0,2026-06-07T22:09:04-07:00,wondr by BNI,wondr_bni,app_store,6499518320
14157146651,GKBECUS,1,Kocak!,Dikit dikit update. Klo udah jam 12 malam malah error mulu. Setiap malam lagi. Tolonglah jangan ngasal buat aplikasi. Tdk sangat direkomendasikan,1.5.1,0,2026-06-07T22:03:54-07:00,wondr by BNI,wondr_bni,app_store,6499518320
14157144523,GHX_06,1,"""fitur pengembangan""","maksud nya apa sih pake data seluler ngestuck nya di menu gak bisa click apa"" giliran make wifi malah ""fitur pengembangan"" terus berulang"" sampe berjam"" mau transaksi aja susah gara"" fitur-fitur yang terus muncul yang bener dikit lah atmin masa sampe berjam"" tiap mau masuk ke apk wondr by BNI malah terkena ""fitur pengembangan"" sih sampe di tunggu berjam"" pula masih aja sama",1.5.1,0,2026-06-07T22:02:51-07:00,wondr by BNI,wondr_bni,app_store,6499518320
14157142751,@102laa,1,hslahhh,eror kok terusss minimal pemberitahuan lahhh maless bangett jadinyaa,1.5.1,0,2026-06-07T22:02:02-07:00,wondr by BNI,wondr_bni,app_store,6499518320
14157142233,Tolllkon,1,Sampah,Ini gimana di buka dari tadi pengembangan trus orng lgi butuh darurat malh pngmbangan aja mana hari senin hari sibuk tolol. Ini sampai kapan,1.5.1,0,2026-06-07T22:01:46-07:00,wondr by BNI,wondr_bni,app_store,6499518320
14157111407,Dbsjabak,1,Error,Mau bayar makan malah error,1.5.1,0,2026-06-07T21:47:01-07:00,wondr by BNI,wondr_bni,app_store,6499518320
14157109923,sulqan,1,sering gangguan,"dikit dikit ga bisa, dikit dikit pengembangan lah jadi pas lagi mau bayar jadi ga bisa bayar gara gara hal kek gini",1.5.1,0,2026-06-07T21:46:17-07:00,wondr by BNI,wondr_bni,app_store,6499518320
14157105725,Yuke nada p Str,1,Kesal,"Tolong la wonder asik eror terus lo
Apk nyaa tah apa yg di perbaiki sampe g bsa transaksi 😪😪",1.5.1,0,2026-06-07T21:44:14-07:00,wondr by BNI,wondr_bni,app_store,6499518320
14157100031,prasetyapp,3,masalah pengembangan,sumpah bikin kesel pengembangan jam pas mau makan siang. saran kalau bisa update itu malem jangan pas siang bikin kesel,1.5.1,0,2026-06-07T21:41:31-07:00,wondr by BNI,wondr_bni,app_store,6499518320
14157097048,ahmfdl,2,p,"kalo mau bikin update jangan siang siang, ini bingung ni sekarang gabisa pake qris mau bayar makan, wondr nya gabisa dibuka",1.5.1,0,2026-06-07T21:40:07-07:00,wondr by BNI,wondr_bni,app_store,6499518320
14157096053,Byyzkii,1,Wondr error,Tolong kenapa hahis di updt wondr aku error gabisa dibuka,1.5.1,0,2026-06-07T21:39:38-07:00,wondr by BNI,wondr_bni,app_store,6499518320
14157089698,krmanakak,2,ganggu,"tlg dong diperbaikin lg sering bgt gangguan,GANGU BGT KL MAU TRANSAKSI!",1.5.1,0,2026-06-07T21:36:39-07:00,wondr by BNI,wondr_bni,app_store,6499518320
14157056968,Raabill,1,GAK JELAS!!!,aplikasi kuat gangguan mau dipakai bayar malah pengembangan!!!!!! darurat mau dipakai malah gangguan minimal kalau upgrade estimasi waktu sebentar saja!!!!,1.5.1,0,2026-06-07T21:21:14-07:00,wondr by BNI,wondr_bni,app_store,6499518320
14157049953,penaaw4,1,sering eror,selalu terjadi kendala di saat kita lagi mau pakai entah di jalan atau dalam posisi pembelian mau qris tb tb suka eror. tolong deh bukan sekali dua kali,1.5.1,0,2026-06-07T21:17:59-07:00,wondr by BNI,wondr_bni,app_store,6499518320
14157030811,AlvinJoeyolo,1,Payah,Bangkrut Aja bangkrut gausah bikin aplikasi yang gabisa kepake blokkk,1.5.1,0,2026-06-07T21:09:00-07:00,wondr by BNI,wondr_bni,app_store,6499518320
14156781249,Angdeday,1,Urgent,Aneh baru mau buka rekening foto ktp malah gagal trs 1x coba lnsng terlalu banyak mencoba padahal baru 1x tolong dong min,1.5.0,0,2026-06-07T19:19:18-07:00,wondr by BNI,wondr_bni,app_store,6499518320
14153555712,widyaptr,1,BAD SERVICE,CHAT CS DI WA SANGAT SLOWSRESP!! BAD BGT👎🏻👎🏻👎🏻,1.5.0,0,2026-06-07T00:01:46-07:00,wondr by BNI,wondr_bni,app_store,6499518320
14152788554,firssss,1,transfer gagal tapi saldo terpotong,"ini gimana sih BNI ,tolong dong di perbaiki , transfer gagal tapi saldo terpotong, udah pengaduan tp gk ada tanggapan sampe sekarang, duit gak balik2. gajelas banget sumpah. tolong dong BNI yang bener ini duitnya gimana kejelasannya.",1.5.0,0,2026-06-06T18:33:24-07:00,wondr by BNI,wondr_bni,app_store,6499518320
14152460620,emak riweuhh,1,Aplikasi ga jelas,"Data udh benar masih ajja disalahkan, udh gt dsuruh ngulang esok harinya, eh bgitu lg…mending ga usah bikin aplikasi klw bikin ribet orang mh",1.5.0,0,2026-06-06T16:19:46-07:00,wondr by BNI,wondr_bni,app_store,6499518320
14151334992,Jsisian dje,1,App,Gagal,1.5.0,0,2026-06-06T09:34:52-07:00,wondr by BNI,wondr_bni,app_store,6499518320
14150918363,D1v129,1,Tagihan siluman,"Saya sudah melakukan complain via phone mengenai tagihan siluman dimana saya tidak melakukan transaksi itu tapi saya masih ditagih juga, tolong ditindak lanjuti segera, terimakasih",1.5.0,0,2026-06-06T07:32:32-07:00,wondr by BNI,wondr_bni,app_store,6499518320
14150692992,ubaynadia,5,Easy,best,1.5.0,0,2026-06-06T06:26:42-07:00,wondr by BNI,wondr_bni,app_store,6499518320
14150017909,Aprisseubelan,5,Baik,Sangat bagus dan membantu,1.5.0,0,2026-06-06T02:26:52-07:00,wondr by BNI,wondr_bni,app_store,6499518320
14149733758,Howsaid,1,Kecewa saldo ilang,"Nyesel bgt baru isi saldo tiba2 ilang dlm sekejab, biasanya pakai bnimobile ga knp2 skrg gaada jelesan",1.5.0,0,2026-06-06T00:27:22-07:00,wondr by BNI,wondr_bni,app_store,6499518320
14149645010,3basuki,5,Andalan,Praktis dan memudahkan dalam bertransaksi di mana pun.,1.5.0,0,2026-06-05T23:49:14-07:00,wondr by BNI,wondr_bni,app_store,6499518320
14147520777,pengguna11_,1,Ulasan,"Appnya sering bermasalah di jam 1 malam, mau bayar makanan ga bisa karena app nya bermasalah",1.5.0,0,2026-06-05T10:07:52-07:00,wondr by BNI,wondr_bni,app_store,6499518320
14147455535,Taik222,1,BUMN taik..,"Taik gangguan terus kerjaannya 
BUMN taik",1.5.0,0,2026-06-05T09:47:59-07:00,wondr by BNI,wondr_bni,app_store,6499518320
14147019321,yhieehe,3,info,"tolong tambahin info detail redaksi uang masuk nya juga dong, kalau di yang lama bisa keliahatan dari mana kegiatan apa :(",1.5.0,0,2026-06-05T07:41:41-07:00,wondr by BNI,wondr_bni,app_store,6499518320
14146943194,squerpents,2,aneh,aplikasi banyak erroe nya,1.5.0,0,2026-06-05T07:20:35-07:00,wondr by BNI,wondr_bni,app_store,6499518320
14146768746,akaodks,2,GAJELAS!!,"mau topup gopay, pas tf keterangannya topup berhasil pdhl ga masuk d gopay!!! TAPI SALDONYA BERKURANG ! INI GIMANA YA NGESELIN BGT MANA ORG LG LAPER",1.5.0,0,2026-06-05T06:31:08-07:00,wondr by BNI,wondr_bni,app_store,6499518320
14145865186,aris_borneo78,5,Aplikasi,Good,1.5.0,0,2026-06-05T00:53:27-07:00,wondr by BNI,wondr_bni,app_store,6499518320
14145580536,radita nandaaaaa,5,"mudah, helpful, benefit","seneng bgt pake wondr taplus muda, serba mudah, daftarnya gampang, ganti device juga gampang ga perlu ribet ke kantor. dan yg pasti potongan per bulannya murah cuma 5rb, bisa habisin saldo sampe rp.0 juga👍🏻👍🏻",1.5.0,0,2026-06-04T22:38:35-07:00,wondr by BNI,wondr_bni,app_store,6499518320
14145326036,Syarifah vilaili,5,Sangat puas,"Puas 
Banget",1.5.0,0,2026-06-04T20:39:50-07:00,wondr by BNI,wondr_bni,app_store,6499518320
14144993444,Rai cool,5,Wondr mantep,Muannteepppp,1.5.0,0,2026-06-04T18:19:42-07:00,wondr by BNI,wondr_bni,app_store,6499518320
14144944231,Titikpadma,5,M bangking,Keren,1.5.0,0,2026-06-04T17:59:47-07:00,wondr by BNI,wondr_bni,app_store,6499518320
14142526910,Sitoll,5,Sangat mudah,Sangat mudah,1.5.0,0,2026-06-04T04:15:29-07:00,wondr by BNI,wondr_bni,app_store,6499518320
14142142160,wtembakol,1,akun,ini kalo aplikasinya dihapus terus download lagi ga bisa masuk ke akun bank yang sudah ada ya? kok harus daftar ulang lagi?,1.5.0,0,2026-06-04T01:34:29-07:00,wondr by BNI,wondr_bni,app_store,6499518320
14142058738,Sedes Citalem,5,transaksi,cepat,1.5.0,0,2026-06-04T00:55:55-07:00,wondr by BNI,wondr_bni,app_store,6499518320
14141704857,MohammedAjhie,1,Buruk,"Selalu limit tiap mau transaksi, mau QR, mau trf, mau tup up limit terus. Kartu platinum transaksi aje belum udah limit. Aneh ah",1.5.0,0,2026-06-03T22:08:24-07:00,wondr by BNI,wondr_bni,app_store,6499518320
14141486374,Unussss,2,ada kendala saat buka aplikasi,setiap buka aplikasi selalu muncul ada sedikit kendala,1.5.0,0,2026-06-03T20:27:57-07:00,wondr by BNI,wondr_bni,app_store,6499518320
14141415458,Mekde nasa,5,Pengiriman cepat,Sangat bagus,1.5.0,0,2026-06-03T19:57:49-07:00,wondr by BNI,wondr_bni,app_store,6499518320
14138770506,Anisah mardin,5,Keren banget,Keren banget,1.5.0,0,2026-06-03T04:43:36-07:00,wondr by BNI,wondr_bni,app_store,6499518320
14137637393,Monmonhoho,5,Wonder bagus👍,⭐️⭐️⭐️⭐️⭐️,1.5.0,0,2026-06-02T20:31:55-07:00,wondr by BNI,wondr_bni,app_store,6499518320
14137370739,Hibatul-,5,Useful,Most useful app,1.5.0,0,2026-06-02T18:43:32-07:00,wondr by BNI,wondr_bni,app_store,6499518320
14137306159,papa JLS ya,5,App,Friendly user,1.5.0,0,2026-06-02T18:18:25-07:00,wondr by BNI,wondr_bni,app_store,6499518320
14136881774,Masterguess,5,Mantap,Praktis dan efesien,1.5.0,0,2026-06-02T15:29:28-07:00,wondr by BNI,wondr_bni,app_store,6499518320
14135901159,Ciigss,1,Keluhan,"setiap transaksi jam 23:00 keatas selalu gagal, padahal saldo masih banyak, selalu error di jam malam, orang mau transaksi, gimana kalo mendesak, ga mikir banget, terlalu banyak maintaince, sangat buruk",1.5.0,0,2026-06-02T09:54:05-07:00,wondr by BNI,wondr_bni,app_store,6499518320
14135090136,ppppp241,1,p,apk ga guna,1.5.0,0,2026-06-02T05:55:19-07:00,wondr by BNI,wondr_bni,app_store,6499518320
14135049774,Novrielisa,5,Aplikasi Wonder,Benar” menyenangkan. Bagus dan mantap banget,1.5.0,0,2026-06-02T05:42:45-07:00,wondr by BNI,wondr_bni,app_store,6499518320
14134185537,Cstmr yg sakitt hati,2,Tolong di dengar,"Setiap mau masuk apknya face id gagal, daftar face id lagi, masuk apk face id gagal, apakah saya harus senyumm lebarr biar jadi atau senyum badut dulu? Udah coba bersiap masang muka buat masuk ga jadi, teruus kalau mau narik di atm transaksi diatas jam 12 mlm malah g jadi, cuaca hujann ga bisa tarikk, tarikk tanpa kartu ga jadi, tiba’ notif masuk biaya denda, gapapap denda hanya 5rb tapi keterngan dong denda apa ituuu jngn tiba’ dendaaaaaa dong",1.5.0,0,2026-06-01T23:56:58-07:00,wondr by BNI,wondr_bni,app_store,6499518320
14133999000,Firman Fauzi,5,Mudah dan Cepat,"Tapi tolong untuk pengunduhan pdf daftar transaksi bulan sebelumnya (rekening koran) agar segera dapat diunduh sejak tanggal 1 (seperti yg bisa dilakukan di BNI Internet Banking), tidak menunggu sampai tanggal 10 seperti sekarang.",1.5.0,0,2026-06-01T22:29:42-07:00,wondr by BNI,wondr_bni,app_store,6499518320
14133948839,yudinmuh,5,Good,Excellent,1.5.0,0,2026-06-01T22:06:52-07:00,wondr by BNI,wondr_bni,app_store,6499518320
14133940638,prtmaka,1,ga jelas,disedot mulu tiap bulan 10-20k tiap bulan,1.5.0,0,2026-06-01T22:03:11-07:00,wondr by BNI,wondr_bni,app_store,6499518320
14133522686,senin 19 april,5,TOP UP E MONEY,Real time online lgsg masuk keren bni,1.5.0,0,2026-06-01T19:05:24-07:00,wondr by BNI,wondr_bni,app_store,6499518320
14133402766,Hezkiel T,1,Customer service ga 24 jam,Mau hubungi terkait kendala gabisa dihubungi guys mending beralih ke bank lain susah di hubungi customer servicenya apalagi pada saat genting masa iyaa musti telfon yg menguras pulsa. Susah banget dihubungi by chat.,1.5.0,0,2026-06-01T18:19:28-07:00,wondr by BNI,wondr_bni,app_store,6499518320
14130737861,efriani rita,5,What should i fill in,"Banyak fitur2 baru yg helpful. Sgt membantu. Kurangnya baru ketemu satu, rincian trx, untuk tracing agar lebih detail, kdg saya masing sering balik ke bni internet banking. Semoga bs mengakomodir feature itu soon",1.5.0,0,2026-06-01T03:54:20-07:00,wondr by BNI,wondr_bni,app_store,6499518320
14130360766,Riannurj,5,wondr,Trx jd satset dan banyak promo menarik,1.5.0,0,2026-06-01T01:15:56-07:00,wondr by BNI,wondr_bni,app_store,6499518320
14129554154,Wim Pri,5,Banyak Improve,Wondr sudah banyak improve dan bagus,1.5.0,0,2026-05-31T19:23:23-07:00,wondr by BNI,wondr_bni,app_store,6499518320
14129503719,jdbdudjdjd,5,Update E-Statement Konsolidasi Dipercepat,Tolong pengembangan E-Statement Konsolidasi dipercepat agar bisa digunakan. Dan berikan menu ubah/memberikan nama masing2 rekening. Terima kasih.,1.5.0,0,2026-05-31T19:03:32-07:00,wondr by BNI,wondr_bni,app_store,6499518320
14128369896,kapuyuax,1,size aplikasi nya terlalu besar,ini developer nggak ngerti kompresi ya?,1.5.0,0,2026-05-31T11:57:33-07:00,wondr by BNI,wondr_bni,app_store,6499518320
14128328827,uuussususuisusss,2,laporan,gabisa narik dana selalu eror,1.5.0,0,2026-05-31T11:44:17-07:00,wondr by BNI,wondr_bni,app_store,6499518320
14126276622,Dhe.satiyanto,3,User interface,"To slow, need convert to make this app faster.",1.5.0,0,2026-05-31T00:07:30-07:00,wondr by BNI,wondr_bni,app_store,6499518320
14122933405,Giffariganteng,3,Ok kali ye,Sebenernya aplikasinya bagus tp kadang loadingnya lama untuk awal buka mungkin harus pake internet nasa baru kebuka cepet,1.5.0,0,2026-05-30T04:04:56-07:00,wondr by BNI,wondr_bni,app_store,6499518320
14122653325,Fasilitas Daus,5,Cris,Sangat puas,1.5.0,0,2026-05-30T02:12:44-07:00,wondr by BNI,wondr_bni,app_store,6499518320
14121597560,Nesa Ada,5,Aplikasi yang prima,Gampang digunakan dan sangat cepat,1.5.0,0,2026-05-29T18:41:58-07:00,wondr by BNI,wondr_bni,app_store,6499518320
14121386331,Muldiana26,5,Baik,Baik,1.5.0,0,2026-05-29T17:20:16-07:00,wondr by BNI,wondr_bni,app_store,6499518320
14120957023,Dahnyar,5,Wondr by bni,Sangat mudah pemakaiannya,1.5.0,0,2026-05-29T14:31:06-07:00,wondr by BNI,wondr_bni,app_store,6499518320
14119043865,Poinitakul,1,JANGAN PAKAI BANK INI,"Jagan pake BNI gangguan mulu transfer ke bank lain tidak masuk saldo ke potong admin lelet lama prosesnya, pikir lagi kalo mau pake bni bang ngeri indonesia",1.5.0,0,2026-05-29T04:14:53-07:00,wondr by BNI,wondr_bni,app_store,6499518320
14118967749,xx12328,1,transfer selalu limit,"kesel bgt susah buat tf ke rek lain selalu muncul tulisan tranfer sudah mencapai limit batas, pdlhl belum pernah tranfer, anehhh 
mau narik pake aplikasinya jg harus pake pulsaa jdi kudu ngisi pulsa dlu ribet bgt",1.5.0,0,2026-05-29T03:47:10-07:00,wondr by BNI,wondr_bni,app_store,6499518320
14118676018,Rahmat @ sastro,5,Bni wondr semakin cuco maruco,Semoga bni wondr ada call langsung ke bni biar di permudah nasabah untuk menghubungi BNI secara langsung tanpa pulsa,1.5.0,0,2026-05-29T01:44:22-07:00,wondr by BNI,wondr_bni,app_store,6499518320
14118592751,Slamet Tukiman,1,Mutasi Transaksi Perbankan Tidak Realtime,"Mutasi transaksi perbankan nggak bisa langsung realtime. Harus nunggu 1-2 hari dulu.

Jadi apa gunanya aplikasi ini? Buang saja ke tempat sampah!",1.5.0,0,2026-05-29T01:06:05-07:00,wondr by BNI,wondr_bni,app_store,6499518320
14118537161,tahu-bulat,1,Error,Jujur lama lama make ini bikin emosi,1.5.0,0,2026-05-29T00:40:07-07:00,wondr by BNI,wondr_bni,app_store,6499518320
14118489045,Ardhy Nimu,1,Tidak bisa login,"Setiap slesai foto E-ktp selalu jawabannya tdak sesuai data,",1.5.0,0,2026-05-29T00:17:11-07:00,wondr by BNI,wondr_bni,app_store,6499518320
14117547109,Dii Cahyadi,5,FAST,Bayar pakek apapun cepet banget🤟🏼🤟🏼,1.5.0,0,2026-05-28T17:20:14-07:00,wondr by BNI,wondr_bni,app_store,6499518320
14116360452,ikkywhyus22,1,transaksi gagal,kenapa mesti jam 12 itu ga bisa transaksi? tf ke dana ga bisa qris juga ga bisa padahal saldo itu masih ada,1.5.0,0,2026-05-28T10:06:26-07:00,wondr by BNI,wondr_bni,app_store,6499518320
14115510667,a3de,5,kendala masuk,saya mau masuk tapi ada sedikit kendala kenap ya trs kaya gituu,1.5.0,0,2026-05-28T05:49:30-07:00,wondr by BNI,wondr_bni,app_store,6499518320
14115367990,khzsyf,1,aplikasi tidak lolos uji quality di ios,selalu gagal  waktu validasi ektp. padahal data auto generated dari hasil kamera ktp itu sendiri. aplikasi sekelas bumn kalah jauh kualitasnya dengan aplikasi bank swasta  atau ewallet lainnya. tolong di perbaiki ya.,1.5.0,0,2026-05-28T05:04:09-07:00,wondr by BNI,wondr_bni,app_store,6499518320
14113069988,Bagus30000,1,Fitur penting tidak ada,"Statement hanya ada bulan yang lewat, harusnya ada juga bulan berjalan seperti aplikasi yang lama dan aplikasi bank lain",1.5.0,0,2026-05-27T13:01:42-07:00,wondr by BNI,wondr_bni,app_store,6499518320
14112765068,Supermamen,5,Mantap,Aplikasi ringan dan fitur nyaman di gunakan,1.5.0,0,2026-05-27T11:14:22-07:00,wondr by BNI,wondr_bni,app_store,6499518320
14111991539,Marisa nanda,4,Ada sedikit kendala,Sikakan coba beberapa saat ini kenapa min?,1.5.0,0,2026-05-27T07:07:08-07:00,wondr by BNI,wondr_bni,app_store,6499518320
14111356245,ax2331,1,System,Kenapa tiap kali lagi telponan gak bisa di buka ya? Jujur ganggu banget,1.5.0,0,2026-05-27T03:33:18-07:00,wondr by BNI,wondr_bni,app_store,6499518320
14111007434,Nyulrul,1,Tidak menerima otp,"Kenapa di ios tidak bisa nerima otp, udah 3 hari dicoba otp nya ngga muncul. Giliran aplikasi lain minta otp bisa. Cuma disini yang ngga bisa",1.5.0,0,2026-05-27T00:56:35-07:00,wondr by BNI,wondr_bni,app_store,6499518320
14110801144,Tony Siahaan,5,Sangat membantu,Aplnya sangat membantu sekali,1.5.0,0,2026-05-26T23:15:16-07:00,wondr by BNI,wondr_bni,app_store,6499518320
14110776370,Rahayu aprilia,5,Transfer,Cepat,1.5.0,0,2026-05-26T23:02:56-07:00,wondr by BNI,wondr_bni,app_store,6499518320
14110648419,stevenbani,5,Terbaik,Pelayanan yang cukup memuaskan,1.5.0,0,2026-05-26T21:59:58-07:00,wondr by BNI,wondr_bni,app_store,6499518320
14110487235,kesuma jaya Bruce,5,Iklan penipuan,Tolong di amankan adanya iklan undian berhadiah bagi yg mengaktiv kan wonder di BNI dg cara daftar secara outo di beberapa medsos,1.5.0,0,2026-05-26T20:43:46-07:00,wondr by BNI,wondr_bni,app_store,6499518320
14110384768,SuperNyayur,1,Sampah,"Wonder sampah, berbulan bulan bug ga di perbaiki, transaksi limit terus. Padahal transaksi ewallet bisa, sangat disayangkan menyusahkan pengguna",1.5.0,0,2026-05-26T19:58:00-07:00,wondr by BNI,wondr_bni,app_store,6499518320
14110065852,i love ma balls,2,tolong,"kenapa gabisa log in balik ya padahal nomornya sama, kode otp nya gaada",1.5.0,0,2026-05-26T17:47:00-07:00,wondr by BNI,wondr_bni,app_store,6499518320
14107703092,Thalib.Yusuf,5,Bagus responsif,Mantab,1.5.0,0,2026-05-26T04:07:20-07:00,wondr by BNI,wondr_bni,app_store,6499518320
14107643110,Roffias,5,Wondr,Aplikasi bank terbaik,1.5.0,0,2026-05-26T03:44:21-07:00,wondr by BNI,wondr_bni,app_store,6499518320
14107496153,Aditya Bonavasius P,5,Bugging,Bugging,1.5.0,0,2026-05-26T02:43:13-07:00,wondr by BNI,wondr_bni,app_store,6499518320
14107267396,DCWijaya J,1,JembTan putus trus,Gagal terus padahal sudah ubah ktp yang sudah di ikuti ducapil,1.5.0,0,2026-05-26T00:56:18-07:00,wondr by BNI,wondr_bni,app_store,6499518320
14107267271,Bzhsbdbd,2,Eror terus,Inih kenapa aplikasi udah 2 hari eror terus masa ga bisa transfer kendala sistem,1.5.0,0,2026-05-26T00:56:14-07:00,wondr by BNI,wondr_bni,app_store,6499518320
14107056046,Vivi Dewi Andini,5,Baik,Sangat baik pelayanannya,1.5.0,0,2026-05-25T23:09:41-07:00,wondr by BNI,wondr_bni,app_store,6499518320
14106301989,Stvarch,5,Simple,Mudah dalam penggunaan,1.5.0,0,2026-05-25T17:31:55-07:00,wondr by BNI,wondr_bni,app_store,6499518320
14104648420,Black rockniamnaaa,5,Goooddd,Good,1.5.0,0,2026-05-25T07:54:17-07:00,wondr by BNI,wondr_bni,app_store,6499518320
14104462592,Aauuuuui,1,Wonder j*nc*k,"Setiap kali transfer selalu limit limit gak jelas
Tolong diperbaiki",1.5.0,0,2026-05-25T07:00:21-07:00,wondr by BNI,wondr_bni,app_store,6499518320
14104274600,wnhaey,1,APK TOLOL,TOLOL MEMPERSULIT ORANG,1.5.0,0,2026-05-25T06:03:50-07:00,wondr by BNI,wondr_bni,app_store,6499518320
14102706649,Donnypr,5,Very good,Very good Banking,1.5.0,0,2026-05-24T18:49:57-07:00,wondr by BNI,wondr_bni,app_store,6499518320
14102627346,Dio aris,5,Review,Easy and enjoy,1.5.0,0,2026-05-24T18:17:25-07:00,wondr by BNI,wondr_bni,app_store,6499518320
14102378780,Nande Lia,5,Aplikasi,Keren Super App BNI,1.5.0,0,2026-05-24T16:34:42-07:00,wondr by BNI,wondr_bni,app_store,6499518320
14102036587,Mbk Nyoman,5,Terbaik,Gak ribet,1.5.0,0,2026-05-24T14:16:10-07:00,wondr by BNI,wondr_bni,app_store,6499518320
14099767114,Noonazayyang,1,Jelek,Buat password aja susah,1.5.0,0,2026-05-24T01:11:19-07:00,wondr by BNI,wondr_bni,app_store,6499518320
14093899900,CyberIm,1,Kebanyakan maintenance transaksi jadi terhambat.,"Aplikasi jelek kebanyakan maintenance org mau bayar ini itu susah transfer susah dimalam hari balikin aja ke mandiri mobile , percuma ngembangim featur di wondr klo gak fokus di satu fitur dlu. Perlukah aku yg ngajarin jadi system analyst aplikasinya?",1.5.0,0,2026-05-22T11:31:36-07:00,wondr by BNI,wondr_bni,app_store,6499518320
14093320524,gung212,1,Kartu kredit,"Kartu kredit sangat mengganggu, sya ga pernah pakai. Tiba2 bayar admin 500 ribu. Smoga admin bisa bantu non aktifin",1.5.0,0,2026-05-22T08:24:01-07:00,wondr by BNI,wondr_bni,app_store,6499518320
14092495617,kamalim20226,5,goooood,very gooood,1.5.0,0,2026-05-22T04:00:12-07:00,wondr by BNI,wondr_bni,app_store,6499518320
14092473269,R Wiedi Anugrah,2,Mr,"Too Slow, suddenly error",1.5.0,0,2026-05-22T03:51:26-07:00,wondr by BNI,wondr_bni,app_store,6499518320
14091680724,Vidi WR,5,SuperApps keren,Ini SuperApps bagus banget keren semua fitur ada dan ngebantu kelola kuangan👍🏻,1.5.0,0,2026-05-21T21:31:01-07:00,wondr by BNI,wondr_bni,app_store,6499518320
14091109366,Dika purnama,4,Sering erorr dan bug,"Mohon mff sebelum nya knp skarang lebih sering error aplikasinya ,dan sedangkan klo ada keperluan mendesak dan memperlambat suatu pekerjaan terimakasih semoga kedepan nya ngga ada bug lagi🙏🙏",1.5.0,0,2026-05-21T17:18:08-07:00,wondr by BNI,wondr_bni,app_store,6499518320
11417309207,moehammadzaky,5,mudah,lebih mudah pake ini dari pda yang lama,1.0.0,35,2024-06-24T04:18:06-07:00,wondr by BNI,wondr_bni,app_store,6499518320
11536558931,79Alfai,5,Setor dan tarik tunai,Belum ada setor dan tarik tunai lewat aplikasi,1.0.1,5,2024-07-26T03:28:50-07:00,wondr by BNI,wondr_bni,app_store,6499518320
11459026738,Ahmadfauzanb,5,Mudah digunakan,"Aplikasi perbankan yang sangat memudahkan user, engga kayak yang lama",1.0.1,3,2024-07-05T06:55:26-07:00,wondr by BNI,wondr_bni,app_store,6499518320
11646868128,AlfianPrayoga,2,Verifikasi wajah gagal terus,"Berkali-kali verifikasi wajah gagal terus min, padahal sudah ikuti aturan",1.0.2,4,2024-08-24T03:45:05-07:00,wondr by BNI,wondr_bni,app_store,6499518320
13336776762,Rohmat paytren,5,Riwayat transaksi kurang mendetail,"Lebih bagus aplikasi yg lama untuk riwayat transsaksi tercantum jelas.. 
tolong dong wonderny dibupdate untuk transsaksinya bisa seperti yg lama
Yg lama lebih bagus makanya saya masih pake 2 app
Terima kasih
Klo di wonder kurang jelas saldo sisa berapa di transaksi hanya tertulis saldo berkurang/bertambah… itu sangat menyusahkan kita harus mengitung sendiri tadi saldo maks/min tinggal berapa…
Klo app lama tinggal liat satu kali sudah jelas saldo sekian dan setelah itu ad kepotong/tambah saldonya keliatan berapa… ini wonder transaksinya kurang memuaskan",1.4.4,2,2025-10-31T00:28:28-07:00,wondr by BNI,wondr_bni,app_store,6499518320
11447340097,Mufti_Ku,1,Kesalahan system,Kesalahan system terus,1.0.1,3,2024-07-02T00:53:14-07:00,wondr by BNI,wondr_bni,app_store,6499518320
11467769490,TukangReview!,1,Aplikasi belum siap pakai,"Pada saat pembukaan awal kamera tidak bisa focus untuk membaca e ktp, dan sudah dicoba 3 hari berturut juga gagal trs",1.0.1,3,2024-07-07T17:20:13-07:00,wondr by BNI,wondr_bni,app_store,6499518320
12011761999,cacanisya,5,fitur bagus,"Aplikasi Wondr BNI mempermudah pengelolaan finansial dengan fitur-fitur yang intuitif dan user-friendly. Proses transaksi menjadi lebih cepat dan praktis, memberikan pengalaman yang sangat memuaskan bagi pengguna",1.2.0,1,2024-11-30T20:04:38-07:00,wondr by BNI,wondr_bni,app_store,6499518320
11479463046,Leo.art,2,kok jadi buka baru,"harusnya kalau yg sudah ada tabungan bni bisa link langsung tanpa harus buat lagi, ini aplikasi saat awal langsung pembuatan account tabungan baru dan tidak bisa di delete, harusnya saat awal ada pilihan untuk nasabah yg sudah mempunyai tabungan bni untuk di link ke app ini, dan entah ini bagaimana cara delete account tersebut",1.0.1,2,2024-07-10T22:34:13-07:00,wondr by BNI,wondr_bni,app_store,6499518320
13874125288,fr3ns17,2,It’s getting slow,"Since end of Feb, open the app just for QRIS scan took longer - can be up to 1-2mins

And QRIS menu from login screen never work for me.. even b4 recent update",1.5.0,1,2026-03-21T23:38:13-07:00,wondr by BNI,wondr_bni,app_store,6499518320
13847887520,Aditwah,1,Sampah,Makin kesini makin kayak sampah tiap hari maintenance kalau orang ada keperluan mepet di malam hari gimana kalian ngatasin nya tolol mau transaksi pakai uang sendiri aja susah,1.5.0,1,2026-03-14T10:17:01-07:00,wondr by BNI,wondr_bni,app_store,6499518320
13664552686,jadu yanto,1,pelayanan lelet,pelayanan sangat lama sangat buruk,1.4.4,1,2026-01-22T16:39:24-07:00,wondr by BNI,wondr_bni,app_store,6499518320
13462360209,Yasser_MAN,1,"Error mulu, mau buka ada aja perkembangan fitur lah itu lah","Error mulu, mau buka ada aja perkembangan fitur lah itu lah",1.4.4,1,2025-12-01T04:38:07-07:00,wondr by BNI,wondr_bni,app_store,6499518320
13462358561,keksen18,1,sambat,eror teruss,1.4.4,1,2025-12-01T04:37:35-07:00,wondr by BNI,wondr_bni,app_store,6499518320
13462357783,Poluu11111,1,Eroe,Kebanyakan eror mau pake transaksi jadi ga bisa,1.4.4,1,2025-12-01T04:37:20-07:00,wondr by BNI,wondr_bni,app_store,6499518320
13319385585,Newzmuzik,1,Informasi Transfer masuk,"Berbeda dengan BNI mobile, cek mutasi transferan yg masuk di aplikasi wonder DELAY. Sangat memperlambat proses verifikasi transferan masuk. Mohon d perbaiki d karenakan BNI mobile sdh d hapus dari AppStore. Terima kasih...",1.4.4,1,2025-10-26T20:56:44-07:00,wondr by BNI,wondr_bni,app_store,6499518320
13319109394,smusmin,1,kurang profesional,kurang menghargai nasabah,1.4.4,1,2025-10-26T19:03:09-07:00,wondr by BNI,wondr_bni,app_store,6499518320
13037886912,Amdepra,1,Gagal terus,"Yang pertama gagal indentifikasi wajah, kedua udah sampai video call tetap gagal karena ada data yg salah, ditanya salahnya dimana bilangnya ga tau! Lucu banget udah VC dan kasih liat bukti kepemilikan masih dibilang salah dataaa .. kesel banget bukan memudahkan malah mempersulit! Tlp cs bni tetep aja disuruh registrasi .. ga kasih solusi banget padahal masih manual untuk verifikasinya pakai video call",1.4.2,1,2025-08-19T21:24:34-07:00,wondr by BNI,wondr_bni,app_store,6499518320
12746490804,idkkkjsjsndndnkanahaka,1,VERIFIKASI WAJAH,"benerin. klo sistemnya blm sustainable GAUSAH diterapin dulu. verifikasi wajah susah bgt. gausah ngingetin harus cahaya terang tanpa aksesoris blaablabla. dikira blm ngikutin tahap2 itu??. JELEK. menghambat aktivitas kerja. Ada solusi lain ga selain pencahayaan, posisi wajah, dll kalian itu?",1.3.1,1,2025-06-07T06:32:36-07:00,wondr by BNI,wondr_bni,app_store,6499518320
12737047268,Nasiudukrawamangun,1,Gagal pendaftaran,"Baru mau daftar aja dah eror, udh dibantu cs cabang masih ngga bisa dan saya coba kembali 5 juni 2025 masih belom bisa dah lahh",1.3.1,1,2025-06-04T18:50:06-07:00,wondr by BNI,wondr_bni,app_store,6499518320
12727031625,simjaeyunnnnnn,1,verif wajah gajelasss,"udah berapa verif kesalahan terus padahal dah sesuai panduan haduh tolong dibenerin pls, manusia punya batas kesabaran, kesel bgt woilah😭🫵🏻",1.3.1,1,2025-06-02T04:51:34-07:00,wondr by BNI,wondr_bni,app_store,6499518320
12702629916,deskristina siregar12,1,Sistem,"Sistem verifikasi wajahnya di benerin lagi dong, udah sesuai panduan tetap aja gabisa bikin kesal",1.3.1,1,2025-05-26T20:35:55-07:00,wondr by BNI,wondr_bni,app_store,6499518320
12598193794,Pepekkxx,1,Apk pilih”,Aplikasi eeee berkali” gagal trus verifikasi wajah setiap hari dah coba ulang ulang gagal terus,1.3.1,1,2025-04-28T22:53:19-07:00,wondr by BNI,wondr_bni,app_store,6499518320
12007967878,Lina Pebriani,5,Aplikasi canggih,"Memudahkan penggunaan finansial sehari hari, jadi bisa cashless dan aplikasinya juga praktis digunakan juga banyak promo dan diskon yang bisa didapat saat pembayaran digerai. Keren banget 🥰🥰",1.2.0,1,2024-11-29T21:59:14-07:00,wondr by BNI,wondr_bni,app_store,6499518320
12007590790,Ummu Novi Fauziah,5,Puas banget,Akhirnya bni mengeluarkan app yang banyak banget manfaatnya selain kita bisa melakukan pembayaran lebih praktis kita juga bisa nih tahu pengeluaran dan pemasukan kita,1.2.0,1,2024-11-29T19:24:24-07:00,wondr by BNI,wondr_bni,app_store,6499518320
11461494421,Windi wahyu,5,Aplikasi terbaekk,Saranghae 🤍🤍,1.0.1,1,2024-07-05T23:19:42-07:00,wondr by BNI,wondr_bni,app_store,6499518320
11760097573,Heningpu,1,Payah,"Beberapa kali transaksi pembayaran qris gagal tapi saldo terdebet. Top up link aja juga gagal tapi terdebet saldonya, dana juga gak masuk ke link aja. Males lah pake wondr gitu terus. Harus hubungi bni call padahal lama sekali urusnya. Dah kapok ngrepotin aja.",1.0.2,1,2024-09-24T10:44:02-07:00,wondr by BNI,wondr_bni,app_store,6499518320
11517428338,puqina,2,honest review,jujur tampilannya bagus trs ga lemot kayak bni mobile tp kurangnya ga bisa di ss aja trs gue top up gopay gagal dan parahnya ga masuk jg ke gopay dan ga balik saldonya dan harus nunggu 5 hari kerja sbnrnya gpp kl ga urgent woi ini urgent gmn cb tolong di perbaiki kek sistem nya 😪,1.0.1,1,2024-07-21T01:51:30-07:00,wondr by BNI,wondr_bni,app_store,6499518320
11448767874,gontaa28,5,kok keren sekali,wah wah wahh sepertinya ini adalah aplikasi banking terbaik yang pernah saya download 🤩,1.0.1,1,2024-07-02T08:58:48-07:00,wondr by BNI,wondr_bni,app_store,6499518320
11460814369,deargams,1,di persulit mendaftar,"aplikasi tidak layak, sudah mendaftar online tapi harus mendaftar lagi ke kantor bank bni terdekat. untuk apa do buat aplikasi online kalau masih harus ke bank nya. tidak rekomend 
sangat buruk",1.0.1,1,2024-07-05T18:11:10-07:00,wondr by BNI,wondr_bni,app_store,6499518320
12012041625,Paramythanuki,5,Sangat membantu,"Aplikasi yg mudah di pahami, tidak ribet. Udah mulai pakai bbeberapa kali sat set.. karena emg udh jarang pakai cash.. jaringan nya juga cepet bgt gak lemot nih 🤗🤗🤗",1.2.0,1,2024-11-30T21:56:31-07:00,wondr by BNI,wondr_bni,app_store,6499518320
13539355199,Sushifavs,1,APLIKASI TAMBAH BOBROK AKA DOWNGRADE PARAH!!!,"Aplikasi bank rasa trial version.

VA & QRIS sering gagal, abis itu kena limit. Disuruh nunggu 24 jam, besoknya? Limit lagi. Loop nggak jelas.

CS malah nyaranin pakai kartu. Lah terus Wondr ini buat apa? Pajangan di HP?

Transaksi harian jadi ribet, buang waktu, buang emosi.

Fix, ini bukan soal user. Sistemnya yang bermasalah. Tolong dibenerin.",1.4.4,1,2025-12-21T09:14:30-07:00,wondr by BNI,wondr_bni,app_store,6499518320
13538216052,agung ekawati,1,Tidak memuaskan,"Aplikasi kurang memuaskan, dikit2 gagal memuat terus, baru log in udah keluar sendiri",1.4.4,1,2025-12-21T03:01:20-07:00,wondr by BNI,wondr_bni,app_store,6499518320
11886948627,So very disaponted user,1,Fitur tidak lengkap,"Parah ini fitur tidak lengkap, jangan ajak orang bergantu aplikasi kalau ternyata tidak selengkap aplikasi bni mobile banking. Akhirnya hanya menghambat keperluan transaksi saja.",1.0.3,1,2024-10-28T22:18:20-07:00,wondr by BNI,wondr_bni,app_store,6499518320
