review_id,user_name,rating,title,review_text,app_version,vote_sum,review_date,app_name,app_slug,platform,store_id
14457386002,Mayanda11,5,okeee,oke bgt semoga makin banya free adm untuk tf kesemua bank,2.16.0,0,2026-08-21T21:42:56-07:00,blu by BCA Digital,blu_bca,app_store,1550237185
14453704879,M Rifansyah,5,Sangat puas,Memudahkan semuanya,2.16.0,0,2026-08-20T23:36:18-07:00,blu by BCA Digital,blu_bca,app_store,1550237185
14453698364,Abhedoy,5,Banyak bonus,Mudah dan banyak miles nya,2.16.0,0,2026-08-20T23:33:31-07:00,blu by BCA Digital,blu_bca,app_store,1550237185
14451003737,Hendra100,5,Update,Aplikasi bagus dan sangat berguna. Saran mungkin bukti tfnya di perbarui di isi watermark kyak bank lain. Agar tidak bisa di palsukan,2.16.0,0,2026-08-20T07:14:34-07:00,blu by BCA Digital,blu_bca,app_store,1550237185
14449681271,DIHYAH👑,1,TIDAK bisa login padahal uda punya akun m bankingnya,"aneh banget tidak bisa login di email yang sebelumnya pernah daftar, padahal tidak ada divaic yang menggunakan",2.16.0,0,2026-08-19T23:24:05-07:00,blu by BCA Digital,blu_bca,app_store,1550237185
14449493147,Snduejajodh,1,Bank lelet,"Tiap hari ada masalah mulu, trf ga bisa bisa, otw uninstall aja apk ga mutu",2.16.0,0,2026-08-19T22:01:18-07:00,blu by BCA Digital,blu_bca,app_store,1550237185
14446486868,yusuf805cim,5,puas,"mudah tidak ada kendala, dan gratis adminnya",2.16.0,0,2026-08-19T04:44:20-07:00,blu by BCA Digital,blu_bca,app_store,1550237185
14441988766,Dilooww,3,gagal masuk,"knapa ya kalau pakai kuota atau data seluler sepertinya ada masalah teruss, tapi pas coba di rumah pakai wifi bisaa",2.15.10,0,2026-08-18T01:42:40-07:00,blu by BCA Digital,blu_bca,app_store,1550237185
14434866138,AppleEnthusiast23,1,Notif transferan gak masuk harus cek manual di tracker,"Anjing lah,tolong pihak Blu BCA Digital klo bisa mutasi notif realtime transfer nya di fix,masa kadang gak ada notif dan harus cek manual di menu Tracker goblok lah dulu gak gini,dan aku sekarang nulis komen ini haru masuk notif fakkk lah notif nya delay bgt babi.",2.15.10,0,2026-08-16T06:53:12-07:00,blu by BCA Digital,blu_bca,app_store,1550237185
14434667916,ManusiaIkan,3,Kelugan,Kenapa belakangan ini blu sering gagal transaksi diwallet lain lancar,2.15.10,0,2026-08-16T05:54:19-07:00,blu by BCA Digital,blu_bca,app_store,1550237185
14434412946,Inejsbd,1,"Dari dulu ga ada perubahan, update terus tapi tetep susah dibuka.","Nyebelin banget. Jangankan mau transaksi, mau buka aplikasinya aja susah gabisa kebuka, padahal sinyal aman. Jaringan terputus lah, coba lagi lah, hadeh. Klo bisa kasih bintang -4 pengen kasih bintang-4",2.15.10,0,2026-08-16T04:28:56-07:00,blu by BCA Digital,blu_bca,app_store,1550237185
14433544967,DVNGR Music,3,Sering disconnected secara tidak jelas,"Sinyal full, tidak ada kendala jaringan tapi sering lama banget loadingnya bahkan sampe ada pop up muncul jaringan terputus, terutama waktu scan qris ini mengganggu sekali, mohon diperbaiki",2.15.10,0,2026-08-15T22:33:13-07:00,blu by BCA Digital,blu_bca,app_store,1550237185
14429060539,yunjeeey,5,blu di hati,"semua udah oke banget, tapi gratis transfernya semoga limitnya di perbanyak 😊",2.15.10,0,2026-08-14T19:20:44-07:00,blu by BCA Digital,blu_bca,app_store,1550237185
14425393382,Aryawira,5,Review Aplikasi,Mudah digunakan,2.15.10,0,2026-08-13T21:59:39-07:00,blu by BCA Digital,blu_bca,app_store,1550237185
14422656442,Kurang aman,1,NGGAK BISA LOGIN,Udah coba beberpa kali nggak bisa login terus,2.15.10,0,2026-08-13T06:11:37-07:00,blu by BCA Digital,blu_bca,app_store,1550237185
14417601536,Nadya Natalia,4,Good but needs improvement,"Aplikasinya bagus dan simpel, tapi kadang-kadang tidak bisa dibuka karena kendala internet padahal internet lancar dan aplikasi banking lain seperti myBCA bisa dibuka. Mohon agar ditingkatkan user experiencenya karena banyak nasabah menjadikan blu rekening tabungan karena benefitnya. Terima kasih.",2.15.10,0,2026-08-12T00:06:17-07:00,blu by BCA Digital,blu_bca,app_store,1550237185
14417391227,Ferditamap,4,Error/Bugs aplikasi,"Belakangan ini aplikasi suka tiba-tiba gak terhubung ke koneksi mau itu pakai wifi atau mobile data, dan sesekali pernah terjadi pending transfer atau pembayaran sehingga mempersulit pengguna.",2.15.10,0,2026-08-11T22:35:54-07:00,blu by BCA Digital,blu_bca,app_store,1550237185
14417339819,GW PENGGUNA,1,GANGGUAN INTERNET SELALU,SELALU AJA ADA GANGGUAN APLIKASI INI,2.15.10,0,2026-08-11T22:13:21-07:00,blu by BCA Digital,blu_bca,app_store,1550237185
14417338075,lincolnhasiholan,1,Slow AF during transaction,"Listen u better fix the network problem. Cause so many time ur app is error AF during crusial time, meanwhile at the same time other bank mobile app running smoothly. Just make ur app like other bank mobile app. Watch out if u dont fix it, u’ll falling appart.",2.15.10,0,2026-08-11T22:12:36-07:00,blu by BCA Digital,blu_bca,app_store,1550237185
14417316208,Ramadhanii,1,Jaringan,Sering eror aplikasinya pdhal koneksi kuat,2.15.10,0,2026-08-11T22:03:08-07:00,blu by BCA Digital,blu_bca,app_store,1550237185
14414534516,Tiankustiana14daah,5,Terbaik,Apk sat set blu terbaik mantabb,2.15.10,0,2026-08-11T06:09:46-07:00,blu by BCA Digital,blu_bca,app_store,1550237185
14408958827,Hanny fhandiny,5,Bca blu digital,"Keren, gratis transfer ke banyak bank, bisa pisah pisahin dana, buat budgeting",2.15.0,0,2026-08-09T20:02:52-07:00,blu by BCA Digital,blu_bca,app_store,1550237185
14407070170,apishon,1,Crash Mulu,"Been using this app for almost a year! Sebenarnya user interface nya bagus. Cuma crash ga kehitung. Gagal terus. I pikir karena jaringan, tapi tetep aja meski pakai thetring HP I yg satunya. Masalah kalau udah mau payment, gagal terus, sampe mesti minta maaf sama kasir. wth dengan aplikasi ini.",2.15.0,0,2026-08-09T08:41:51-07:00,blu by BCA Digital,blu_bca,app_store,1550237185
14406503845,rio62998,5,😍,😍,2.15.0,0,2026-08-09T05:49:37-07:00,blu by BCA Digital,blu_bca,app_store,1550237185
14406215323,mkugdea,5,Sangat pas untuk nabung n transaksi,Okee pake banget,2.15.0,0,2026-08-09T04:07:12-07:00,blu by BCA Digital,blu_bca,app_store,1550237185
14401939225,KAAVIIERAA,3,PERBAIKIN SISTEM WOI,GANGUAN MULU HERAN,2.15.0,0,2026-08-08T00:51:04-07:00,blu by BCA Digital,blu_bca,app_store,1550237185
14400564833,adhyatmika,1,"pop up banner ad during qris, seriously??","pop up banner ad during qris, seriously??",2.15.0,0,2026-08-07T15:16:51-07:00,blu by BCA Digital,blu_bca,app_store,1550237185
14397617253,Haxjsvdksj,5,Nice,Nice,2.15.0,0,2026-08-06T21:55:19-07:00,blu by BCA Digital,blu_bca,app_store,1550237185
14395080923,MaAl24,5,Akun virtual bayar/beli,Saat ini akun virtual untuk bayar/beli ke shopee bermasalah,2.15.0,0,2026-08-06T06:59:06-07:00,blu by BCA Digital,blu_bca,app_store,1550237185
14394194677,zydieba,4,needs to improve,sering lemot dan bug loading kubus,2.15.0,0,2026-08-06T02:00:17-07:00,blu by BCA Digital,blu_bca,app_store,1550237185
14393990876,rorobia,5,good,good,2.15.0,0,2026-08-06T00:34:47-07:00,blu by BCA Digital,blu_bca,app_store,1550237185
14391346123,Rizkydwynto,1,Tidak bisa transfer,Selalu ga bisatransfer tolong di perbaikin lagi,2.15.0,0,2026-08-05T08:20:06-07:00,blu by BCA Digital,blu_bca,app_store,1550237185
14390310676,Teddybliz_75,2,lelet,"kebanyakan animasi, bikin lamaaa, lelet servernya jelek bgtttt",2.15.0,0,2026-08-05T03:02:26-07:00,blu by BCA Digital,blu_bca,app_store,1550237185
14389921040,Cerorong,5,My fav Blu,"Easy,effective and efficient",2.15.0,0,2026-08-05T00:26:14-07:00,blu by BCA Digital,blu_bca,app_store,1550237185
14389814348,Moonshine-24,3,Gabisa login berhari2,"Gabisa login selalu keteranganya sesi kamu habis,masuk lagi yuk. Kaya berhari2 tetep sama udah di uninstall telfon csnya solusinya gt aja, mana harus kirim email. Uang pgn aman malah  gabisa di pake apa2.",2.15.0,0,2026-08-04T23:41:21-07:00,blu by BCA Digital,blu_bca,app_store,1550237185
14389531096,Fanpit,5,Suka error n lama buka pada proses penbayaran dgn qris,Saya sudah 2 tahun pake blu.. makin lama makin lemot aja bukanya proses pembayaran sering loading lama.. beda sama aplikasi yg lain.. mohon di updated sistem responnya,2.15.0,0,2026-08-04T21:40:13-07:00,blu by BCA Digital,blu_bca,app_store,1550237185
14389485256,kurnbali,5,Mantap…,Aplikasi yg sangat bisa di handalkan. Terima kasih BCA,2.15.0,0,2026-08-04T21:20:51-07:00,blu by BCA Digital,blu_bca,app_store,1550237185
14389214103,fhnbgjj,1,-,UI UX nya ga enak banget. Masa history transaksi pribadi & blugether digabung? Ribet banget nyusahin. Periode tertentu harus lihat estatement juga. Enakan blu yang dulu sebelum diupdate.,2.15.0,0,2026-08-04T19:34:01-07:00,blu by BCA Digital,blu_bca,app_store,1550237185
14387277720,Yepe51299,4,Saran,"Mantap, tapi kalau boleh hadiahnya dibanyakin dan jumlah minimum saldo untuk naik level diturunin dong",2.15.0,0,2026-08-04T08:26:30-07:00,blu by BCA Digital,blu_bca,app_store,1550237185
14382475882,Riza krisdian,5,Transaksi,Mudah cepat dan ga ribet,2.15.0,0,2026-08-03T05:14:47-07:00,blu by BCA Digital,blu_bca,app_store,1550237185
14381297954,ciaalala,3,sbnrnya ok tp banyak errornya,"sering gabisa dibuka, lemot dan kebanyakan update. ini aplikasi bank atau aplikasi game? update mulu. masa bayar hrs update2 terus. duh mana juga masi lemot2 gt aja stlah update.",2.14.50,0,2026-08-02T21:34:19-07:00,blu by BCA Digital,blu_bca,app_store,1550237185
14375089772,Pratamsetia,5,Layak,Keren,2.14.50,0,2026-08-01T08:25:00-07:00,blu by BCA Digital,blu_bca,app_store,1550237185
14373963651,Bpk Sakha,5,Blu BCA,Aplikasi bank digital terpercaya dan sangat praktis dalam penggunaan. Bisa untuk saving dan transaksi digital lainnya,2.14.50,0,2026-08-01T02:25:48-07:00,blu by BCA Digital,blu_bca,app_store,1550237185
14372709251,ara_id,5,Memudahkan dan kekinian,Sangat memudahkan dan sangat kekinian!,2.14.50,0,2026-07-31T18:07:20-07:00,blu by BCA Digital,blu_bca,app_store,1550237185
14369299353,NabilaJasmidane,5,Review,"Suka banget pake blu yg awalnya ragu , eh tp skrg ketagihan dan apa2 mudah",2.14.50,0,2026-07-30T22:33:08-07:00,blu by BCA Digital,blu_bca,app_store,1550237185
14368375439,Demeilan,2,Mbanking tidak bisa dibuka,"Ini kenapa deh udah transfer ke blu tiap dibuka pasti tulisannya hmmm saat ini sedang ada masalah , gitu mulu",2.14.50,0,2026-07-30T16:33:35-07:00,blu by BCA Digital,blu_bca,app_store,1550237185
14364926414,Ngking090909,1,Bunga ga ngotak,"Jangan pake aplikasi ini untuk pinjaman, bunganya ngalah2in pinjol lain",2.14.50,0,2026-07-29T20:26:35-07:00,blu by BCA Digital,blu_bca,app_store,1550237185
14362092468,Jajang Es Teh,4,Bug,"Abis update blu malah bug, kirim notif terms and condition terus, gak bisa login juga karena gak ada koneksi internet, udah dicoba pake data sama wi-fi pun sama aja, tolong dong diperbaiki",2.14.50,0,2026-07-29T04:33:13-07:00,blu by BCA Digital,blu_bca,app_store,1550237185
14362088001,Tsa20,1,Spam,Gasalah ni notif pembaruan s&k sebanyak ini??,2.14.50,0,2026-07-29T04:31:41-07:00,blu by BCA Digital,blu_bca,app_store,1550237185
14362083738,Jobnf,2,Comel,"Comel, notif pembaharuan muncul terus tiap beberapa menit. Duuhhh 
Gmn sihh nih dev nya.",2.14.50,0,2026-07-29T04:30:13-07:00,blu by BCA Digital,blu_bca,app_store,1550237185
14362074736,Gskahwjah,2,Jelek,Notif terus brisik,2.14.50,0,2026-07-29T04:27:08-07:00,blu by BCA Digital,blu_bca,app_store,1550237185
14361843589,Samuhata,1,Face Recognition BERMASALAH dan penyelesaian masalah yang SANGAT TIDAK EFEKTIF dan BERBELIT-BELIT,"Setelah beberapa bulan tidak buka apps, kemudian saya buka kembali dan login seperti biasa. Namun saat face recognition terjadi kendala dan saya tidak bisa mengakses akun saya. 4 kali saya telf ke HaloBlu dan 4 kali juga saya disuruh coba lagi setelah di buka blokir tapi tetap TIDAK BISA.

Di janjikan akan di telf oleh pihak analis dalam 3 hari dan saya minta di urgenkan karena saya sangat butuh uang yang ada di saldo itu. UANG SAYA!
Tapi tetap di telf hari ketiga, saat saya terlewat telf dari HaloBlu saya mencoba telf balik. Tapi apa?
DISURUH MENGULANG UNTUK TELF dan ULANG ID PELAPORAN!!!!

Saya butuh uang saya secepatnya malah di buatkan laporan ulang, tunggu 3 HARI untuk yang kedua kalinya!!!!

Sangat TIDAK PRAKTIS untuk menyelesaikan masalah",2.14.50,0,2026-07-29T03:02:40-07:00,blu by BCA Digital,blu_bca,app_store,1550237185
14361142702,Fahri Nur 30,5,Bisa membagi keuangan,Fitur tabungan bagus buat bagi bagi keuangan dari tabungan dana darurat uang jajan dan unang bensin heheh,2.14.50,0,2026-07-28T22:10:43-07:00,blu by BCA Digital,blu_bca,app_store,1550237185
14360600129,sangat puas bngt,5,Blu mantap,Kerenn,2.14.50,0,2026-07-28T18:37:04-07:00,blu by BCA Digital,blu_bca,app_store,1550237185
14358339909,Menidar,5,Transfer,"The best free tf ka bank mana aja, pertahankan y blu BCA 🫰🏻",2.14.50,0,2026-07-28T06:09:46-07:00,blu by BCA Digital,blu_bca,app_store,1550237185
14356804842,Desi anggrainii,5,Cocok untuk pemula,"Gunakan kode : DESIAHKFO
Bonus menanti 🥰",2.14.40,0,2026-07-27T20:20:45-07:00,blu by BCA Digital,blu_bca,app_store,1550237185
14354411365,"Ron,,,",5,Mantul,Jos gandos👍👍👍,2.14.40,0,2026-07-27T06:52:49-07:00,blu by BCA Digital,blu_bca,app_store,1550237185
14353429597,pipitnyannyam,1,ga bisa masuk,"sellu gagal klu mau masuk tf dll narik di atm pun kena admin, klu ga bisa bikin apk mending ga usah, fokus aja ke bca",2.14.40,0,2026-07-27T01:09:28-07:00,blu by BCA Digital,blu_bca,app_store,1550237185
14351169644,Steven Yurie,5,Ulasan aplikasi,"sudah sering menggunakan, sangat membantu khususnya fitur yg bisa membuat kantong jd tidak perlu buat rekening baru, dan jg bsa share dgn org lain, mohon untuk yg gathering utk admin, kalau bsa ada dibuatkan beberapa user jd akses tarik dan setor dana bsa diakses oleh orang yg diberi akses, terima kasih",2.14.40,0,2026-07-26T10:31:53-07:00,blu by BCA Digital,blu_bca,app_store,1550237185
14346722013,laallalalalalalallalalalla,3,KECEPATAN APLIKASI,"Semoga makin cepat, tidak lemot lagi",2.14.40,0,2026-07-25T07:47:26-07:00,blu by BCA Digital,blu_bca,app_store,1550237185
14345787422,Ncadhan,5,Terbaik aplikasi,"Selalu mudah pakai aplikasi ini ,",2.14.40,0,2026-07-25T02:34:29-07:00,blu by BCA Digital,blu_bca,app_store,1550237185
14345442700,nathansheh,5,good,puasssss,2.14.40,0,2026-07-25T00:13:41-07:00,blu by BCA Digital,blu_bca,app_store,1550237185
14341155900,gk oh ggijffhh,1,ga bisa payment,"sorry emang jelek banget tiap maunpayment pake blu koneksi putus mulu, najis",2.14.40,0,2026-07-23T22:07:43-07:00,blu by BCA Digital,blu_bca,app_store,1550237185
14341085347,Shania Blu,5,Honest,"Jika ada fitur bisa qris atau transaksi dari wallet-wallet yang sudah kita create, sepertinya akan lebih oke",2.14.40,0,2026-07-23T21:37:57-07:00,blu by BCA Digital,blu_bca,app_store,1550237185
14340995185,haiiiiiiiiiiiiii123,1,Aplikasi eror terus,"Yth. Blue BCA tolong dong aplikasinya dibnerin, saya mau login pdhl kuota banyak smpe saya pake wifi ttp aja ga bisa login, eror trus menerus, smpe saya hapus instal lg tp malah saya ga bisa login, verif wajah saya gagal trus alesan waktu sesi verifikasi wajah telah habis. duit saya di dalem mbking nih ga bisa ambil. saya percaya pake blue bca saya pikir seaman pake BCA, trnyata malah lebih enak pake seabank.",2.14.40,0,2026-07-23T21:00:36-07:00,blu by BCA Digital,blu_bca,app_store,1550237185
14340909459,EPOSP,1,Suka ngelag!,"Awal bagus banget, skrg suka ngelag lemot dan sulit banget buat pembayaran saking lemotnya, mgkn karena penggunanya uda semakin banyak. tolong di maintain dong QC applikasinya",2.14.40,0,2026-07-23T20:26:08-07:00,blu by BCA Digital,blu_bca,app_store,1550237185
14338955492,Reyxxdey15,5,BLU BCA,Bagus banget app nya bisa nabung bisa investasi juga dan gratis admin aku juga dapet kartu debit gratis!,2.14.40,0,2026-07-23T08:50:34-07:00,blu by BCA Digital,blu_bca,app_store,1550237185
14338328050,J_anet27,5,Sangat okei,"Mulai dr transaksi,nabung sampai pos2 uang sesuai kebutuhan semua ada dan lengkap",2.14.40,0,2026-07-23T05:54:09-07:00,blu by BCA Digital,blu_bca,app_store,1550237185
14337763469,who knowsssssx,1,aplikasi ribet,Ah Anj ni aplikasi ga jelas ribey amay regisnya. padahal ktp sudah mewakili dokumen dan keterangan isi ini itu ga bisa masa. padahal gw pakai my bca. ga kaya bank lain mufah dalam pendaftaran. mau dibilang bank bagus sih tapi ada fraud,2.14.40,0,2026-07-23T02:42:04-07:00,blu by BCA Digital,blu_bca,app_store,1550237185
14337673477,Srirhayu,4,Login user blu biasa dan blu bisnis,Semoga bisa berbeda loginnya jadi bisa di login di 2 perangkat,2.14.40,0,2026-07-23T02:06:42-07:00,blu by BCA Digital,blu_bca,app_store,1550237185
14337447713,Chels Sallata,1,Aplikasi Langganan Error,Facial Recognition gagal terus harus ada yang diperbaiki pada aplikasinya. Sudah coba 20x lebih tapi gagal terus membuat nasabah sulit untuk mengakses akun. Perbaiki segera! Jangan bikin nasabah susah. Sudah berhasil ganti password tapi disuruh lagi otentifikasi wajah.,2.14.40,0,2026-07-23T00:34:51-07:00,blu by BCA Digital,blu_bca,app_store,1550237185
14333683496,AV_JBI,1,Bikin Apps yang niat dek,Masa masukin tanggal lahir nge bug ke tanggal sekarang,2.14.40,0,2026-07-22T02:32:59-07:00,blu by BCA Digital,blu_bca,app_store,1550237185
14332922429,melmasa25,3,Verifikasi,Mau verifikasi aja susah bener nungguin dari antrian 190 sampai 0 tapi ga tersambung2 abis itu di ulangin lagi malah keluar keluar sendiri ckckck,2.14.40,0,2026-07-21T21:11:07-07:00,blu by BCA Digital,blu_bca,app_store,1550237185
14332485227,H’Ky,5,Great App,Making Life Convenient,2.14.40,0,2026-07-21T18:21:58-07:00,blu by BCA Digital,blu_bca,app_store,1550237185
14328963796,yurlita,5,Tampa minimal Penarilan,suka banget ga pake minimal penarikan jadi bisa ambil uang berapa pun selagi saldo nya masi ada,2.14.40,0,2026-07-20T21:42:24-07:00,blu by BCA Digital,blu_bca,app_store,1550237185
14328297568,Sastri Titi,5,Blue menyenangkan,Enak simple,2.14.40,0,2026-07-20T17:24:09-07:00,blu by BCA Digital,blu_bca,app_store,1550237185
14325326572,Iqbalafwaz,5,Mr,"Best App, sangat memuaskan",2.14.40,0,2026-07-20T00:12:54-07:00,blu by BCA Digital,blu_bca,app_store,1550237185
14324882323,sny_gantenk,5,nice,simple keren,2.14.40,0,2026-07-19T20:56:13-07:00,blu by BCA Digital,blu_bca,app_store,1550237185
14321803739,salma.assyfa,4,udh oke tapi,gabisa login pake face id,2.14.40,0,2026-07-19T03:16:36-07:00,blu by BCA Digital,blu_bca,app_store,1550237185
14321252884,Aixeen,1,PAYMENT ERROR TERUS,Payment QRIS CPM di kasir indomaret/alfamart tidak pernah berhasil. Status di kasir selalu Server Error. Payah bgt ini berkali2 coba QRIS CPM selalu gagal terus. Ekosistem BCA lho ini,2.14.40,0,2026-07-18T23:50:42-07:00,blu by BCA Digital,blu_bca,app_store,1550237185
14317150255,way sudiarsha,5,Good,User friendly,2.14.40,0,2026-07-17T23:08:56-07:00,blu by BCA Digital,blu_bca,app_store,1550237185
14316985377,holidahilda,1,Mahalllll adminnya,"Tf ke sesama BCA biaya admin 6.500😳,tarik tunai biaya admin 3.500😏,gak bgt👎",2.14.40,0,2026-07-17T21:59:45-07:00,blu by BCA Digital,blu_bca,app_store,1550237185
14313767490,Arduino kotlin,5,Best and fast,Best and fast,2.14.30,0,2026-07-17T03:46:55-07:00,blu by BCA Digital,blu_bca,app_store,1550237185
14313012871,martina prita,1,TIDAK BISA LOGIN,SUDAH COBA LOGIN BEBERAPA KALI TETAP TIDAK BISA LOGIN PADAHAL SEMUA ANJURAN SUDAH DI LAKUKAN. TOLONG PERBAIKI SISTEM,2.14.30,0,2026-07-16T22:42:55-07:00,blu by BCA Digital,blu_bca,app_store,1550237185
14309544208,setiawanloa,1,Aplikasi sampah,"ngelag mulu mau bayar ngelag terus,mau transfer nge lag terus gagal terus ,parah",2.14.30,0,2026-07-16T02:45:56-07:00,blu by BCA Digital,blu_bca,app_store,1550237185
14308877839,Blue Bego,1,GAGAL VERIFIKASI WAJAH,TOLONG YA PERBAIKI SISTEM VERIFIKASI WAJAH POSISI UDAH BENER TAPI GAGAL TERUS!!!,2.14.30,0,2026-07-15T22:04:07-07:00,blu by BCA Digital,blu_bca,app_store,1550237185
14306434513,eritchi,2,Nerima transferan uang dipotong 1.000 rupiah??,"Baru kali ini nemu bank gini, aneh bgt padahal bank asal aja ga motong duit. Pengalaman pertama langsung bikin males",2.14.30,0,2026-07-15T07:43:39-07:00,blu by BCA Digital,blu_bca,app_store,1550237185
14306120886,mr mdddd,3,saat login terasa berat padahal signal lancar,"makin di update semakin berat apk nya, tolong diperbaiki lagi",2.14.30,0,2026-07-15T06:15:54-07:00,blu by BCA Digital,blu_bca,app_store,1550237185
14305543507,Ciesya,5,BAGUS,"memudahkan sekali memakai blu by BCA karna memudahkan bertransaksi secara digital, dan tidak memakan biaya admin untuk transfer",2.14.30,0,2026-07-15T03:03:59-07:00,blu by BCA Digital,blu_bca,app_store,1550237185
14302341068,yunia3cahya,2,Lemot banget,"Terlalu banyak waktu menunggu aplikasinya kebuka, harus ada kli 2-3 sec, lemot, kurang satset, mau jaringan kenceng apa lemah sama aja, jaringan lemah apalagi kaya hp penuh memori lemot bgt gak bisa praktis gercep apalagi buat qris Subhanallah lemotnya tolong diperbaiki sbg rekanan bca plis",2.14.30,0,2026-07-14T07:34:52-07:00,blu by BCA Digital,blu_bca,app_store,1550237185
14301743825,Andrexzn.,1,update tanggal 14 jul,hei ini mau bayar malah maintance mana uang nya di blu semua kalo mau update konfirmasi dulu,2.14.30,0,2026-07-14T04:36:56-07:00,blu by BCA Digital,blu_bca,app_store,1550237185
14301725348,anggaaaw,2,Perbaiki sistem Blu,"perbaikan ya untuk blu. tolong ya jangan dibikin ribet, pake apk ini bukannya makin mudah malah makin ribet, Mulai dari maintenance yang berkali-kali, Gagal transfer berkali-kali, QRIS yang letakkan Di awal sebelum masuk ke beranda, yang seharusnya berfungsi untuk mempermudah Pembayaran malah sama aja ributnya harus masukin pin dua kali di awal sebelum transaksi dan setelah transaksi. Sebenarnya gak masalah kalau double Confirm tapi masalahnya Logo blue itu muter-muter terus jadi makin lama, jadi ini apk bukan bikin mempermudah. Mau bayar ojek Pake QRIS tiba-tiba gak bisa discan malah maintenance gila enggak tuh, ga tau deh sumpah.",2.14.30,0,2026-07-14T04:30:37-07:00,blu by BCA Digital,blu_bca,app_store,1550237185
14301676662,kahaika,3,Lag,Habis di perbarui kok gak bisa di open ya apk nya ?,2.14.30,0,2026-07-14T04:13:46-07:00,blu by BCA Digital,blu_bca,app_store,1550237185
14301672466,Yanaabdvdh,1,laporan masalah,aplikasi tidak bisa di akses padahal mau di pake buat nabung,2.14.30,0,2026-07-14T04:12:18-07:00,blu by BCA Digital,blu_bca,app_store,1550237185
14301659605,Chapoo000,1,Kurang bagus operasional nya,Perbaiki lagi tuh aplikasi gila gue pke iphone aja lemot tf juga kadang putus2,2.14.30,0,2026-07-14T04:07:44-07:00,blu by BCA Digital,blu_bca,app_store,1550237185
14301650971,Dewey7724,3,Hilang koneksi,Sering muncul hilang koneksi mohon segera diperbaiki,2.14.30,0,2026-07-14T04:04:41-07:00,blu by BCA Digital,blu_bca,app_store,1550237185
14301630047,Namiradavinta03,1,error,error terus woi gmn gw mau order makanan cok,2.14.30,0,2026-07-14T03:57:06-07:00,blu by BCA Digital,blu_bca,app_store,1550237185
14301416729,ayunisadnr,5,good,bagus bgt fitur pocketnyaa,2.14.30,0,2026-07-14T02:34:52-07:00,blu by BCA Digital,blu_bca,app_store,1550237185
14301080058,Apettt,5,Keren,Bagus banyak rewards nya tengkyu,2.14.30,0,2026-07-14T00:12:59-07:00,blu by BCA Digital,blu_bca,app_store,1550237185
14297057935,aboiboiboi,3,Aplikasi agak lambat,Sering lambat saat login dan ingin melakukan pembayaran via QRIS atau transaksi lainnya padahal internet dalam kondisi baik. Mohon updatenya,2.14.30,0,2026-07-13T00:12:47-07:00,blu by BCA Digital,blu_bca,app_store,1550237185
14296888099,syahrizal9474,5,Okay,Ok,2.14.10,0,2026-07-12T22:59:07-07:00,blu by BCA Digital,blu_bca,app_store,1550237185
14295758828,moms vero,5,transfer,mudah tanpa biaya transfer ke rekening lain,2.14.10,0,2026-07-12T15:23:26-07:00,blu by BCA Digital,blu_bca,app_store,1550237185
14294602253,Utuh Putra,5,Bagus,Sangat memuaskan,2.14.10,0,2026-07-12T08:48:01-07:00,blu by BCA Digital,blu_bca,app_store,1550237185
14293155812,aileveura,5,ulasan,sangat okee,2.14.10,0,2026-07-12T00:26:57-07:00,blu by BCA Digital,blu_bca,app_store,1550237185
14290093913,ceritamiiko,5,Aman,"Aplikasi berjalan dengan lancar, UI/UX enak, ga crowded. So far so good 👍🏻",2.14.10,0,2026-07-11T06:13:17-07:00,blu by BCA Digital,blu_bca,app_store,1550237185
14289955766,irachaaan,1,Sangat bermasalah,"Sudah 3 bulan terakhir ini, susah sekali buka/bayar/transaksi menggunakan aplikasi Blu, selalu error “hmm sepertinya ada masalah, silakan coba lagi ya” padahal aplikasi sudah di update paling baru, internet juga ada. Kalau diluar antri mau bayar, pasti nyusahin karena selalu error. Kalau pakai wifi aman aja. Tapi di luar kan ga selalu pakai wifi. Sudah email, katanya suruh telfon. Sudah telfon nomor yg tersedia, ga ada solusi nyata. Developer your app sucks. Please do better. Fix if",2.14.10,0,2026-07-11T05:30:40-07:00,blu by BCA Digital,blu_bca,app_store,1550237185
14289240518,ach.syahid,5,Pakai blu di LN,Saat di Korsel saya terbantu dengan blu.. bisa transaksi dengan mudah,2.14.10,0,2026-07-11T01:01:16-07:00,blu by BCA Digital,blu_bca,app_store,1550237185
14288361282,nrddr,5,kerennn,bangetttt,2.14.10,0,2026-07-10T19:02:15-07:00,blu by BCA Digital,blu_bca,app_store,1550237185
14284588968,Nafitri,5,Pemakaian selama 6 bulan,Bagus bangetttt!!! Cocok untuk kamu yang mau menabung biar saldomu tidak kecampur,2.14.10,0,2026-07-09T20:45:08-07:00,blu by BCA Digital,blu_bca,app_store,1550237185
14284287935,many mfdh,2,Too much upgrade,Ini kenapa upgrade agak ribettttt please,2.14.10,0,2026-07-09T18:48:51-07:00,blu by BCA Digital,blu_bca,app_store,1550237185
14281798414,Amin tahjudin,5,Hm,Ga bisa di updet kak tolong gmna,2.14.10,0,2026-07-09T05:14:29-07:00,blu by BCA Digital,blu_bca,app_store,1550237185
14281284902,kecoakjinjit,2,Penurunan Performa,"Performa sangat menurun setelah update ke versi 2.14.10, baik dari saat membuka via faceid sampai pembayaran via qris",2.14.10,0,2026-07-09T02:10:08-07:00,blu by BCA Digital,blu_bca,app_store,1550237185
14280410296,VonnyVeronica,1,mau buka rekening asik ditolak,"mau buka rekening pun susah asik ditolak, padahal untuk pembayaran uang sekolah anak! bukannya digunakan untuk sembarangan !",2.14.10,0,2026-07-08T20:02:40-07:00,blu by BCA Digital,blu_bca,app_store,1550237185
14280261604,Boksooff,5,Terbaik,Simpel dan cepat dalam pembayarab,2.14.10,0,2026-07-08T19:07:35-07:00,blu by BCA Digital,blu_bca,app_store,1550237185
14278828321,beatrix.fav,1,login nya repot,"udah daftar dengan data sendiri masih harus verifikasi, udah lama banget lagi bukanya padahal pake wifi, udah gitu update terus setiap mau buka aplikasinya.",2.14.10,0,2026-07-08T10:25:11-07:00,blu by BCA Digital,blu_bca,app_store,1550237185
14276728714,BANGRIIIII,1,ga bisa transfer/nerima transfer,"udah coba di hubungin semua pihak, jawabannya suruh nunggu"" terus, di janjiin katanya tanggal6 paling lambat pasti udah normal lagi, eh sampe sekarang tanggal 8 ga ada perubahan, sangat kecewa si soalnya uang gaji saya taruh di sini semua.",2.14.10,0,2026-07-07T22:08:50-07:00,blu by BCA Digital,blu_bca,app_store,1550237185
14276694844,Tir10,1,aplikasi error ngerugiin orang,"aplikasi aneh pas ngisi data buat ngajuin blu extra cash tiba tiba udah masuk ke antrian verifikasi padahal data belom lengkap, ditanya solusi gimana karena bukan human error saya malah dijawab blablabl",2.14.10,0,2026-07-07T21:54:09-07:00,blu by BCA Digital,blu_bca,app_store,1550237185
14276637014,Nandojuno,5,Keren,Mantap cepat praktis,2.14.10,0,2026-07-07T21:29:00-07:00,blu by BCA Digital,blu_bca,app_store,1550237185
14276106511,jscmar,4,Update,"Sering bgt diminta update padahal lagi buru2 dan gaada tombol exit/later jd kudu update. Tolong ditambah tombol exit/later untuk pilihan update, karena ga semua orang bisa nunggu dan punya sinyal yg oke saat update. Kebayang ga lg di kasir, tau2 harus update dan sinyal lemot.",2.14.10,0,2026-07-07T18:01:53-07:00,blu by BCA Digital,blu_bca,app_store,1550237185
14275305021,Tude Dogen,1,Sering ga bisa dibuka,Sering update ga bisa kebuka,2.14.10,0,2026-07-07T12:58:22-07:00,blu by BCA Digital,blu_bca,app_store,1550237185
14273981063,nitaarev,1,keluhan pengguna blu,terlalu sering update terus lemot juga padahal jaringan bagus,2.14.10,0,2026-07-07T06:18:36-07:00,blu by BCA Digital,blu_bca,app_store,1550237185
14273249425,booriell,5,mantap,mantap,2.14.10,0,2026-07-07T02:02:33-07:00,blu by BCA Digital,blu_bca,app_store,1550237185
14272696021,Hsstyy,1,Aplikasi lelet,"Aplikasi nya lemot, padahal aplikasi nga selalu minta update tapi sama aja ga ada perubahan apanya yg di update sih.. 
perasaan aplikasi mobile banking lain nya gada tuh update2 mulu tapi lancar mau trx atau tf ga ky blu",2.14.10,0,2026-07-06T22:00:56-07:00,blu by BCA Digital,blu_bca,app_store,1550237185
14272392081,blu nilep duit,1,blu nilep duit,dari awal tdk ada diinfo bahwa bikin nomor rek cantik ada biaya  diawal,2.14.10,0,2026-07-06T19:54:11-07:00,blu by BCA Digital,blu_bca,app_store,1550237185
14271819709,DIRNA SARI,5,SANGAT BAGUS,KIRIM UANG KE BANK MANAPUN FREE TANPA ADMIN,2.14.10,0,2026-07-06T16:15:12-07:00,blu by BCA Digital,blu_bca,app_store,1550237185
14270405585,Deardo Tan,5,Small Important Details - My personal view,"Dear Tim blu,

Saya ingin menyampaikan sedikit masukan terkait pengalaman menggunakan aplikasi blu.

Pada menu transfer, saya melihat sudah tersedia tempat untuk ikon bank, namun belum menampilkan logo masing-masing bank. Akan sangat membantu jika logo bank ditampilkan agar pengguna lebih mudah membedakan bank tujuan dan mengurangi potensi salah transfer.

Selain itu, saya juga merasa font pada menu Payment dan beberapa bagian lain masih terlalu tipis dan kecil, sehingga kurang nyaman dibaca saat bertransaksi. Sebagai referensi, tampilan aplikasi Wise menggunakan font yang lebih tebal dan jelas, sehingga informasi lebih mudah dibaca dan proses pembayaran terasa lebih aman serta nyaman.

Semoga masukan ini dapat menjadi pertimbangan untuk pengembangan blu ke depannya.

Terima kasih atas perhatian dan kerja keras Tim blu.",2.14.10,0,2026-07-06T08:28:50-07:00,blu by BCA Digital,blu_bca,app_store,1550237185
14268020239,shanksPSD,5,Good,Free Biaya Transfer mantap smoga bertahan terus free biaya transfernya,2.14.10,0,2026-07-05T17:35:48-07:00,blu by BCA Digital,blu_bca,app_store,1550237185
14265198745,iksanaja,5,Rekomendid bingits,Oke,2.14.10,0,2026-07-05T01:43:39-07:00,blu by BCA Digital,blu_bca,app_store,1550237185
14264776709,fnifnifnifni,1,Rekening Cantik Bayar,"Baru sadar ternyata bayar 100ribu buat bikin rekening cantik, kukira gratis. Udah terlanjur tapi ngerasa di prank. Gasuka",2.14.10,0,2026-07-04T22:48:40-07:00,blu by BCA Digital,blu_bca,app_store,1550237185
14264448267,kimsuja,2,Aplikasi lambat dalam merespon,"dalam merespon pembayaran seperti qris atau transfer lambat padahal dari sinyal tidak ada masalah 
barusan terjadi saya sedang melakukan pembayaran melalui qris, aplikasi lama dibukak, dan sempat tidak bisa dibukak lalu pas sudah bisa dibukak, setelah scan qris aplikasi lagi2 lama merespon pembayaran pun juga gitu setelah memasukkan nominal juga lambat dan tidak bisa dicancel, sehingga saya mengganti pembayaran dengan bank lain yang lebih responsif, lalu pada saat sudah di parkir saya merima email bahwa pembayaran berhasil padahal saya sudah bayar dengan bank lain, coba lebih dimatangkan servernya",2.14.10,0,2026-07-04T20:28:42-07:00,blu by BCA Digital,blu_bca,app_store,1550237185
14260198358,aulullz,3,ada biaya adm?,knpaa min jdi ada biaya nyaaa😭😭 untuk aku yg ngincer gratis admin jdi kurang. ada si yg bisa gratis tp dri senin smpe jumat doang😭😅🫵🏻,2.14.10,0,2026-07-03T18:41:16-07:00,blu by BCA Digital,blu_bca,app_store,1550237185
14257787988,Merrybadz,2,Tidak bisa login,Knp ga bisa di buka aplikasi nya pad login,2.14.10,0,2026-07-03T05:40:42-07:00,blu by BCA Digital,blu_bca,app_store,1550237185
14256893154,manejdhhshs,1,apps,APLIKASI GABISA DI BUKA TOLOL!!!!!!!!,2.14.0,0,2026-07-03T00:14:12-07:00,blu by BCA Digital,blu_bca,app_store,1550237185
14252936325,ranielok,5,Referral,"PRAHANXQY

Pakai referral aku guys biar sama2 dapet saldo.",2.14.0,0,2026-07-02T02:08:46-07:00,blu by BCA Digital,blu_bca,app_store,1550237185
14252034560,wleeeeeeeeeee,1,ui/ux,"coba deh jangan kebanyakan update, kita yang sebelumnya udah kebiasa pake ui/ux yang emang udah nyaman dipaksa terus adaptasi sama yang batu di waktu yang relatif singkat, ga nyaman bgt asli mana kalo berubah bener” berubah total bikin bingung, mending kalo berubahnya lebih jelas ini lebih ga jelas dan ga simple padahal udah bagus loh keseluruhanya cuma masalah ini doang yang jelek tolong deh evaluasi kerja ui/ux designernya",2.14.0,0,2026-07-01T20:08:56-07:00,blu by BCA Digital,blu_bca,app_store,1550237185
14251439141,Blukontt,1,Transfer otomatis,"Sudah konfirmasi ke tim by call, jawabannya nihil, ketus",2.14.0,0,2026-07-01T16:32:44-07:00,blu by BCA Digital,blu_bca,app_store,1550237185
14248949239,Dede2122,1,UIUX diimprove tp backendnya kureng,"makin aneh aja tim devnya.. malah uiuxnya diimprove 

backendnya noh n+1",2.14.0,0,2026-07-01T03:45:12-07:00,blu by BCA Digital,blu_bca,app_store,1550237185
14248502401,aeluel,1,Pindah dana di bagian home udah ga ada dan Tokped Favorite Transaction error terus,"Update terbaru ini fitur yang paling kepake pindah dana dari kantong ke rekening di bagian home aplikasi malah dihilangin. Malah jadi ada dua button untuk loyalty di bagian home, redundant banget dan jadi ga guna. Terus tiap kali pencet transaksi favorite tokped yang udah disave, langsung error dan auto keluar appnya.",2.14.0,0,2026-07-01T00:56:00-07:00,blu by BCA Digital,blu_bca,app_store,1550237185
14247897576,daniel natappong,5,eror,"kenapa sering bermasalah ya akhir akhir ini ,",2.14.0,0,2026-06-30T20:59:14-07:00,blu by BCA Digital,blu_bca,app_store,1550237185
14244960072,aksjsndndndjsjjw,5,Error,"Belakangan ini aplikasi sering error, lagi perlu buat top up nih min",2.14.0,0,2026-06-30T05:44:49-07:00,blu by BCA Digital,blu_bca,app_store,1550237185
14244906821,Za’s Mom,5,Piu,Masih yang terbaik,2.14.0,0,2026-06-30T05:30:03-07:00,blu by BCA Digital,blu_bca,app_store,1550237185
14242239170,Frsml_123,1,BUG 0033 URAY,"woi benerin itu cepetan soal bug norek 4 digit doang 0033, udah banyak nasabah lo yang salah sambung transferannya!",2.14.0,0,2026-06-29T12:50:02-07:00,blu by BCA Digital,blu_bca,app_store,1550237185
14241287347,Ye_.,1,P,bermasalah terusss gw mau narik duit gbsa pdhal jaringan ada,2.14.0,0,2026-06-29T08:07:57-07:00,blu by BCA Digital,blu_bca,app_store,1550237185
14240261907,cindykartika,1,Gabisa login,Udah update msh error trs gabisa login,2.14.0,0,2026-06-29T03:14:27-07:00,blu by BCA Digital,blu_bca,app_store,1550237185
14240128061,financeappsuser,2,Login masih suka stuck di logo blu,"Sudah update berulang-ulang sampai sekarang udah tampilan baru. Penyakit lama nya tetap gk diperbaiki, suka stuck di logo awal pas buka aplikasi. Sering banget begini, ngeselin kalau ingin transaksi cepat tapi buka aplikasi lemot",2.14.0,0,2026-06-29T02:22:18-07:00,blu by BCA Digital,blu_bca,app_store,1550237185
14235681597,Tysinaga,5,Mantap pakai blu bca. Bebas admin dan banyak kantong menabung nya,Besttttt of the best,2.13.0,0,2026-06-27T23:13:12-07:00,blu by BCA Digital,blu_bca,app_store,1550237185
14235481357,@seinkawaminari,1,aplikasi gak mutu,sinyal udah bagus gabisa di klik lanjutkan. sistem lo gimana si udah loading mulu setan capek nunggu saya,2.13.0,0,2026-06-27T21:50:36-07:00,blu by BCA Digital,blu_bca,app_store,1550237185
14234664479,Chantik27,5,Bagus sekali,The best,2.13.0,0,2026-06-27T16:43:31-07:00,blu by BCA Digital,blu_bca,app_store,1550237185
14232053113,Fit.___,5,Transaksi,Dengan menggunakan Face ID saat log in cukup memudahkan saat pemakaian dan free biaya transfer cukup menguntungkan,2.13.0,0,2026-06-27T02:12:51-07:00,blu by BCA Digital,blu_bca,app_store,1550237185
14231444327,dave.sin,4,Performance app blu bca,"Bagussss, banyak promo, stabil app nya",2.13.0,0,2026-06-26T22:13:48-07:00,blu by BCA Digital,blu_bca,app_store,1550237185
14231127243,DiahJo,5,Easy to use,"Memudahkan banget, bisa di pos pos kan sesuai dengan kebutuhan",2.13.0,0,2026-06-26T20:10:09-07:00,blu by BCA Digital,blu_bca,app_store,1550237185
14229463084,kokginimanamatat,1,sering eror,oi ini apk knapa?? udh 3 hari g bisa masuk.. di update pun gabisa apk nya,2.13.0,0,2026-06-26T10:15:09-07:00,blu by BCA Digital,blu_bca,app_store,1550237185
14227090231,andika kangen ben,3,masalah,"maaf pak buk ini kenapa ya daridulu masalahnya selalu sama, terjadi kesalahan saat login harus uninstall lagi instal lagi tolong masalah ini segera ditanggapi mau bayar apa apa jadi makin ribet",2.13.0,0,2026-06-25T20:39:40-07:00,blu by BCA Digital,blu_bca,app_store,1550237185
14226361977,Pentacahya21,5,Keren,Cuma gabisa langsung acc pinjam uang ya agak sulit,2.13.0,0,2026-06-25T15:56:22-07:00,blu by BCA Digital,blu_bca,app_store,1550237185
14224727437,alifitroni,2,Gagal Login Terus,Saya bolak balik login gagal terus padahal otp & pw udah benar..,2.13.0,0,2026-06-25T07:01:00-07:00,blu by BCA Digital,blu_bca,app_store,1550237185
14223395118,pilpilll,5,Best,cannot describe this feeling bcs blu bca make me simple way,2.13.0,0,2026-06-24T22:43:50-07:00,blu by BCA Digital,blu_bca,app_store,1550237185
14222622831,Nurwanto wahyu,5,Ok,Ok,2.13.0,0,2026-06-24T17:32:44-07:00,blu by BCA Digital,blu_bca,app_store,1550237185
14218877346,Tichaapri,5,Luar biasa pokoknya sukses selalu ya,Mantap pokoke,2.13.0,0,2026-06-23T18:56:25-07:00,blu by BCA Digital,blu_bca,app_store,1550237185
14215877884,salshabillaalinea,5,been almost 5 years using blu,love it soooo much!,2.13.0,0,2026-06-23T01:11:54-07:00,blu by BCA Digital,blu_bca,app_store,1550237185
14211639240,bearkoalaii,5,happy,enak bangt kenapa ga dari dulu tau blu ini😫kn diluar negri jadi gampang,2.13.0,0,2026-06-21T22:04:25-07:00,blu by BCA Digital,blu_bca,app_store,1550237185
14208127428,geramnyo,1,aplikasi aneh,"tiba tiba logout, status rekening tidak bisa menerima transferan, mana ada uangnya lagi gabisa ditarik, ini kalo udah bisa saya uninstall aja apk njs",2.13.0,0,2026-06-21T00:19:39-07:00,blu by BCA Digital,blu_bca,app_store,1550237185
14206984372,selajaa,5,🥰,"gampang,pelayanan ok,cs nya selalu ngebantu apapun permasalahan & cepat tanggap",2.13.0,0,2026-06-20T16:18:06-07:00,blu by BCA Digital,blu_bca,app_store,1550237185
14204937030,lockedd_,1,receiving money fee,why am i being charged when i receive money into my account? this is disappointing,2.13.0,0,2026-06-20T04:50:36-07:00,blu by BCA Digital,blu_bca,app_store,1550237185
14204910501,Akbarrrrrrrr1,1,Pengalaman transfer ga masuk ke rekening tujuan,"Ini gimana pak, kenapa masalah saya malah di puter puter terus ga ada kejelasan, uang banyak itu pak, mohon lah itu udah jelas uang belum masuk pak, tolong bgtt di bantu, udah hampir 3 minggu masalah di puter
Puter ajaa ga ada kejelasan, saya sudah konfirmasi langsung tlp dan mendatangi bank penerima secara offline memang uang belum masuk jadi tolong kejelasanya ini, saya sebagai nasabah jujur kecewa dengan kejadian ini dan sangat menyayangkan kejadian ini",2.13.0,0,2026-06-20T04:41:12-07:00,blu by BCA Digital,blu_bca,app_store,1550237185
14204787216,Shaniidut,5,Rating bintang lima,"So convinient, love banget pokonyaa",2.13.0,0,2026-06-20T03:55:15-07:00,blu by BCA Digital,blu_bca,app_store,1550237185
14203961979,hi.kio,4,bank account deletion,require extra steps to delete saved list of bank accounts,2.13.0,0,2026-06-19T22:10:18-07:00,blu by BCA Digital,blu_bca,app_store,1550237185
14203846519,DULFIKRI,5,senang,ga ribet beda dari yang lain,2.13.0,0,2026-06-19T21:20:49-07:00,blu by BCA Digital,blu_bca,app_store,1550237185
14203261160,Daniafuji,5,Good,Enak bgt makenya mudah biaya admin gaada,2.13.0,0,2026-06-19T17:30:16-07:00,blu by BCA Digital,blu_bca,app_store,1550237185
14200765965,gitashhh,1,app kebanyakan update,"dikit2 update, tiap mau transaksi update, kan jadi gabisa diandalkan kalo lg buru2 krn hrs nunggu update",2.13.0,0,2026-06-19T03:34:17-07:00,blu by BCA Digital,blu_bca,app_store,1550237185
14198068504,yuusha21,4,Overall oke,"Perform aplikasi overall oke, cuman saran kalo mau hapus norek better bisa langsung tanpa harus ke setting dulu",2.13.0,0,2026-06-18T09:56:54-07:00,blu by BCA Digital,blu_bca,app_store,1550237185
14197310686,Awanbos,4,Bagus Tapi Radak radak,"Udah enak buat harian tapi kenapa ya kayak radak lemot masuk ke Qris, trus sering masuk juga susah kayak ada masalah padahal internet bagus aja nggk tau ya pokok ada kayak eror gitu padahal sinyal 5G trus kalo turun juga 4GLTE",2.13.0,0,2026-06-18T06:17:27-07:00,blu by BCA Digital,blu_bca,app_store,1550237185
14195988902,koyyenik,2,biaya admin,tarik tunai biaya adminnya lebih malah daripada tf BI,2.13.0,0,2026-06-17T21:14:28-07:00,blu by BCA Digital,blu_bca,app_store,1550237185
14195830049,Petererwan,5,Mantappp,Aawalnya takut tapi sekarang tidak,2.13.0,0,2026-06-17T20:05:18-07:00,blu by BCA Digital,blu_bca,app_store,1550237185
14192697924,syahuma syahira shanum,5,gamapang penggunaan,banyak fitur keren,2.13.0,0,2026-06-17T02:05:01-07:00,blu by BCA Digital,blu_bca,app_store,1550237185
14192183455,Ian noeee,5,Semoga blu bisa menyediakan Qris Merchant juga,Blu bye bca sediakan qris merchant dong,2.13.0,0,2026-06-16T22:07:48-07:00,blu by BCA Digital,blu_bca,app_store,1550237185
14191666496,iimhalim,5,Good Choice,Lovee the apk,2.13.0,0,2026-06-16T18:34:18-07:00,blu by BCA Digital,blu_bca,app_store,1550237185
14189045411,Juleerhm,5,Ulasan,"make blu udh hampir 3 tahun, alhamdulillah aman sentosa, cuma keluhan dariku kadang suka ribet buat transaksi, loading lama bener, tp selebihnya sih oke banget, puas banget pake aplikasi ini",2.13.0,0,2026-06-16T03:59:10-07:00,blu by BCA Digital,blu_bca,app_store,1550237185
14187265550,AchmadFauzi322,5,Blu by BCA melayani dengan baik,Blu by BCA melayani dengan baik,2.13.0,0,2026-06-15T15:09:02-07:00,blu by BCA Digital,blu_bca,app_store,1550237185
14184738245,Dvaren,2,Service,Waktu operasi penukaran blu valas sanagt singkat dan kurang fleksibel untuk disaat saat genting,2.13.0,0,2026-06-15T00:50:30-07:00,blu by BCA Digital,blu_bca,app_store,1550237185
14184668544,frinanihin,2,🙃,100rb nyangkut aja lama banget 😭,2.13.0,0,2026-06-15T00:17:22-07:00,blu by BCA Digital,blu_bca,app_store,1550237185
14184322423,Ms. Deva,5,Pelayanan ditingkatkan agar lancar,Semoga tidak terjadi kendala kedepannya karna saya pernah mengalami kendala satu kali. namun sesudah itu diurus oleh pekerja blubca,2.13.0,0,2026-06-14T21:32:54-07:00,blu by BCA Digital,blu_bca,app_store,1550237185
14184148004,friezda,1,Not Responding,"susah bgt kalau lagi urgent buka blu gakebuka terus, padahal udah update versi terbaru :) jelek",2.13.0,0,2026-06-14T20:15:03-07:00,blu by BCA Digital,blu_bca,app_store,1550237185
14183807553,Naww11,5,Bermasalah,SERING BANGET EROR PAS MAU LOGIN,2.13.0,0,2026-06-14T17:57:42-07:00,blu by BCA Digital,blu_bca,app_store,1550237185
14173328613,Slmnhq,4,Transfer,kenapa yaa ko kaya lemot gitu nerima atau mau nge transfer uang dari/ke bank lain ? tolong dong di fix,2.13.0,0,2026-06-12T03:40:28-07:00,blu by BCA Digital,blu_bca,app_store,1550237185
14172584979,sedgita,3,shopee,Aplikasi crash setiap mau bayar shopee,2.13.0,0,2026-06-11T22:05:49-07:00,blu by BCA Digital,blu_bca,app_store,1550237185
14169339558,kaficoffee,1,useless,jauh2 deh sm ini aplikasi,2.13.0,0,2026-06-11T03:14:29-07:00,blu by BCA Digital,blu_bca,app_store,1550237185
14168658709,burntgyoza,1,Menipu konsumen,"Biaya BI-fast tetap dipotong, sudah dikomplain, janji akan dikembalikan, tapi sampai saat ini tidak ada pengembalian. Telepon disuruh email, email disuruh telepon. Menyuruh konsumen “mengemis” uang 2.500 seperti pengamen.",2.13.0,0,2026-06-10T22:01:12-07:00,blu by BCA Digital,blu_bca,app_store,1550237185
14168218526,Reeeuuuyy,2,terlalu sering update,sebaiknya jangan terlalu sering force update,2.13.0,0,2026-06-10T18:50:03-07:00,blu by BCA Digital,blu_bca,app_store,1550237185
14166147272,walid mas,5,pp apa . p oke,udah sihhh,2.13.0,0,2026-06-10T06:56:06-07:00,blu by BCA Digital,blu_bca,app_store,1550237185
14165490681,Alinaaksa,5,Cepat,Baik aplikasinya bagus banyakin promo dong kayak pake kartu BCA,2.13.0,0,2026-06-10T03:17:51-07:00,blu by BCA Digital,blu_bca,app_store,1550237185
14164856887,Ojsibsiwoq isb,1,Update lama,"Mau update aplikasi kok loading terus ga jalan jalan, udah pakai jaringan yang mbps nya kenceng kok loading terus, mau buka aplikasi jadi gabisa karena update yang lama",2.13.0,0,2026-06-09T22:25:02-07:00,blu by BCA Digital,blu_bca,app_store,1550237185
14164397235,holiyaw,1,Verifikasi wajah,"sumpah, dari semua bank digital verifikasi dari blu susah banget. berkali-kali gagal padahal lagi butuh",2.13.0,0,2026-06-09T19:04:15-07:00,blu by BCA Digital,blu_bca,app_store,1550237185
14162915324,t****07,5,untuk nabung,fiturnya gampang digunakan,2.13.0,0,2026-06-09T10:00:41-07:00,blu by BCA Digital,blu_bca,app_store,1550237185
14162511129,babibabikau,5,Blu,"Suka banget sama blu, love banget cinta banget",2.13.0,0,2026-06-09T07:59:14-07:00,blu by BCA Digital,blu_bca,app_store,1550237185
14160546686,Farida_fardha,5,Semoga saya segera jlan keluar negri,Semoga saya segera jalan2 keluar negri biar bisa di pakai kartu blu nyaa 😁💃,2.13.0,0,2026-06-08T19:03:34-07:00,blu by BCA Digital,blu_bca,app_store,1550237185
14158356733,Xixo cici,2,Update aplikasi,Kenapa selalu harus di update setiap bulan? Menuhin memori hp.,2.13.0,0,2026-06-08T06:28:48-07:00,blu by BCA Digital,blu_bca,app_store,1550237185
14157623932,Gooopit,5,Cepat,Baguss,2.13.0,0,2026-06-08T01:54:53-07:00,blu by BCA Digital,blu_bca,app_store,1550237185
14157252069,078km,1,ubah regulasi ga penting pls,kebanyakan update dan updatenya maksa. please change the rules untuk update pertiga bulan sekali!,2.13.0,0,2026-06-07T22:55:07-07:00,blu by BCA Digital,blu_bca,app_store,1550237185
14156734430,tiasssa,1,heuh,tiap buka app selalu harus update. sebel bgt pdhl lg buru buru,2.13.0,0,2026-06-07T18:59:55-07:00,blu by BCA Digital,blu_bca,app_store,1550237185
14153134729,Epoy_Roxxs,5,Nice,Free biaya TF,2.13.0,0,2026-06-06T20:54:33-07:00,blu by BCA Digital,blu_bca,app_store,1550237185
9876332095,Abe tan,5,Bermasalah?,"Belakangan sering ga bisa buka aplikasinya. Top up gopay juga bermasalah, dicoba sampai beberapa hari juga belum bisa. Semoga cepat diperbaiki, saya pakai ois. Fitur yang lain belum coba, tolong lebih diperhatikan.",v1.33.0,6,2023-04-29T22:43:04-07:00,blu by BCA Digital,blu_bca,app_store,1550237185
12510125806,ATRBollinger,5,Kode :  RUBENKU1K,Gunakan kode :  RUBENKU1K agar dapat kejutan ❤️,1.63.10,4,2025-04-06T02:43:27-07:00,blu by BCA Digital,blu_bca,app_store,1550237185
8709162505,astanapura,1,EROR MULU,"Gagal tf terus mau transaksi apa aja gagal, tulisannya . Maaf terjadi kesalahan akan kami perbaiki. Gitu aja terus keburu pindah bank lainnya. Gak guna",1.19.0,6,2022-05-26T01:44:08-07:00,blu by BCA Digital,blu_bca,app_store,1550237185
8582448164,HollaYahya,5,Nyaman,"Easy to use terus tingkatkan untuk bagian top up game sering eror
Makasih return tabungannya uda ok",1.17.0,2,2022-04-18T18:48:21-07:00,blu by BCA Digital,blu_bca,app_store,1550237185
10342981925,MKRusli,1,Setiap Mau Digunakan Harus Selalu Uninstall dan Install Lagi dan Lagi,"Saya Download Blu Karena Percaya dengan BCA, Namun Setelah Digunakan Sejak Pertama Kali Download Selalu Saja Tertulis Koneksi Putus dan Beri Waktu Buat Sambungin Lagi. Kirim Keluhan ke Blu, Solusinya adalah Uninstall atau Logout dulu Kemudian Install Lagi dan Login Lagi. Sampai Sekarang Kalau Mau Digunakan Selalu Harus diuninstall dulu lalu install lagi dan login lagi. Saya Sudah Kirimkan Email Keluhan Kedua Kali Hari Ini Dan Berharap Ada Perubahan Demi Kemudahan Menggunakan Aplikasi Blu. Tidak Perlulah Mengaktifkan Face ID seperti Aplikasi MyBCA. Kalau Mau Aman Seperti BCA Mobile pun Aman dengan Keyword Saja.",v1.39.10,3,2023-09-07T04:12:45-07:00,blu by BCA Digital,blu_bca,app_store,1550237185
10105667876,alfath ibnu,2,Biaya admin,"Halo, ini kenapa kebijakan baru cukup memberatkan ya. Kebijakan mengenai biaya admin pada penarikan uang tunai, padahal penarikan tersebut dilakukan pada mesin ATM BCA. Mohon dipertimbangkan kembali kebijakan tersebut, kalau tidak itu akan sangat disayangkan",v1.36.0,2,2023-07-05T01:20:52-07:00,blu by BCA Digital,blu_bca,app_store,1550237185
8122045009,Ghino Luqyano,5,A new Era,"Smooth & Fresh UI, easy to use.

Sedikit saran:

-Tetap adakan Kartu Fisik atau at least Debit Virtual. Mau bayar yg Subscription Based ya susah kalau ga ada Nomor Kartu.
-Flazz
-Monthly e-statement (Penting) ga cuma Tracker untuk cash flow & trx history.

Keep up the good work Blu!",1.11.0,1,2021-12-12T04:03:12-07:00,blu by BCA Digital,blu_bca,app_store,1550237185
13714151324,Fizayyy,3,Nd jelas,"Jaringan bagus data ada, tiap mau masuk sesi anda habis sesi anda habis ahh",2.8.0,1,2026-02-04T19:12:02-07:00,blu by BCA Digital,blu_bca,app_store,1550237185
13595554015,JJShouting star,1,Applikasi berbahaya,"Hati2 . Hanya mengambil info seputar KTP dan data diri, setelah itu akan muncul notif nomor telp anda tdk terdaftar, ,padahal saya juga pakai M-banking dgn nmor yg sama . tampaknya akan di pakai dalam pengajuan dana Pinjaman Online .",2.7.10,1,2026-01-04T15:47:12-07:00,blu by BCA Digital,blu_bca,app_store,1550237185
12050169881,gunnn09,1,Kolom insight error,"Benerin dong kolom insightnya, udah lama tiap klik insight pindah2 sendiri ngga bisa kita klik. Ntar kalo udah dibenerin kasih bintang 5 lagi.",1.59.10,1,2024-12-11T00:22:59-07:00,blu by BCA Digital,blu_bca,app_store,1550237185
11926459738,Almacantikkkkkkkkk,2,KELUHAN,Kenapa si logout trs? Gajelas bgt aplikasi,1.57.10,1,2024-11-08T06:04:24-07:00,blu by BCA Digital,blu_bca,app_store,1550237185
11613375567,hilmanjjj,1,Melihat norek pen-transfer,Tidak bisa melihat nomor rekening orang yang mentransfer ke saya.. harusnya hal se kecil ini blu bisa menangani nya,1.53.10,1,2024-08-15T08:32:04-07:00,blu by BCA Digital,blu_bca,app_store,1550237185
11494160489,Jasmnqio,1,App,Parah banget gangguannya sering,v1.52.0,1,2024-07-14T19:00:53-07:00,blu by BCA Digital,blu_bca,app_store,1550237185
11483892895,Sanca.s,1,Gak bangett !,Lambat sering kendala 👎🏼👎🏼👎🏼👎🏼👎🏼,v1.52.0,1,2024-07-12T02:45:12-07:00,blu by BCA Digital,blu_bca,app_store,1550237185
11454818328,Svgsuwhsgsgsg,1,UI RIBETTT DAN LEMOT,"Asli nih app lemot ga karuan, ui juga ribet. Benerim dong !!",v1.51.0,1,2024-07-04T02:16:45-07:00,blu by BCA Digital,blu_bca,app_store,1550237185
10158922619,sahabat invest mndri,1,Emang boleh semahal itu?,"Tarik tunai dengan biaya 3.500
Ok. Makasih❤️❤️",v1.37.0,1,2023-07-19T13:31:44-07:00,blu by BCA Digital,blu_bca,app_store,1550237185
10155120722,sonniardypamungkas,2,Biaya transaksi,"Terlalu bnyak biaya teransaksi, hampir semua transfer kena biaya top up jga kena biaya. Tarik tunai pun kena biaya, padahal sesama Bank BCA masih di kenakan biaya. Buat yg isi reknya ga terlalu bnyak ga ramah rekening ini mah kalo sama kaya dana mungkin masih ramah sedikit",v1.37.0,1,2023-07-18T12:48:00-07:00,blu by BCA Digital,blu_bca,app_store,1550237185
10140428246,Yoosjuuu,2,Kecewa,"Kenapa sekarang pake bluereward2, tarik tunai di atm bca gratis cuman sekali parahh",v1.36.0,1,2023-07-14T11:53:57-07:00,blu by BCA Digital,blu_bca,app_store,1550237185
10120385251,nurulzzzzzzzzzz,1,tf ke bank BCA ko bayar admin,"transfer ke bank BCA ko bayar admin, bukannya anak perusahaan bank BCA kan? satu grup kan?
perlu cari yg lain ni",v1.36.0,1,2023-07-09T02:48:50-07:00,blu by BCA Digital,blu_bca,app_store,1550237185
10114349717,Dapat Cash Back yg banyak,1,Opini Monopoli,Transfer dari blu ke BCA dan sebaliknya sekarang dikenakan biaya transfer 6.500 . Kecewa dengan BCA yang sekarang padahal sama” BCA,v1.36.0,1,2023-07-07T09:50:59-07:00,blu by BCA Digital,blu_bca,app_store,1550237185
10111898984,MhFaisal16,2,KECEWA,"masa tarik tunai sekarang dikasih batas sih, kalo ngga salah 2x gratis tarik tunai dalam sebulan, setelahnya ada biaya admin, helloo tarik tunai aja minta admin 3500? coba dikaji lagi lah ngasih biaya gitu perhitungannya dari mana?",v1.36.0,1,2023-07-06T17:49:40-07:00,blu by BCA Digital,blu_bca,app_store,1550237185
9929080321,Hgaysns,1,Lelet,Halah ini nunggu pihak nya nelpon lama bgt sampai berjam jam k ada yg sambungi niat gk sih bikin aplikasi? Padahal wifi gw lancar Jaya,v1.33.0,1,2023-05-15T04:31:22-07:00,blu by BCA Digital,blu_bca,app_store,1550237185
9698740901,typischrandom,3,Ga bisa logout,"iphone 12 16.3, tolong difix",v1.32.10,1,2023-03-10T06:46:59-07:00,blu by BCA Digital,blu_bca,app_store,1550237185
8825295740,Bang Aiya,4,Aplikasi ringan dan mantap,"Sejauh ini oke banget si blu
Cocok buat yang ingin nabung dan membuat kategori tabungan.

Minus: verifikasi transaksi belum menyediakan face id.",1.21.0,1,2022-06-30T02:28:16-07:00,blu by BCA Digital,blu_bca,app_store,1550237185
8059497134,putu ayu santini,5,BLU Keren,"Aplikasi nya anak muda , 
BLU No Repot No Ribet",1.10.0,1,2021-11-24T14:06:18-07:00,blu by BCA Digital,blu_bca,app_store,1550237185
8053846184,Henry Setyawan,5,aplikasi baru bca yang super reccomended,sangatt membantuuu buat bank digitall tidak ada biaya dan sangatt untungg,1.10.0,1,2021-11-22T23:36:37-07:00,blu by BCA Digital,blu_bca,app_store,1550237185
7596916857,FasyaFH,5,Review apliksi blu,"Aplikasi yang praktis dan fleksibel, kita bisa melakukan banyak transaksi hanya menggunakan satu aplikasi. Bikin hidup makin cardless, cashless dan seamless, deh!",1.4.0,1,2021-07-20T00:06:06-07:00,blu by BCA Digital,blu_bca,app_store,1550237185
8042573325,EdwinPratamaS,5,Bagus,"Aplikasinya sangat bagus dan berguna untuk menabung kaula muda

berikut kode referal untuk mendapatkan bonus EDWIN2NYM",1.10.0,1,2021-11-19T20:30:24-07:00,blu by BCA Digital,blu_bca,app_store,1550237185
10342112249,jdc201296,1,Loading terus padahal sinyal bagus,Ini bener aplikasi develop by BCA? Bener2 bikin ga nyaman utk penggunaan. Selalu gangguan dan lemot padahal sinyal ada. Parah sih naro uang dsini. Developer aplikasinya ga bener bgt !!,v1.39.10,1,2023-09-06T21:13:33-07:00,blu by BCA Digital,blu_bca,app_store,1550237185
10339999575,Rumahnomorberapa,1,Komplain,"Ini gimana sih. Kok minta di optimal terus, malah nambah terus waktunya. Jadi gimana mau buka aplikasi kalo minta optimal nunggu sampe berapa jam? Malah nambah"" waktu terus. Gimanaa sihh app ini emg byk bgt masalahny",v1.39.10,1,2023-09-06T06:23:32-07:00,blu by BCA Digital,blu_bca,app_store,1550237185
10339982969,musticuse,1,Tidak disarankan,"- Status menyambungkan terus
- gabisa ambil uang, loading lama
- dalam sehari bisa sampai 2x optimalisasi sistem secara tb tb

note: kuota masih banyak dan sudah restart hp

buruk 👎",v1.39.10,1,2023-09-06T06:18:06-07:00,blu by BCA Digital,blu_bca,app_store,1550237185
10126968054,Bayuuuap,1,Setor ada biaya,"Males sy pakek blu uda tk hpus,Masa setor diatm bca aja ada biayanya skrang",v1.36.0,1,2023-07-10T21:20:40-07:00,blu by BCA Digital,blu_bca,app_store,1550237185
10124401136,Exsoel,1,Kalo banyak biaya begini sih ga bisa bertahan lama2,Tarik tunai di atm bca ada admin ? Serius ? Kan masih satu atap yg sama . Gimana sih,v1.36.0,1,2023-07-10T05:41:13-07:00,blu by BCA Digital,blu_bca,app_store,1550237185
10102600857,lhanf1999762,1,Komplain,Biaya setor tunainya lumayan menguras kantong kalo sering sering sangat tidak ramah,v1.36.0,1,2023-07-04T04:25:36-07:00,blu by BCA Digital,blu_bca,app_store,1550237185
14151030982,Mami ica cantik,5,Aku punya rekening,Dari yang gk punya rekening sekarang udah punya doang heheh,2.13.0,0,2026-06-06T08:04:58-07:00,blu by BCA Digital,blu_bca,app_store,1550237185
14149159250,Nicita1104,5,Aplikasi sangat mudah digunakan dan banyak fasilitas,Woooowwww,2.13.0,0,2026-06-05T20:16:14-07:00,blu by BCA Digital,blu_bca,app_store,1550237185
14149938588,Cilviya,4,Knp selalu di updet terus apk nya,"Hmm knp di updet” terus apk nya udah di updet loading nya lama lagi sampai kpn sih kek gini lama” di hapus juga tolong lahh mau transaksi pun enggak bisa
😡😡",2.13.0,0,2026-06-06T01:53:49-07:00,blu by BCA Digital,blu_bca,app_store,1550237185
14149123295,Dilaa Dee,5,Bagus,Saya mau isi E-money Flazz kok gabisa yah ?,2.13.0,0,2026-06-05T20:01:29-07:00,blu by BCA Digital,blu_bca,app_store,1550237185
14149105776,muskhdur,5,Bagus,Bagus mudah digunakan,2.13.0,0,2026-06-05T19:54:23-07:00,blu by BCA Digital,blu_bca,app_store,1550237185
14148843786,Yulianus hironi ndua,5,Very good,Mudah bertransaksi,2.13.0,0,2026-06-05T18:11:54-07:00,blu by BCA Digital,blu_bca,app_store,1550237185
14147089473,Aditya War,5,Bagus banget,Bagus banget,2.13.0,0,2026-06-05T08:01:17-07:00,blu by BCA Digital,blu_bca,app_store,1550237185
14142613581,Anggiat1301,5,Aplikasi Paten,Sangat bisa dianfalkan,2.13.0,0,2026-06-04T04:45:57-07:00,blu by BCA Digital,blu_bca,app_store,1550237185
14146705425,cekerayam,3,kebanyakan update,kbnykn update masa tiap bulan update hadehhh gemess,2.13.0,0,2026-06-05T06:12:41-07:00,blu by BCA Digital,blu_bca,app_store,1550237185
14146115611,yemanua,3,Blu,Masa mau bayar lg buru2 disuruh update. Knp gaada pilihan nanti gt. Mana lemot bgt ni makin kesini.,2.13.0,0,2026-06-05T02:47:03-07:00,blu by BCA Digital,blu_bca,app_store,1550237185
14137244618,Deww1234,5,Keren,Suka banget sama ini aplikasi.,2.13.0,0,2026-06-02T17:54:34-07:00,blu by BCA Digital,blu_bca,app_store,1550237185
14138297833,Pemakaid,3,Apk Sering error,Selalu muncul Hmm.. Sepertinya Ada Masalah Silahkan Coba lagi,2.13.0,0,2026-06-03T01:33:33-07:00,blu by BCA Digital,blu_bca,app_store,1550237185
14138131159,Satyasatyasatya,1,APP GOBLOK,"Saya deposit 1,5jt ke rek blue. Uang masuk deposit dipotong 1000. GOBLOK BGT INI APP",2.13.0,0,2026-06-03T00:16:00-07:00,blu by BCA Digital,blu_bca,app_store,1550237185
14133423915,Ibab_23,5,BANK GEN Z,"Aplikasi gk ribet, mudah peggunaanya, selama pemakaian gk pernah bermasalah, berwarna, top lah",2.13.0,0,2026-06-01T18:27:28-07:00,blu by BCA Digital,blu_bca,app_store,1550237185
14133610538,ag0es,3,Tidak bisa bayar VA,"Update terakhir jadi ngga bisa bayar VA apapun, ketika loading langsung exit sendiri app-nya. 

Tapi, uang di rekening jadi tetap utuh sih ya 😅",2.13.0,0,2026-06-01T19:40:03-07:00,blu by BCA Digital,blu_bca,app_store,1550237185
14129982013,@bison,5,Blu,A good and easy mobile banking 👍,2.13.0,0,2026-05-31T22:26:11-07:00,blu by BCA Digital,blu_bca,app_store,1550237185
14131893866,teukie.cheonsa,2,Selalu susah masuk kalo mau pindah hp,"Sering bangt kalo pindah hp terutama verivikasi wajah ampek diikuti berkali-kali tetep aja gagal, kalo di umum gegara hp yg satu ketinggalan harus buka jilbab cuman buat masuk ke apk di hp yg lain udah gitu gagal pula, ampek malu sendiri dikira pinjol padahal cuman mo masuk rek blubca doang tolong dong lbh di benahi terutama untuk hijab friendly ya. Makasih",2.13.0,0,2026-06-01T09:47:27-07:00,blu by BCA Digital,blu_bca,app_store,1550237185
14130139837,Kopi900,1,Minta rating terus terusan,MINTA RATING TIAP KALI ABIS TRANSAKSI WALAUPUN UDAH DI KASIH RATING TETEP MINTA SANGAT MENGGANGGU…,2.13.0,0,2026-05-31T23:37:08-07:00,blu by BCA Digital,blu_bca,app_store,1550237185
14129337426,dilaucu,5,bagusss,bagusss,2.13.0,0,2026-05-31T17:58:47-07:00,blu by BCA Digital,blu_bca,app_store,1550237185
14128221483,AlbionTz,5,Good,The best mobile banking I ever used,2.13.0,0,2026-05-31T11:09:50-07:00,blu by BCA Digital,blu_bca,app_store,1550237185
14127183831,acczyt25167,5,rate,happy pake blue happy happy happy,2.13.0,0,2026-05-31T06:01:08-07:00,blu by BCA Digital,blu_bca,app_store,1550237185
14127139456,Yp-netta,5,Positive vibes,Mobile digital blu sangat membantu dalam mengatur keuangan setiap bulan nya.. semoga makin banyak keuntungan menggunakan blu,2.13.0,0,2026-05-31T05:46:46-07:00,blu by BCA Digital,blu_bca,app_store,1550237185
14126750484,Hanicanteq80,5,Mempermudah trf,"Mantul bgd pake blu, bs trf ke banyak antar bank dan free biaya admin",2.13.0,0,2026-05-31T03:26:16-07:00,blu by BCA Digital,blu_bca,app_store,1550237185
14125750027,arxlei19,5,Best Banking App,Fitur fitur termantap,2.13.0,0,2026-05-30T20:14:57-07:00,blu by BCA Digital,blu_bca,app_store,1550237185
14124306244,Denis Ria,5,Bagus sekali aplikasinya,Jadi tertarik dlu padahal tidak setelah banyak yg riview bagus pake blu bca enak banget pake blu aja sekarang,2.13.0,0,2026-05-30T11:02:06-07:00,blu by BCA Digital,blu_bca,app_store,1550237185
14118855499,Iin Novitasari,5,🫶🏻,"Suka bgt sm blu. Byk pos2 untuk misah-misahin uang, yg lbh like it dia bebas biaya admin",2.13.0,0,2026-05-29T03:02:40-07:00,blu by BCA Digital,blu_bca,app_store,1550237185
14118894492,Zee Azizah,1,APLIKASI TIDAK BISA DIBUKA,"Udah seminggu ni aplikasi di install, terus gabisa dibuka. Cuma sampe faceid terus eror, males banget udah naro duit disitu malah gabisa dipake.",2.13.0,0,2026-05-29T03:18:41-07:00,blu by BCA Digital,blu_bca,app_store,1550237185
14118534394,Temmy sur,5,Dipermudah,"Tolong menunya dipermudah perataan masuk keluarnya promo terus kak, update terus sampe filenya besar",2.13.0,0,2026-05-29T00:38:46-07:00,blu by BCA Digital,blu_bca,app_store,1550237185
14118476334,Echo. Apple,5,Superb,"All simple and easy, good job",2.13.0,0,2026-05-29T00:11:10-07:00,blu by BCA Digital,blu_bca,app_store,1550237185
14113616931,Tegar25,5,Good,Josjiss,2.13.0,0,2026-05-27T16:35:55-07:00,blu by BCA Digital,blu_bca,app_store,1550237185
14115224820,Adets1234,1,Gabisa dibuka,Gabisa dibuka kenapa nih,2.13.0,0,2026-05-28T04:15:41-07:00,blu by BCA Digital,blu_bca,app_store,1550237185
14113818419,Fauzan Abdallah,1,TDK BISA BUKA REKENING,gabisa buka rekenening video call cmn blank item,2.13.0,0,2026-05-27T17:58:54-07:00,blu by BCA Digital,blu_bca,app_store,1550237185
14112325794,Adipura12,5,Mantap,Siiiip,2.13.0,0,2026-05-27T08:49:22-07:00,blu by BCA Digital,blu_bca,app_store,1550237185
14094211480,BUDI_ANTARIKSA,5,BANYAK CASHBACK,Cashbacknya banyak cooy. Sedap.,2.12.0,0,2026-05-22T13:24:06-07:00,blu by BCA Digital,blu_bca,app_store,1550237185
14111696302,y*88,1,ba bs daftar password aplikasi aneh,aplikasi aneh bikin pasword gagal trus,2.13.0,0,2026-05-27T05:35:08-07:00,blu by BCA Digital,blu_bca,app_store,1550237185
14108488581,15sqrm,1,Error transfer,Setelah update malah tidak bisa transfer. Setiap transfer wah putus.. coba lagi malah batas transfer online 0 sampai 0. Apa yg mau ditransfer dengan batas segitu?,2.13.0,0,2026-05-26T08:17:34-07:00,blu by BCA Digital,blu_bca,app_store,1550237185
14106580599,Andhika16,1,Aplikasi Cacat,"Transfer ke BCA konven status berhasil, saldo berkurang, tapi uang tidak masuk sama sekali.",2.13.0,0,2026-05-25T19:24:57-07:00,blu by BCA Digital,blu_bca,app_store,1550237185
14106364935,Yasmineap,3,Update aplikasi,masa setiap bulan harus di update terus :(,2.13.0,0,2026-05-25T17:57:33-07:00,blu by BCA Digital,blu_bca,app_store,1550237185
14103304314,xheaac,4,CC Service,adain pelayanan pembukaan cc blubca dengan syarat yg mudah,2.13.0,0,2026-05-24T23:26:39-07:00,blu by BCA Digital,blu_bca,app_store,1550237185
14099669657,YPH12,1,Aplikasi sering error,Udah percaya banget karena ini dari BCA tp aplikasi sering error bahkan utk masuk ke akun kita saja tidak bisa…Begitu bisa masuk mau transaksi terputus terus…Jadi agak takut mau taro dana agak banyak disini 🥲,2.12.0,0,2026-05-24T00:28:35-07:00,blu by BCA Digital,blu_bca,app_store,1550237185
14097557486,Dwi Lova,3,Tidak bisa trx qris,Admin kenapa hari ini saya mau trx pakai aplikasi pembayaran qris selalu mental yah aplikasinya keluar sendiri terus ? Adakah lg afa maintance aplikasi ?,2.12.0,0,2026-05-23T10:28:12-07:00,blu by BCA Digital,blu_bca,app_store,1550237185
14097362978,Kymonk,1,App is so slow,"Aplikasinya sangat lambat di ios ya, sering gagal bayar juga jadinya waktu pakai Qris",2.12.0,0,2026-05-23T09:27:00-07:00,blu by BCA Digital,blu_bca,app_store,1550237185
14095550197,Dian Nareswari,3,App crash,Aplikasi keluar ketika klik menu qris. Tolong agar diperbaiki.,2.12.0,0,2026-05-22T22:30:22-07:00,blu by BCA Digital,blu_bca,app_store,1550237185
14093164482,Temennya,5,Transaksi oke,Bagusnya juga nih setiap transaksi dapat point,2.12.0,0,2026-05-22T07:37:30-07:00,blu by BCA Digital,blu_bca,app_store,1550237185
14088289798,Efeendi,5,Payment transaction,Kecepatan dalam bertransaksi,2.12.0,0,2026-05-20T23:27:23-07:00,blu by BCA Digital,blu_bca,app_store,1550237185
14092212909,Asrikusuma,3,Aplikasi,Ini gimana cara masuk menunya hbs ditlpn kok gak bisa masuk menu,2.12.0,0,2026-05-22T01:56:48-07:00,blu by BCA Digital,blu_bca,app_store,1550237185
14091456363,Verifikasii,1,Lol,Belum apa apa udah maintanance.,2.12.0,0,2026-05-21T19:44:30-07:00,blu by BCA Digital,blu_bca,app_store,1550237185
14088087803,madesyawati,5,free transfer,bebas trf kemana aja tanpa admin,2.12.0,0,2026-05-20T21:45:34-07:00,blu by BCA Digital,blu_bca,app_store,1550237185
14086544066,0$y6j;i,5,Hello,Kalo mau pake Aplikasinya di suruh upgrate trs :/,2.12.0,0,2026-05-20T11:14:08-07:00,blu by BCA Digital,blu_bca,app_store,1550237185
14084406588,Messilmi,5,Semua serba cepat,UI dan UX nya enak bgt,2.12.0,0,2026-05-19T21:37:03-07:00,blu by BCA Digital,blu_bca,app_store,1550237185
14084507876,spdnshajaj,1,update mulu,capek buka dikit suruh update trs,2.12.0,0,2026-05-19T22:27:47-07:00,blu by BCA Digital,blu_bca,app_store,1550237185
14084081187,chelychess,5,blu BCA Digital keren,"blu, bank digital yang keren banget. semua transaksi sehari” jadi lebih mudah pake blu. definisi apa yg dibutuhkan nasabah, semua blu kasi di dalam aplikasinya lovee bgtttt!!!!",2.12.0,0,2026-05-19T19:05:55-07:00,blu by BCA Digital,blu_bca,app_store,1550237185
14080507499,Etennnnnn,5,BANK DIGITAL,"Sangat terbantu karena biaya admin sgt kcl bahkan gratis , tidak ada pemotongan pemotongan saldo tanpa pemberitahuan, pokoknya transaksi aman selalu dpt notif jg ke emailnya",2.12.0,0,2026-05-18T19:10:47-07:00,blu by BCA Digital,blu_bca,app_store,1550237185
14080966787,Shelmard,4,UI,"UI nya terlalu rame gak simple, dan dikit dikit update",2.12.0,0,2026-05-18T22:54:03-07:00,blu by BCA Digital,blu_bca,app_store,1550237185
14078931968,liaa12309,5,blue,bagus banget. jarang yang namananya pemeliharaan sistem. goodjob❤️,2.12.0,0,2026-05-18T09:05:52-07:00,blu by BCA Digital,blu_bca,app_store,1550237185
14076672104,1238AL,5,Kemudahan,App lebih ramah,2.12.0,0,2026-05-17T17:28:01-07:00,blu by BCA Digital,blu_bca,app_store,1550237185
14078692940,Akunadiasr,4,Semoga transaksi saya selalu di acc dan dana pinjaman,Terbaik,2.12.0,0,2026-05-18T07:50:44-07:00,blu by BCA Digital,blu_bca,app_store,1550237185
14075048462,aktor soliter,5,Apk terbaik,Ringan dan komplit,2.12.0,0,2026-05-17T07:52:08-07:00,blu by BCA Digital,blu_bca,app_store,1550237185
14066765457,djiqbalm,5,No. 1 Bank Terbaik,Tidak ada lawan.,2.12.0,0,2026-05-15T04:14:22-07:00,blu by BCA Digital,blu_bca,app_store,1550237185
14073566727,Azkhaaraka,2,Tidak bisa buat akun,"Baru juga download mau bikin akun mentok di password, udah ganti pasword sesuai arahan tetap gak bisa",2.12.0,0,2026-05-16T22:24:09-07:00,blu by BCA Digital,blu_bca,app_store,1550237185
14072592941,karimamrullah,2,Loading lama,"Setiap mau pembayaran QRIS lambat sekali, setiap ganti screen ada aja yang di load, pin/biometric dia loading, scan QR dia loading, pas udah kebaca dia loading lagi buat reward, pas submit bayar, loading lagi, dan setiap loading ga sebentar, 10-15 detik, bahkan udah loading lama kadang crash",2.12.0,0,2026-05-16T15:32:24-07:00,blu by BCA Digital,blu_bca,app_store,1550237185
14071174127,Cikiiiiiiiiiiii,1,Komplain,Saya mau buka rekening kok tidak bisa ya di last video call nya mereka bilang “ emg sistem nya yg ngetrack trus gagal “,2.12.0,0,2026-05-16T07:28:22-07:00,blu by BCA Digital,blu_bca,app_store,1550237185
14067283681,ㅤjoo,1,ERROR TERUS.,"setiap mau bayar pake QRIS kenapa selalu error terus? aplikasinya tiba' kluar sendiri pas QRIS nya di klk. ganggu banget, apalagi pas mau bayar orang' di blakang udah pada nungguin. udah buka berkali', tetep aja kluar sendiri dan gabisa dipake.",2.12.0,0,2026-05-15T07:00:37-07:00,blu by BCA Digital,blu_bca,app_store,1550237185
14066242808,B 167 Lee,5,Good job,Good job,2.12.0,0,2026-05-15T00:27:21-07:00,blu by BCA Digital,blu_bca,app_store,1550237185
14066538882,olivia gizelle m d,4,review,semoga blu makin banyak fitur’ nyaa,2.12.0,0,2026-05-15T02:44:50-07:00,blu by BCA Digital,blu_bca,app_store,1550237185
14066174200,Rizkika Eka,5,Mengubah limit,Cepat respontnya,2.12.0,0,2026-05-14T23:54:09-07:00,blu by BCA Digital,blu_bca,app_store,1550237185
14065260498,anggun nurus,5,Aplikasi Andalan,"Thankyouuuu udah bikin aplikasi ini, saran aja semoga bisa langsung transfer atau transaksi dari tiap kantong, jadi ga perlu mindahin ke akun utama dulu untuk transaksi",2.12.0,0,2026-05-14T16:52:18-07:00,blu by BCA Digital,blu_bca,app_store,1550237185
14063755780,Rudykho,5,Manteppp apps,Puasss,2.12.0,0,2026-05-14T07:41:22-07:00,blu by BCA Digital,blu_bca,app_store,1550237185
14060066256,Abang doel,5,Good apps,Terbaij,2.12.0,0,2026-05-13T07:28:52-07:00,blu by BCA Digital,blu_bca,app_store,1550237185
14062457425,aku cantim,1,Dari kemaren error gabisa di buka,"Blu gabisa di buka, kadang bisa, kadang eror. Sangat mengganggu mobalitas. Apalagi uang ada di sini",2.12.0,0,2026-05-13T23:20:07-07:00,blu by BCA Digital,blu_bca,app_store,1550237185
14061798498,Kusariwi,4,Update,Terlalu sering update/perbarui aplikasi,2.12.0,0,2026-05-13T18:06:58-07:00,blu by BCA Digital,blu_bca,app_store,1550237185
14060247521,Sekar94,2,Transaksi gagal tapi saldo tidak kembali,"Saldo saya terpotong 2 kali karena transaksi gagal. Sudah 3 hari menunggu. Sudah buat laporan memang, tp estimasinya lama sekali 17 hari? Gimana kalo orang tidak punya uang lebih? Lambat sih.",2.12.0,0,2026-05-13T08:24:59-07:00,blu by BCA Digital,blu_bca,app_store,1550237185
14059786727,blu bego,1,blu tolol,gabisa dibuka buka dongo,2.12.0,0,2026-05-13T06:01:28-07:00,blu by BCA Digital,blu_bca,app_store,1550237185
14058949412,Syafiimz,5,Transfer,"Tyransfer 850.000
kenapa masuk nya 849.000 ya ?",2.12.0,0,2026-05-13T00:13:37-07:00,blu by BCA Digital,blu_bca,app_store,1550237185
14058808105,Jundird,5,Top,Aplikasi Blu (BCA Digital) ini beneran top dan keren.. so easy..,2.12.0,0,2026-05-12T23:01:45-07:00,blu by BCA Digital,blu_bca,app_store,1550237185
14057966959,pororopyo,5,"transaksi gampang, bisa dipisah2","bisa mapping uang, mana yg tabungan, mana yg buat jajan, transaksinya juga gampang",2.12.0,0,2026-05-12T16:40:10-07:00,blu by BCA Digital,blu_bca,app_store,1550237185
14058441640,Kelvin Fitra,1,KOMPLAIN,"Tolong pihak BCA perbaiki APLIKASI BLU BCA

Tidak bisa LOGIN . SESI HABIS TERUS",2.12.0,0,2026-05-12T20:01:24-07:00,blu by BCA Digital,blu_bca,app_store,1550237185
14056216348,T U H A N,5,Blu Number 5,Blu by bca adalah bank DIGITAL TERBAIK DAN TERPERCAYA,2.12.0,0,2026-05-12T06:23:09-07:00,blu by BCA Digital,blu_bca,app_store,1550237185
14055329703,Mridhoo123,5,Salah satu bank digital terbaik.,"Paymentnya flexible banget, kemana aja okeee. Asik pokoknya",2.12.0,0,2026-05-12T00:20:50-07:00,blu by BCA Digital,blu_bca,app_store,1550237185
14054307287,nizarjeje,5,blu by bca oke banget,enak banget transaksi pakai blu ga ribet,2.12.0,0,2026-05-11T16:27:11-07:00,blu by BCA Digital,blu_bca,app_store,1550237185
14052096115,iwalakabar,5,Best,Gampang transaksi dimana saja,2.12.0,0,2026-05-11T03:23:00-07:00,blu by BCA Digital,blu_bca,app_store,1550237185
14052099167,ydstra12,4,Jaringan,"Tiap pakai network dari XL ga bisa transaksi. Harus pakai Wifi baru bisa login dan transaksi 
Tolong segera perbaiki",2.12.0,0,2026-05-11T03:24:20-07:00,blu by BCA Digital,blu_bca,app_store,1550237185
14051778465,AnderzLau,5,Memuaskan,Mantap,2.12.0,0,2026-05-11T00:50:33-07:00,blu by BCA Digital,blu_bca,app_store,1550237185
14051658947,Indahru,5,Pengalaman,Mudah sekali happy happy,2.12.0,0,2026-05-10T23:49:05-07:00,blu by BCA Digital,blu_bca,app_store,1550237185
14047831083,nugrah28,5,Pembayaran Gagal,"Kenapa sekarang bayar BAF gabisa connect ya, padahal kemarin” bisa jadi lebih mudah",2.12.0,0,2026-05-09T22:55:06-07:00,blu by BCA Digital,blu_bca,app_store,1550237185
14051531001,ronie aveiro,1,Update mulu,Pemaksaan update,2.12.0,0,2026-05-10T22:41:20-07:00,blu by BCA Digital,blu_bca,app_store,1550237185
14050937244,Nnnndaaaaaaa,4,Jaringan,"Loading agak lama ya setelah scan barcode nya, semoga bisa lebih diperbaiki kedepannya",2.12.0,0,2026-05-10T17:56:52-07:00,blu by BCA Digital,blu_bca,app_store,1550237185
14047257984,Tamaro-,5,Super,Keren kali pokok nya. Bakal jadi langganan setia bca aku,2.12.0,0,2026-05-09T18:45:54-07:00,blu by BCA Digital,blu_bca,app_store,1550237185
14044231051,skunnn,5,Bagus,Fitur yg disediakan mantep👍,2.12.0,0,2026-05-09T00:09:04-07:00,blu by BCA Digital,blu_bca,app_store,1550237185
14044288388,Winterbearx,4,Gagal transaksi VA,Lagi urgent malah gagal mulu transaksi ke VA BCA “sepertinya ada yang salah bla bla” tolong diperbaiki deh ini biar ga buang buang waktu,2.12.0,0,2026-05-09T00:36:04-07:00,blu by BCA Digital,blu_bca,app_store,1550237185
14044216020,Muhammad Khairul Fajri,5,Transaksi lebih mudah dan fitur sangat canggih,luarbiasa,2.12.0,0,2026-05-09T00:01:54-07:00,blu by BCA Digital,blu_bca,app_store,1550237185
14044181621,Santo Toyota Cikampek,5,Cashback,Banyak cashbacknya,2.12.0,0,2026-05-08T23:45:31-07:00,blu by BCA Digital,blu_bca,app_store,1550237185
14043310168,Mamah Keicko,5,Bank Digital Favorit untuk Atur Keuangan,Saya Sangat menggunakan aplikasi blu by bca digital karena sangat membantu saya mengatur keuangan saya menjadi lebih rapih dan terencana.,2.12.0,0,2026-05-08T17:08:17-07:00,blu by BCA Digital,blu_bca,app_store,1550237185
14040002152,yudiborland,5,bank nya anak muda,"apk simple, bykin lagi kantong dana nya buat nabung, promo di Medan banyakin dongs n sering2 ya",2.11.20,0,2026-05-07T19:01:36-07:00,blu by BCA Digital,blu_bca,app_store,1550237185
14041243493,Sapa ajs,1,Error face,"Cape banget verfiikasi gagal mulu buka akun, udahlah gk mau daftar jadinya",2.12.0,0,2026-05-08T04:45:05-07:00,blu by BCA Digital,blu_bca,app_store,1550237185
14037038362,Joni Setyono,5,Joni,Mantap,2.11.20,0,2026-05-06T23:28:36-07:00,blu by BCA Digital,blu_bca,app_store,1550237185
14036290884,Ines putri,5,Happy,Good,2.11.20,0,2026-05-06T17:34:31-07:00,blu by BCA Digital,blu_bca,app_store,1550237185
14036530565,Gunawanjdxjxjd,1,PENIPU,"bikin peraturan biaya mengendap, ga info sama sekali tbtb uang udah dipotong, chat cs cuma disuruh cek email padahal udah dicheck gaada masalah bilang email saya yg bermasalah. CS gaada kepedulian sama sekali, buru buru mengakhiri chat",2.11.20,0,2026-05-06T19:15:53-07:00,blu by BCA Digital,blu_bca,app_store,1550237185
14030121372,Erwan817,5,Simple makes Perfect,Menu mudah dipahami dan seamless,2.11.20,0,2026-05-05T00:55:31-07:00,blu by BCA Digital,blu_bca,app_store,1550237185
14033404975,putra22222,1,stuck,"kenapa ya susah buat login, cuma stuck di logo blu,, padahal jaringan aman, saya buka m banking lain lancar lancar saja, mohon diperbaiki minblu",2.11.20,0,2026-05-05T22:50:53-07:00,blu by BCA Digital,blu_bca,app_store,1550237185
14029753984,nyesek banget,5,terblokir terus,"simpan uang di blu buat nabung, tapi setiap mau login sering terblokir jadinya was was terus. pindah ke lain saja, semoga bisa lebih baik yaa",2.11.20,0,2026-05-04T21:49:35-07:00,blu by BCA Digital,blu_bca,app_store,1550237185
14029866179,Andjdjnnfjj,1,JELEK,Aplikasi JELEKKKKK sering bermasalah kalau mau tf,2.11.20,0,2026-05-04T22:46:26-07:00,blu by BCA Digital,blu_bca,app_store,1550237185
14029406464,sherinsptr,5,Good,Good,2.11.20,0,2026-05-04T19:08:40-07:00,blu by BCA Digital,blu_bca,app_store,1550237185
14027047135,AESTN18,5,Kualitas Aplikasi,Sesuai Bintang Penilaian,2.11.20,0,2026-05-04T04:30:50-07:00,blu by BCA Digital,blu_bca,app_store,1550237185
14026232378,nuning tais,5,Transaksi,Cepat proses nya dan slalu lancar,2.11.20,0,2026-05-03T22:04:12-07:00,blu by BCA Digital,blu_bca,app_store,1550237185
14025618124,Outlet 35,5,Keren,Makin keren sekarang pertahankan keamanan data nasabah,2.11.20,0,2026-05-03T17:26:17-07:00,blu by BCA Digital,blu_bca,app_store,1550237185
14023282679,MujaErs,5,👍🏾👍🏾👍🏾,berasa kya sosmed buka appnya 👍🏾,2.11.20,0,2026-05-03T03:36:35-07:00,blu by BCA Digital,blu_bca,app_store,1550237185
14025331217,._.9,4,Bug,"Daftar (nomor) rekening yg tidak mau dipakai lagi sudah dihapus tapi ternyata riwayat nomor rekening itu masih muncul di menu transfer.
Harapan setelah hapus daftar itu tidak muncul lagi ketika di menu transfer. Terima kasih",2.11.20,0,2026-05-03T15:22:00-07:00,blu by BCA Digital,blu_bca,app_store,1550237185
14018428332,Nn. Vee,5,Blue,Sejauh ini nyaman.,2.11.20,0,2026-05-01T18:46:57-07:00,blu by BCA Digital,blu_bca,app_store,1550237185
14020204149,Dy Annisa,4,Lagi sering lemot,"Sudah seminggu belakangan ini lagi lemot banget. Transfer dan qris sering gagal mulu, padahal sudah 2 tahunan pake ga pernah ada masalah. Kirain karena belum update atau masalah sinyal, tapi ternyata setelah update dan pake wifi juga sama aja. Tolong diperbaiki ya. Thanks.",2.11.20,0,2026-05-02T07:05:03-07:00,blu by BCA Digital,blu_bca,app_store,1550237185
14019041667,Araraei,2,Masalah aplikasi,"Sering sekali susah dibuka padahal jaringan aman, kadang tbtb salah password dan harus reset. Muter-muter terus padahal buka banking lain aman ajaa. Gangerti deh kenapa gini terus :( mau top up e wallet ajaa seringnya lama bgt. Tolong diperbaiki lagi yaa. Thank you",2.11.20,0,2026-05-01T23:24:41-07:00,blu by BCA Digital,blu_bca,app_store,1550237185
14016708249,Jennifer_hrtno,5,best but,"need improvments, but still good.",2.11.20,0,2026-05-01T07:59:26-07:00,blu by BCA Digital,blu_bca,app_store,1550237185
14017013467,ipin88888,3,"sistem semakin banyak bug,","contohnya mau payment qris selalu ngelag & muter padahal sinyal penuh. kedua kalo tf ke bank lain (se*bank) nominal diatas minimal tf keterangannya selalu min.0 transaksi ke bank lain, padahal tfnya cth 50/200 tapi merah terus gabisa tf",2.11.20,0,2026-05-01T09:36:34-07:00,blu by BCA Digital,blu_bca,app_store,1550237185
14013165893,Echacool,5,Nyaman Bagus Lucu Reliable,"Sudah ok, enak dipake untuk transaksi sehari hari",2.11.20,0,2026-04-30T08:40:11-07:00,blu by BCA Digital,blu_bca,app_store,1550237185
14013508536,yayayyyyytshsfgsjs,1,gjls,apk lemot stiap mau msuk lama gbisa msuk,2.11.20,0,2026-04-30T10:38:01-07:00,blu by BCA Digital,blu_bca,app_store,1550237185
14012472964,Gelindard,5,Sangat puas,"Sejauh ini memuaskan, apalagi ga ada biaya admin. Top deh pokoknya",2.11.20,0,2026-04-30T04:52:00-07:00,blu by BCA Digital,blu_bca,app_store,1550237185
14012451585,bellowyers,5,Blue ok banget!,Sudah lama pakai blu bener” lancar n mulus banget hehehe! 🫶🏻🫶🏻,2.11.20,0,2026-04-30T04:44:15-07:00,blu by BCA Digital,blu_bca,app_store,1550237185
14012075521,HIS Regar,5,Gampang,East to use,2.11.20,0,2026-04-30T02:06:26-07:00,blu by BCA Digital,blu_bca,app_store,1550237185
14011388758,Bruce10897,5,Transaksi cepat,"Saya sangat suka pake aplikasih bank ini. Karena transfer antar bank sangat nyaman dan cepat dan juga sangat murah,papa mama pasti bangaa",2.11.20,0,2026-04-29T20:19:25-07:00,blu by BCA Digital,blu_bca,app_store,1550237185
14011283207,Aldi Reza Ayun,5,Aplikasi mantap,"sangat mantap dan enak dilihat ui ux nya, fitur fitur gampang diakses",2.11.20,0,2026-04-29T19:30:57-07:00,blu by BCA Digital,blu_bca,app_store,1550237185
14010843729,yeyen21,5,Diperbaiki lagi,"Bagus , tapi suka hang ....",2.11.20,0,2026-04-29T16:21:07-07:00,blu by BCA Digital,blu_bca,app_store,1550237185
14010723637,HERY ANUGRAH,5,Terbaik aplikasi,Terbaik tergagah,2.11.20,0,2026-04-29T15:28:39-07:00,blu by BCA Digital,blu_bca,app_store,1550237185
14009983197,-wjtk,1,Tidak bisa login,Sy tidak bisa login ke aplikasinya. Sudah pakai android dan ios melalui scan wajah namun tetap tidak bisa masuk ke akun sy,2.11.20,0,2026-04-29T10:37:24-07:00,blu by BCA Digital,blu_bca,app_store,1550237185
14009235397,kazansky94,5,Kereen,Top mantap is the best,2.11.20,0,2026-04-29T06:25:22-07:00,blu by BCA Digital,blu_bca,app_store,1550237185
14008974627,Rikaaaaa16,5,Good application,Oke banget keren aplikasinya sangat memudahkan untuk nabung,2.11.20,0,2026-04-29T04:55:06-07:00,blu by BCA Digital,blu_bca,app_store,1550237185
14008747554,Soiebdujebd,5,Mantapp,Jangan di ragukan lagii!!!,2.11.20,0,2026-04-29T03:25:36-07:00,blu by BCA Digital,blu_bca,app_store,1550237185
14005059979,Eliza Qotrunnadza,5,Kelebihan pakai blu bca,"Transaksi nyaman aman, ada kartu atm jadi bisa ambil di mana aja, tabungan bisa di pisah"" sesuai kebutuhan, selalu bebas adm",2.11.20,0,2026-04-28T01:15:15-07:00,blu by BCA Digital,blu_bca,app_store,1550237185
14006949421,Sismedi,1,Paling engga jelas aplikasih tolol,"Kaga jelas ini polonya
Sumpah dah klo bisa gua blokir
Gua blokir nih apk taheee",2.11.20,0,2026-04-28T13:17:12-07:00,blu by BCA Digital,blu_bca,app_store,1550237185
14004756703,Komang1,5,Optional,"Selama penggunaan belum ada keluhan dan banyak gratisnya untuk transfer ke bank lain, makasi",2.11.20,0,2026-04-27T22:29:26-07:00,blu by BCA Digital,blu_bca,app_store,1550237185
14004655963,Ochayew,5,I love you bluuu,Aku pakai blu dari 2023 secinta itu aku sama bluu dari awal pake ga pernah ada cacat,2.11.20,0,2026-04-27T21:34:58-07:00,blu by BCA Digital,blu_bca,app_store,1550237185
13998961051,pcr kaemin,5,thankful for blue,i’m so grateful for my bludugital.. WKWKWK buat pelajar kaya aku ini bener bener MEMBANTUU BANGETT!! so thankful🤍🫰🏻🫶🏻,2.11.20,0,2026-04-26T06:24:34-07:00,blu by BCA Digital,blu_bca,app_store,1550237185
14002136596,xolonopi,4,Update aplikasi ga bisa ditunda ya,Sebenernya suka banget tapiiii kalau update app ga bisa ditunda. Jadi pas mau bayar ternyata ada update aplikasi dan harus diupdate saat itu juga ga bisa tunda. Jadi depan kasir mesti update aplikasi dulu. Ya kalo sinyal bagus dan cepet. Kalo gak? Terpaksa bayar pake cara lain :(,2.11.20,0,2026-04-27T04:51:24-07:00,blu by BCA Digital,blu_bca,app_store,1550237185
14001567878,hayakahsk,1,APK TAI,gaada sebab akibat akun malah ke blokir anjir lah nyusahin aja,2.11.20,0,2026-04-27T00:21:20-07:00,blu by BCA Digital,blu_bca,app_store,1550237185
13998316311,Lyaeee,5,Sangat membantu,Apk'y bagus sangat mempermudah transaksi,2.11.20,0,2026-04-26T02:04:26-07:00,blu by BCA Digital,blu_bca,app_store,1550237185
13993858419,noniwul,5,biaya transfer,selalu gratis makasih blu,2.11.20,0,2026-04-24T19:01:53-07:00,blu by BCA Digital,blu_bca,app_store,1550237185
13998106614,apaansihtot,4,kenapa qris bayar hilang?,"serius mau tanya, kenapa fitur qris bayar dihilangkan? kemarin mau belanja jadi malu gara gara gabisa bayar pake blu, bujangenam. tolong balikin itu fitur, ni aplikasi udah mantep, kalo tuh fitur satu hilang lagi, wah sip ma babami te ma allang",2.11.20,0,2026-04-26T00:27:08-07:00,blu by BCA Digital,blu_bca,app_store,1550237185
13991350539,Allysa Allena Putri,5,Penilaian blu bca dari aku,Mudah banget selama pake blu bca ini jadi slalu gercep👍🏻,2.11.20,0,2026-04-24T02:51:48-07:00,blu by BCA Digital,blu_bca,app_store,1550237185
13987809212,pleasedirespon,5,Responsive app,Saya pengguna ip 2016 aplikasinya masih belum responsive/menyesuaikan mintol kak hehe terima kasih,2.11.20,0,2026-04-23T01:19:52-07:00,blu by BCA Digital,blu_bca,app_store,1550237185
13988588827,babiiiiiiiiiiiiiiiiii00,1,apk burik,susah login diperangkat baru verifikasi wajah gagal terus,2.11.20,0,2026-04-23T06:40:59-07:00,blu by BCA Digital,blu_bca,app_store,1550237185
13987630324,keonholmes,5,LOVE BGT SM BLU,sumpah ini app love u so much,2.11.20,0,2026-04-22T23:43:13-07:00,blu by BCA Digital,blu_bca,app_store,1550237185
13987044119,irinregina,5,Good apps,Good,2.11.10,0,2026-04-22T18:44:06-07:00,blu by BCA Digital,blu_bca,app_store,1550237185
13987577119,RMDSW,3,Kendala QRIS dan Log In Biometrik,Sering banget log in biometrik off sendiri padahal settingnya ga diubah2. Kalo lagi minim sinyal loading QRIS lama. Bahkan proses QRIS tanpa log in dengan log in bisa beda waktu prosesnya. Semoga bisa lebih smooth prosesnya. Overall fiturnya sangat baik dan membantu untuk keuangan digital seperti saat ini.,2.11.20,0,2026-04-22T23:14:48-07:00,blu by BCA Digital,blu_bca,app_store,1550237185
13987451497,S.Hafiz,2,Error,"Sering malu maluin pas mau bayar gagal, meski udah ganti signal",2.11.20,0,2026-04-22T22:06:22-07:00,blu by BCA Digital,blu_bca,app_store,1550237185
13983973549,Dadang andrianto,5,Ok bnget,Good sangat membantu per transaksi,2.11.10,0,2026-04-21T22:22:38-07:00,blu by BCA Digital,blu_bca,app_store,1550237185
13980700377,Mertayasa805,5,gud job,cepet bgt transaksinya tambahin bonusnya donk,2.11.10,0,2026-04-20T23:23:33-07:00,blu by BCA Digital,blu_bca,app_store,1550237185
13981292643,Egapw10,4,Sedikit lemot,Kurang satset kalau buka awal aplikasi,2.11.10,0,2026-04-21T04:18:00-07:00,blu by BCA Digital,blu_bca,app_store,1550237185
13980624664,ig : iniwayan,5,Keren,Bagus,2.11.10,0,2026-04-20T22:41:34-07:00,blu by BCA Digital,blu_bca,app_store,1550237185
13980698155,Ran tel,1,Jangan,Jangan di pakai,2.11.10,0,2026-04-20T23:22:17-07:00,blu by BCA Digital,blu_bca,app_store,1550237185
13979730399,Vamvammm,5,I LOVE BLUEEE,"Suka bgtt sama blue, jadi gampang buat pisahin uang utk pocket harian, yg nyipatain blu smpga masuk surga",2.11.10,0,2026-04-20T15:36:22-07:00,blu by BCA Digital,blu_bca,app_store,1550237185
13979688179,mbak marcel,5,coba tf ke bank lain gratis seperti dulu,mantap,2.11.10,0,2026-04-20T15:17:16-07:00,blu by BCA Digital,blu_bca,app_store,1550237185
13973586235,SABRINA KECE,5,gokil,gokil mana gokil,2.11.0,0,2026-04-18T22:37:59-07:00,blu by BCA Digital,blu_bca,app_store,1550237185
13974214656,ayyibb,1,tidak bisa terbuka,"meski jaringan normal, aplikasi tidak bisa terbuka, sangat mengganggu",2.11.10,0,2026-04-19T03:22:59-07:00,blu by BCA Digital,blu_bca,app_store,1550237185
13973524567,Alvinasbk,5,Sangat user friendly,Susah 3 tahun pakai blu makin lama makin suka.,2.11.0,0,2026-04-18T22:08:12-07:00,blu by BCA Digital,blu_bca,app_store,1550237185
13973101151,ari_indra,5,Bagus,"Okey juga sih untuk pembayaran sehari2, lebih banyakin promo lagi ya",2.11.0,0,2026-04-18T19:00:08-07:00,blu by BCA Digital,blu_bca,app_store,1550237185
13973010232,sbr 150,5,blu mudah cepat hemat,"terimakasih blu, dalam setiap transaksi selalu cepat, mudah dan sdh terkoneksi dg app lainnya.",2.11.0,0,2026-04-18T18:22:46-07:00,blu by BCA Digital,blu_bca,app_store,1550237185
13970018130,xyzyamelia,5,Blu BCA oke,"bagus,selalu dpt potongan biaya admin jd transfer ke banyak bank jd dikenain admin 

bisa buat nabung juga,bisa buat budgeting juga pokok nya mantap",2.11.0,0,2026-04-17T23:36:15-07:00,blu by BCA Digital,blu_bca,app_store,1550237185
13970456547,R66666678,1,Daftar,Verifikasi wajah nya susah bgt,2.11.0,0,2026-04-18T02:53:48-07:00,blu by BCA Digital,blu_bca,app_store,1550237185
13969923038,Asyafilla,5,Ok banget,Ok banget buat jajan kenangan,2.11.0,0,2026-04-17T22:51:41-07:00,blu by BCA Digital,blu_bca,app_store,1550237185
13969920503,Dlixy11,5,Terbaik,Tidak lemot dan sat set,2.11.0,0,2026-04-17T22:50:29-07:00,blu by BCA Digital,blu_bca,app_store,1550237185
13969782214,Anisa Muna,5,menarik,UI dan UX menarik dan mudah digunakan,2.11.0,0,2026-04-17T21:44:37-07:00,blu by BCA Digital,blu_bca,app_store,1550237185
13966182160,kiki hartono,5,Best,"Sangat membantu sekali ,, love it ,, thanks u bca ❤️❤️",2.11.0,0,2026-04-16T21:39:33-07:00,blu by BCA Digital,blu_bca,app_store,1550237185
13969170193,digital blu,3,masalah,di suruh update tapi lama bgttt ya bahkann ga maju2 saya mau transaksi ada aja ni blu kmren harus gnti sandii skrng update mana lama,2.11.0,0,2026-04-17T17:24:44-07:00,blu by BCA Digital,blu_bca,app_store,1550237185
13966415723,Sinta Angg,3,Qris susah,"knpa gabisa bayar dari screenshootan qris, jadi aku haru tf dulu ke bank lain padahal uang nya di blu, trus kadang susah dibuka jg tolong lah diperbaiki",2.11.0,0,2026-04-16T23:42:06-07:00,blu by BCA Digital,blu_bca,app_store,1550237185
13966040197,Jietam,5,Suka blue,Selalu suka pake aplikasi blue untuk simpan uang harian mudah penggunaannya,2.11.0,0,2026-04-16T20:28:17-07:00,blu by BCA Digital,blu_bca,app_store,1550237185
13963069578,Namaku ranii,5,Sangat puas,Selalu jadi yg terbaik blu bca digital🫶🏻,2.11.0,0,2026-04-16T00:39:28-07:00,blu by BCA Digital,blu_bca,app_store,1550237185
13966010763,fdshly,4,keluhan,terlalu sering update aplikasi,2.11.0,0,2026-04-16T20:13:59-07:00,blu by BCA Digital,blu_bca,app_store,1550237185
13964386704,bnsyhb,3,tentang update aplikasi,"di update beberapa kali gabisa sampe dijeda di lanjutkan lagi dijeda lagi di lanjutkan lagi dan mengulangi hal yg sama tetep gabisa ke update, capek juga sama blu ini gaada costumer service nya😭",2.11.0,0,2026-04-16T09:11:12-07:00,blu by BCA Digital,blu_bca,app_store,1550237185
13964116230,Premana02,1,"Ga jelas uang tiba tiba hilang, di transaksi tidak ada catatan",Aneh,2.11.0,0,2026-04-16T07:40:38-07:00,blu by BCA Digital,blu_bca,app_store,1550237185
13963351363,siapaakuuuw,4,gabisa update,ini gimana disuruh update tapi udah dicoba berkalikali gabis,2.11.0,0,2026-04-16T03:04:32-07:00,blu by BCA Digital,blu_bca,app_store,1550237185
13963188000,Jemmy08,3,Update Blu,"Akhir” ini pake Blu sering ngecewain, minta update terus, pas di update lama, terus juga kalau minta update versi baru gpp, asal versi lama minimal bisa dibuka atau akses dulu, ini sama sekali gak bisa di buka. Jd kalau mau pake gimana?, harusnya setiap update versi gak mempersulit transaksi.",2.11.0,0,2026-04-16T01:43:01-07:00,blu by BCA Digital,blu_bca,app_store,1550237185
13962939713,halaaaahu,5,I love it,"as a younger milenial & early gen z, adanya blu ini bener2 helpful buat kita atur keuangan. so easy to use, UI UX nya juga ok🤍 sampe rekom semua org aku kenal supaya pake ini hehe",2.11.0,0,2026-04-15T23:29:03-07:00,blu by BCA Digital,blu_bca,app_store,1550237185
13963048176,AndreJackal,3,Membagongkan,"Tanggal 16 April 2026 mau buka aplikasi ga bisa diwajibkan update, tapi update ga bisa didownload.",2.11.0,0,2026-04-16T00:27:47-07:00,blu by BCA Digital,blu_bca,app_store,1550237185
13962897201,badaktmnsafari,5,update,"sepertinya kalo mau update ga harus langsung wajib saat itu juga atau tanpa pemberitahuan:(, aku lagi di tempat yg jelek signal nya and pas mau pake blu untuk transaksi tbtb harus update tanpa pemberitahuan apapun, dan gabisa dipake kalo ga di update , akhirnya harus tunggu update baru bisa transaksasi.",2.11.0,0,2026-04-15T23:05:57-07:00,blu by BCA Digital,blu_bca,app_store,1550237185
13962840356,Zvrxxss24,5,"bagus bangett , rekomendedd",🖤,2.11.0,0,2026-04-15T22:34:37-07:00,blu by BCA Digital,blu_bca,app_store,1550237185
13962671668,Bהrbהtos,5,yang bener???,yang bener nunggu update blue tuh nungguin jodoh?,2.11.0,0,2026-04-15T21:06:23-07:00,blu by BCA Digital,blu_bca,app_store,1550237185
13959224544,Rizone20,5,Very good,Aplikasi nya sangat membantu sekali untuk transaksi.,2.11.0,0,2026-04-14T21:04:01-07:00,blu by BCA Digital,blu_bca,app_store,1550237185
13959072031,Salsabilaindrastuti,5,Sukaaa banget sm bank digital ini,Sangat membantu untuk mengatur keuangan,2.11.0,0,2026-04-14T19:48:15-07:00,blu by BCA Digital,blu_bca,app_store,1550237185
13958968369,David Tarigan,5,Terbaik,So far happy banget sama blu. Yang pengen banget di perbaiki limit tap supaya bisa fleksibel. Kadang suka susah diatur limitnya. Krn terkadang butuh lebih dari 1jt apalagi ketika tap diluar negri utk connecting ke rekening valas. Selain itu so far oke semua.,2.11.0,0,2026-04-14T19:00:47-07:00,blu by BCA Digital,blu_bca,app_store,1550237185
13958800403,muaszzzz,5,🌹🌹,gokil ga ada admin coyy,2.11.0,0,2026-04-14T17:46:59-07:00,blu by BCA Digital,blu_bca,app_store,1550237185
13957348322,almecan,5,keren,mantep bgt,2.11.0,0,2026-04-14T08:14:29-07:00,blu by BCA Digital,blu_bca,app_store,1550237185
13955702123,Alslxmdnd,5,PROMO CASHBACK!,"Promo cashback dengan tenant sangat banyak dan saldo cashback bisa langsung masuk real time, SUKAKK!",2.11.0,0,2026-04-13T20:14:38-07:00,blu by BCA Digital,blu_bca,app_store,1550237185
13955655826,schhrrr,5,Anak Muda Banget,"Uda pake Blu dari awal launching sofar aplikasinya oke banget, UInya jga kekinian, User Journey jga oke. Banyak kebutuhan yang bisa diakses di Blu. Hopefully makin banyakk fiturnya ya!",2.11.0,0,2026-04-13T19:52:27-07:00,blu by BCA Digital,blu_bca,app_store,1550237185
13955583877,Ari Permadi,5,Nice,Tingkatkan,2.11.0,0,2026-04-13T19:19:13-07:00,blu by BCA Digital,blu_bca,app_store,1550237185
13955581875,zzbadreview,5,Best Digital Banking,"blu by BCA Digital is one of the best digital banking apps i've used. 
The interface is clean, modern, and very easy to navigate, even for first time users. Account opening is fast, features are well thought out, and everything works smoothly. I really appreciate the seamless transfers, flexible savings tools, and clear transaction history. Security feels solid, and customer support has been reponsive whenever i needed help. Overall, blu makes everyday banking simple, efficient, and stress free. 
Highly recommended!",2.11.0,0,2026-04-13T19:18:21-07:00,blu by BCA Digital,blu_bca,app_store,1550237185
13955577312,arno960,5,Sangat memudahkan transaksi,Blu dengan fitur qris tanpa pin sangat memudahkan dalam bertransaksi yang satset,2.11.0,0,2026-04-13T19:16:22-07:00,blu by BCA Digital,blu_bca,app_store,1550237185
13955566589,tteerree7512,5,Thank you blu,Mudah digunakan dan membantu kelola keuangan,2.11.0,0,2026-04-13T19:11:28-07:00,blu by BCA Digital,blu_bca,app_store,1550237185
13953496622,Sevipsari,5,Rekomen,"Bagus udah 2 tahun pakai alhamdulillah aman2 aja, kalau ada kendala fast respone adminya",2.11.0,0,2026-04-13T05:55:21-07:00,blu by BCA Digital,blu_bca,app_store,1550237185
13950432777,maya ummu akmal,5,Happy banget pake blu,"Blu aplikasinya sangat mudah digunakan dan cepat,jarang sekali error
Mdh2an ke depannya sdh ga pernah error lagi ya",2.10.20,0,2026-04-12T08:14:58-07:00,blu by BCA Digital,blu_bca,app_store,1550237185
13952208899,ajaoanan,4,lelet,suka loading lama banget setelah masukin pin,2.10.20,0,2026-04-12T19:38:35-07:00,blu by BCA Digital,blu_bca,app_store,1550237185
13950842559,Lulumewlon,1,Video call dgn tim halo blu lama,Lama bgt gk diangkat” atleast kasih tau estimasi waktu deh atau antrian gitu kan jadi jelas ini nunggu doang gk tau bakal diangkat atau engga,2.10.20,0,2026-04-12T10:25:11-07:00,blu by BCA Digital,blu_bca,app_store,1550237185
13950509719,ElsaJels,1,Verifikasi wajah,"Susah bener mau masuk akunnya lagi kudu verif wajah yg gagal terus
Bukannya mempermudah malah mempersulit",2.10.20,0,2026-04-12T08:38:45-07:00,blu by BCA Digital,blu_bca,app_store,1550237185
13948914836,YuanPutri,5,Susah login,Tolong dioptimalkan ketika sinyal sedikit susah login. Padahal di mbanking bank lain bisa login dan transfer dengan sinyal yang sama. Itu aja. Overall bagus👍🏼,2.10.20,0,2026-04-11T22:04:57-07:00,blu by BCA Digital,blu_bca,app_store,1550237185
13949943133,rivanb,4,Good Digital Bank,"User-friendly, fitur banyak, bunga tabungan lumayan, gratis transfer bank lain, tapi tidak gratis tarik tunai ATM bank lain.",2.10.20,0,2026-04-12T05:38:16-07:00,blu by BCA Digital,blu_bca,app_store,1550237185
13946063373,NASRUL TRADEPRENEUR,5,RATE BLU BCA,"Aplikasi E banking terbaik, simple, mudah untuk bertransaksi & yang paling saya suka adalah KARTU DEBIT GARUDA INDONESIA yang jauh lebih memudahkan dalam urusan pembayaran 😘",2.10.20,0,2026-04-11T04:13:51-07:00,blu by BCA Digital,blu_bca,app_store,1550237185
13946422023,rama bawrez,4,DESKRIPSI TIAP TRANSAKSI,"tolong banget tambahin fitur deskripsi di setiap transaksi top up ewallet, jangan cuma bisa di transfer rekening doang, plisss itu bisa ngebantu bgtt",2.10.20,0,2026-04-11T06:19:15-07:00,blu by BCA Digital,blu_bca,app_store,1550237185
13945324987,Achi Aliah,5,Female,Nice,2.10.20,0,2026-04-10T22:40:19-07:00,blu by BCA Digital,blu_bca,app_store,1550237185
13942636019,Icha alfisah,5,Good,Easy to use,2.10.20,0,2026-04-10T05:27:20-07:00,blu by BCA Digital,blu_bca,app_store,1550237185
13944924358,grc93999,4,qris dari gallery,"tombol gallery gak aktif, jadi gak bisa scan yang ad di gallery",2.10.20,0,2026-04-10T19:33:26-07:00,blu by BCA Digital,blu_bca,app_store,1550237185
13942247404,bilaakhs,5,keren,"apk yg sangat membantu bgtt buat nabung karna di sediakan blu saving, sukses terus yaa",2.10.20,0,2026-04-10T02:56:17-07:00,blu by BCA Digital,blu_bca,app_store,1550237185
13942356240,Magg.Dw,4,Source of Fund - Card,"Halo team Blu

Kan ada fitur sub account BluSpending, tapi transaksi kartu baik kartu virtual dan fisik terpotongnya ke main BluAccount, jadi nya dana yg dikhususkan untuk spending malah akhirnya bukan untuk spending. Coba sumber dana kartu di kasih pilihan dari BluSpendingnya. Thanks",2.10.20,0,2026-04-10T03:43:21-07:00,blu by BCA Digital,blu_bca,app_store,1550237185
13942157381,Didudddddd,5,I like it,Mantap banget buat gen z,2.10.20,0,2026-04-10T02:14:43-07:00,blu by BCA Digital,blu_bca,app_store,1550237185
13942079238,7648486,5,good,good,2.10.20,0,2026-04-10T01:36:51-07:00,blu by BCA Digital,blu_bca,app_store,1550237185
13942026595,najnayy,5,psangat helpful,proses transaksi cepat dan mudahh,2.10.20,0,2026-04-10T01:10:37-07:00,blu by BCA Digital,blu_bca,app_store,1550237185
13937765287,Skolawarevelin,5,Rekomended,"Jujur ini memudahkan segala sesuatu, trf antar bank free admin tapi kalo ke walet ada amin but itsokay🫶🏻",2.10.20,0,2026-04-08T19:15:44-07:00,blu by BCA Digital,blu_bca,app_store,1550237185
13935921686,Furina Resing,5,"Aplikasi Ringan, Selalu Up To Date","Sesuai deskripsi saja. Aplikasi ringan, nabung mudah, up to date",2.10.20,0,2026-04-08T07:32:37-07:00,blu by BCA Digital,blu_bca,app_store,1550237185
13937274932,Teteh uwi,3,Tombol log out,Tombol log out ribet mesti scroll ke bawah. Tlg dibuat spt mybca yg tombol log out mudah,2.10.20,0,2026-04-08T15:47:26-07:00,blu by BCA Digital,blu_bca,app_store,1550237185
13935517007,jaimjojo,5,Apps ok,Apps user friendly,2.10.20,0,2026-04-08T05:21:01-07:00,blu by BCA Digital,blu_bca,app_store,1550237185
13935074008,sriayurindani,5,happy,suka bgt pake blu. karena dana bisa di pos pos kan. jd ga perlu hrs punya beberapa bank. cukup 1 ini aja untuk mengatur keuangan..,2.10.20,0,2026-04-08T02:20:29-07:00,blu by BCA Digital,blu_bca,app_store,1550237185
13932797431,ikiae lha,5,memudahkan,sangat membantu untuk aktivitas pembayaran,2.10.20,0,2026-04-07T09:44:56-07:00,blu by BCA Digital,blu_bca,app_store,1550237185
13932066426,Vincentgnwn,5,Blu terbaik,Salah satu digital bank yang paling oke dengan benefit yang lumayan bagus,2.10.20,0,2026-04-07T05:44:12-07:00,blu by BCA Digital,blu_bca,app_store,1550237185
13931300509,Ersand15,5,Kereeeen,"Makin asik aja blu ini,, gampang untuk ini itu dan ga ribet
Terima kasih blu",2.10.20,0,2026-04-07T00:02:46-07:00,blu by BCA Digital,blu_bca,app_store,1550237185
13930956719,marina berlian,5,Pos keuangan lebih mudah,Fitur pos keuangan di Blu jadi bikin makin mudah untuk membagi kebutuhan dari tabungan.,2.10.20,0,2026-04-06T21:00:11-07:00,blu by BCA Digital,blu_bca,app_store,1550237185
13931224362,Farah Anjanisa,4,Blu Spending,"bantu banget buat pisahin uang, dan bisa langsung scan aja dari blu speding kalo mau bayar, praktiss",2.10.20,0,2026-04-06T23:21:34-07:00,blu by BCA Digital,blu_bca,app_store,1550237185
13928362290,karen may angelina,5,bank,sangat mudah di gunakan,2.10.20,0,2026-04-06T04:31:31-07:00,blu by BCA Digital,blu_bca,app_store,1550237185
13928202702,Titania anggriani,5,Free admin untuk topup e-wallet,Sangat recommend,2.10.20,0,2026-04-06T03:25:49-07:00,blu by BCA Digital,blu_bca,app_store,1550237185
13926926086,Tifani Mega,5,Transfer ke semua bank,Happy sekali pakai blu by bca digital mau transaksi kemana pun mudah sekali,2.10.20,0,2026-04-05T17:25:22-07:00,blu by BCA Digital,blu_bca,app_store,1550237185
13928170194,rosalinavega,4,Mantap,Buat cadangan simpen duit okelah,2.10.20,0,2026-04-06T03:11:30-07:00,blu by BCA Digital,blu_bca,app_store,1550237185
13927350433,Stefanny5119,1,Terlalu sering bug,"Kadang stuck ngeload doang, sekarang malah mau transfer tp error. Masa ada validasi error di nominal transfernya ngaco, input nominal bener tapi malah error: minimal 0rp - 0rp maksudnya apa coba?. Ini aplikasi di test dulu gak sih sebelum launch ke prod?!
Ini aplikasi penting loh buat orang2, financee!! 
Jangan balas template doang, suruh developernya cek langsung",2.10.20,0,2026-04-05T20:30:30-07:00,blu by BCA Digital,blu_bca,app_store,1550237185
13925234526,Rohmadi soleh,5,Review,Mantapp,2.10.20,0,2026-04-05T06:49:54-07:00,blu by BCA Digital,blu_bca,app_store,1550237185
13924319925,rhmnnn28,5,sudah 3 tahun pake,mantap,2.10.20,0,2026-04-05T00:32:15-07:00,blu by BCA Digital,blu_bca,app_store,1550237185
13923416945,yulininixx,5,blu bca,sangat bagus gratis tf ke semua bank,2.10.20,0,2026-04-04T17:38:00-07:00,blu by BCA Digital,blu_bca,app_store,1550237185
13922068637,tyantikk,5,Happyyy,"Jujurrr sukaa bgtt pake Blu BCA inii, ga ada admin perbulan, fiturnya lengkap bgt lagii, mau buat nabung jg oke bgt!! SYUKAAA❤️",2.10.20,0,2026-04-04T08:59:08-07:00,blu by BCA Digital,blu_bca,app_store,1550237185
13921315347,Anggarahman,5,Good,Alr used blu for 2 years and so far so good,2.10.20,0,2026-04-04T05:01:49-07:00,blu by BCA Digital,blu_bca,app_store,1550237185
13921268442,"Kania,",5,Memuaskan,Selalu nyaman pake blu walau freenya sudah berkurang tp overall masih jd mobile banking fav aku,2.10.20,0,2026-04-04T04:44:32-07:00,blu by BCA Digital,blu_bca,app_store,1550237185
13920888149,rifkaramadani,5,Puas,sangat membanti dalam bertransaksi dan menabung,2.10.20,0,2026-04-04T02:04:37-07:00,blu by BCA Digital,blu_bca,app_store,1550237185
13920591476,Pemain saham pemula,5,Review,"Punya kantong2 dan dapet bunga, bagus bet",2.10.20,0,2026-04-03T23:49:49-07:00,blu by BCA Digital,blu_bca,app_store,1550237185
13916398819,Deglut,5,Good,Good,2.10.20,0,2026-04-02T19:55:24-07:00,blu by BCA Digital,blu_bca,app_store,1550237185
13916597684,D. Sr,1,Keluhan,"Bank di gital satu satunya yang bawa nama bank induk nya “blu by BCA Digital”,tapi tf dri bca bayar,setor tunai di atm bca bayar intinya dia beda dari bca tapi pakai nama bca,karna apa2 bayar,walaupun ada nama BCA di apk nya.
Kalau mau bersaing harusnya di perbaiki.",2.10.20,0,2026-04-02T21:30:19-07:00,blu by BCA Digital,blu_bca,app_store,1550237185
13916476793,Fitlemurns,1,Aplikasi belum siap digunakan,"Mau login aja susah , muter muter mulu jaringan 5G hingga pakai wifi tidak kunjung login, serta pembayaran Qris Muter kubus mulu , perbaiki aplikasi nya serta koneksi nya",2.10.20,0,2026-04-02T20:31:19-07:00,blu by BCA Digital,blu_bca,app_store,1550237185
13916168467,dikkasz,5,Praktis,Suka sama blu bca🫶🏻,2.10.20,0,2026-04-02T18:16:20-07:00,blu by BCA Digital,blu_bca,app_store,1550237185
13915985727,Elvira Adelya Putri,5,Blu,Canggih bgt ada pocketnya jadi bisa nabung sesuai kebutuhan,2.10.20,0,2026-04-02T16:58:32-07:00,blu by BCA Digital,blu_bca,app_store,1550237185
13914581471,Milathung,5,SELALU PUAS SAMA BCA,"BCA TUH KEK SURGA DUNIA BANGET, MEMUDAHKAN SEMUA MANUSIA TRANSAKSI, PLIS MASUK SURGA 😭",2.10.20,0,2026-04-02T08:09:04-07:00,blu by BCA Digital,blu_bca,app_store,1550237185
13914195174,Joshua William Wondiwoy,5,Blu,Very good,2.10.20,0,2026-04-02T06:07:10-07:00,blu by BCA Digital,blu_bca,app_store,1550237185
13913799726,natashapandhega,5,"Seamless, mudah digunakan",Digital bank yang ga neko-neko. Mudah digunakan..,2.10.20,0,2026-04-02T03:45:09-07:00,blu by BCA Digital,blu_bca,app_store,1550237185
13913613514,Rbmnjgophgh,5,Thanks BLU,Secinta itu pake BLU. Transfer gratis. Bunga depositonya lumayan.,2.10.20,0,2026-04-02T02:23:24-07:00,blu by BCA Digital,blu_bca,app_store,1550237185
13913450601,Silviatanjung,5,Memuaskan,Transaksi mudah sekali dan cepat,2.10.20,0,2026-04-02T01:04:53-07:00,blu by BCA Digital,blu_bca,app_store,1550237185
13912965188,Hary988,5,Rekomendasi Banget,Sangat memuaskan dan pelayanannya sangat bagus,2.10.20,0,2026-04-01T21:01:51-07:00,blu by BCA Digital,blu_bca,app_store,1550237185
13912669962,suryadi susanto,5,blu,nice,2.10.20,0,2026-04-01T18:48:59-07:00,blu by BCA Digital,blu_bca,app_store,1550237185
13910398786,Bukitoka,5,Nice app!,Nice app for savings and daily use,2.10.20,0,2026-04-01T05:11:30-07:00,blu by BCA Digital,blu_bca,app_store,1550237185
13908993322,nadyaayu,5,bermanfaat,"mudah digunakan, dan ber bunga untuk blu savingnya",2.10.20,0,2026-03-31T18:53:11-07:00,blu by BCA Digital,blu_bca,app_store,1550237185
13908848574,zeydan2012,5,Good,Good,2.10.20,0,2026-03-31T17:56:21-07:00,blu by BCA Digital,blu_bca,app_store,1550237185
13906508961,myanis2004,5,Blu ok,Practice sekali dan simple,2.10.10,0,2026-03-31T03:58:42-07:00,blu by BCA Digital,blu_bca,app_store,1550237185
13906112230,Oliviaa marta,5,Baik,Memuaskan,2.10.10,0,2026-03-31T00:53:37-07:00,blu by BCA Digital,blu_bca,app_store,1550237185
13905716947,Joaoqnbdsh18337,5,Top,Mantab,2.10.10,0,2026-03-30T21:25:12-07:00,blu by BCA Digital,blu_bca,app_store,1550237185
13905265248,tahuyy,5,keren buat pelajar,sangat recommended,2.10.10,0,2026-03-30T17:56:55-07:00,blu by BCA Digital,blu_bca,app_store,1550237185
13905634329,Secsiandy,1,QRIS saldo tidak masuk,"Ada yg pernah ngalamin gak? Bayar via QRIS saldo tidak masuk ke penjual? Hingga 2x saldo kesedot. Buat laporan via call tunggu 10 hari gak ada info, malah cek laporan katanya reset password???",2.10.10,0,2026-03-30T20:43:04-07:00,blu by BCA Digital,blu_bca,app_store,1550237185
13903223173,DitaMaya,5,Penilaian,Simple,2.10.10,0,2026-03-30T05:25:11-07:00,blu by BCA Digital,blu_bca,app_store,1550237185
13900815059,captainakasia,5,Nice app,Aplikasinya sangat berguna,2.10.10,0,2026-03-29T11:25:37-07:00,blu by BCA Digital,blu_bca,app_store,1550237185
13903197865,kaitodelouvre,1,aplikasi goblok,pas login gabisa bisa pas bayar qris apalagi,2.10.10,0,2026-03-30T05:16:13-07:00,blu by BCA Digital,blu_bca,app_store,1550237185
13902234297,Mnanta,4,Harapan,Segera adakan program ATM khususnya,2.10.10,0,2026-03-29T21:28:19-07:00,blu by BCA Digital,blu_bca,app_store,1550237185
13900252271,Messy Apris,5,Oke banget,Mantap,2.10.10,0,2026-03-29T08:23:57-07:00,blu by BCA Digital,blu_bca,app_store,1550237185
13899315971,Abu Kahfi,5,Ajib,Alhamdulillah cepat prosesnya dan mudah,2.10.10,0,2026-03-29T02:54:52-07:00,blu by BCA Digital,blu_bca,app_store,1550237185
13899510008,Bolang178,1,Bug,"Tolong diperbaikin nge stalk di logo awal buka aplikasi, terkadang sampe gk bisa dibuka , tolong diperbaikin sampe bikin emosi buka aplikasi nya lamaa gini! Kadang transaksi juga lelet",2.10.10,0,2026-03-29T04:18:41-07:00,blu by BCA Digital,blu_bca,app_store,1550237185
13899021249,Witaks,5,Mantap,Lancar,2.10.10,0,2026-03-29T00:37:21-07:00,blu by BCA Digital,blu_bca,app_store,1550237185
13898848317,Cia febri,5,Good,"Good, simply, easy to use, safe, a lot off discount promo",2.10.10,0,2026-03-28T23:12:09-07:00,blu by BCA Digital,blu_bca,app_store,1550237185
13898493976,baguzgiri,5,Bagus,Transaksi gampang  pake blue,2.10.10,0,2026-03-28T20:19:00-07:00,blu by BCA Digital,blu_bca,app_store,1550237185
13895810468,anandarwnoo,5,very good,bgus bgt!!,2.10.10,0,2026-03-28T04:09:05-07:00,blu by BCA Digital,blu_bca,app_store,1550237185
13898463291,unknownsend3r,4,UX Animation Transition,"so far aplikasi blu ini udah bagus, tapi antar widgetnya terlalu kaku dan terkesan ribet tiap buka2 antar menu ada loading logo blu, saran saya lebih bagus lagi ux tampilan animasinya dibikin smooth transition seperti apk mybca, livin mandiri, atau bank lain. paling tidak bisa ningkatin kenyamanan dan kepercayaan pengguna.",2.10.10,0,2026-03-28T20:05:42-07:00,blu by BCA Digital,blu_bca,app_store,1550237185
13895700088,anggisid,5,Bagussss,Semoga makin banyak promo dari merchant tiap pakai Blu :),2.10.10,0,2026-03-28T03:23:24-07:00,blu by BCA Digital,blu_bca,app_store,1550237185
13895603074,Ozil Ananta,5,Good,Good,2.10.10,0,2026-03-28T02:40:48-07:00,blu by BCA Digital,blu_bca,app_store,1550237185
13894496679,whiteblossommmm,5,Good,overall good. cuma kadang kalo pake tools qris agak lama loading nya. Tolong di tingkatkan lagi ya. Terimakasih,2.10.10,0,2026-03-27T18:07:37-07:00,blu by BCA Digital,blu_bca,app_store,1550237185
13892461357,sitaynu,5,Good,Bagus,2.10.10,0,2026-03-27T05:57:20-07:00,blu by BCA Digital,blu_bca,app_store,1550237185
13892264189,susantrnt,5,Kemudahan Aplikasi,Langkah yg pasti menggunakan blu by bca. Semua transaksi mudah,2.10.10,0,2026-03-27T04:48:20-07:00,blu by BCA Digital,blu_bca,app_store,1550237185
13892018378,cyn12345678910,5,Tidak berhasil buka rekening,"Saya baru saja melakukan verifikasi pembukaan rekening via Vcall dengan Staff Bca ny tapi rekening saya belum berhasil dibuka
Fyi saya uda punya tabungan Tahapan Bca saya tergiur untuk buka Blu Bca karena dengar info nya tidak ada biaya admin",2.10.10,0,2026-03-27T03:09:34-07:00,blu by BCA Digital,blu_bca,app_store,1550237185
13891957969,my 24 sep,5,love blu bca,best smg selalu jd yg terbest ya blu bca,2.10.10,0,2026-03-27T02:41:38-07:00,blu by BCA Digital,blu_bca,app_store,1550237185
13891547232,Rigmagir,5,enhance start up process,"ditingkatkan kembali untuk proses loading pada saat buka aplikasi, terlalu banyak banner yang aktif sehingga jadi lebih lama proses start up aplikasinya",2.10.10,0,2026-03-26T23:12:24-07:00,blu by BCA Digital,blu_bca,app_store,1550237185
13891396771,@ridwandaily,5,The best of the best,Salahsatu bank digital terbaik,2.10.10,0,2026-03-26T21:51:46-07:00,blu by BCA Digital,blu_bca,app_store,1550237185
13891355129,jabar juara,5,E-wallet,Sangat membantu,2.10.10,0,2026-03-26T21:30:02-07:00,blu by BCA Digital,blu_bca,app_store,1550237185
13890902494,Pohpho,5,Aplikasi Stabil,Aku suka pakai aplikasi blu ini. Jarang sekali gangguan dan sat set.,2.10.10,0,2026-03-26T18:05:14-07:00,blu by BCA Digital,blu_bca,app_store,1550237185
13890896015,Dhita nata12,5,Sangat membantu untuk menabung dan transaksi,Pake blu by 0013 6787 4679 Blu bca  Thabita natalia udh mau 6bulan dan keuntungannya bener” untung bgtt mulai dari transaksi dan menabung sangat” worth it lah🥰🥰,2.10.10,0,2026-03-26T18:02:36-07:00,blu by BCA Digital,blu_bca,app_store,1550237185
13890709396,fikri22,5,The Best,Memberikan kemudahan dan banyak promo menarik,2.10.10,0,2026-03-26T16:46:19-07:00,blu by BCA Digital,blu_bca,app_store,1550237185
13887916325,swrtuokp,5,Pemakaian Pengguna,"Mudah, Menyenangkan, Menguntungkan, dan Terpercaya. Jaga dan Tingkatkan Mutu Pelayanan!",2.10.10,0,2026-03-25T23:03:22-07:00,blu by BCA Digital,blu_bca,app_store,1550237185
13887511092,itsmetap,5,Bagus sekalii,Bagus sekalii sdh pakai ini 5 tahunan selalu ok,2.10.10,0,2026-03-25T19:36:54-07:00,blu by BCA Digital,blu_bca,app_store,1550237185
