review_id,user_name,rating,title,review_text,app_version,vote_sum,review_date,app_name,app_slug,platform,store_id
14453216041,Inhanda,1,Signing off from jenius,"Definisi punya uang ratusan juta tapi limit kredit tidak dinaikkan. Hehe. Gak naik gapapa. Tapi tidak ada formal letter to apologize formally or even confirming to customer is not the way you treat your loyal customer. Padahal target tahun depan jadi sinaya prioritas jenius. Doeidoei jeniusss, aku pindah ke digital bank warna merah aja 🙌",4.82.0,0,2026-08-20T20:05:48-07:00,Jenius,jenius,app_store,1079340119
14441042697,Saja ada,1,Jenius sekarang,"Semenjak di pegang SMBC jenius makin buruk. gak banyak promo lagi, bunganya makin gede dan ketika meminjam adminnya gede banget.",4.82.0,0,2026-08-17T19:03:56-07:00,Jenius,jenius,app_store,1079340119
14438325686,ReaderYG,1,Tidak bisa transfer,"Bug setelah update ke versi baru, jadi tidak bisa transfer. Tolong diperbaiki",4.82.0,0,2026-08-17T03:58:19-07:00,Jenius,jenius,app_store,1079340119
14422808535,bagus sekalih,1,Aplikasi aneh,"udh masukin pin padhal itu bener pin nya tpi keukeuh salah, pusing udh ganti berkali kali",4.81.0,0,2026-08-13T06:55:17-07:00,Jenius,jenius,app_store,1079340119
14409284968,rifkyx,2,Kartu Kredit Pelit Promo,Pelit promo cicilan 0% harus pake voucher kyk bansos,4.80.1,0,2026-08-09T22:24:32-07:00,Jenius,jenius,app_store,1079340119
14405819898,Brigithacantik,5,Pakai jenius sudah 8 tahun,"Alhamdulillah aku dan suami pakai jenius sudah 8 tahun , mudah bgt buat trx luar negeri dan buat tarik tunai semua atm gratis",4.80.1,0,2026-08-09T01:23:01-07:00,Jenius,jenius,app_store,1079340119
14398335426,alyaislami,5,jenius,mbak pita udah di bantu lagi buat ligin baik lagi alhamdulillah,4.80.1,0,2026-08-07T03:02:21-07:00,Jenius,jenius,app_store,1079340119
14398335135,Isabellcantik,5,Jeniussss bagus mantappppp,"Mbak Pitaloka ramah bangettttt , baik pelayanannnn bagusss",4.80.1,0,2026-08-07T03:02:14-07:00,Jenius,jenius,app_store,1079340119
14389367453,toi**to,1,"Too much password, too much noise","Do this, password. Do that, password. Pay this, password. Pay that, password. Notif this, notif that. Notif this, notif that. Useless",4.80.1,0,2026-08-04T20:32:57-07:00,Jenius,jenius,app_store,1079340119
14385413080,Suryadi Suryadi,1,Do not use Jenius Split Pay Program!,"You better change your freaking Split Pay Program sistem! It sucks, do not use it guys",4.80.1,0,2026-08-03T21:29:42-07:00,Jenius,jenius,app_store,1079340119
14382483632,jejeemangok,1,gagal verifikasi dokumen / ktp,tolong bantuan nya agar akun bank jenius saya bisa bertransaksi karena akun saya gagal verifikasi,4.80.1,0,2026-08-03T05:17:15-07:00,Jenius,jenius,app_store,1079340119
14382248773,ReinoRb,3,Optimalisasi nya jelek,Optimalisasikan yg bagus lagi lah di Iphone 11 force close terus,4.80.1,0,2026-08-03T03:59:57-07:00,Jenius,jenius,app_store,1079340119
14378240335,Oggy3012,1,Biaya Kartu Kredit termahal,"Pengajuan kartu kredit dan dikirim fisiknya. Tapi nggak bisa diaktifkan. Alhasil aktif di virtual nya. Nggak sengaja buat transaksi 12rb via Qris dan sekarang ditagih annual fee kartu kredit sebesar 500 RIBU untuk fasilitas yang nggak terpakai.  Cuma terpakai 1x transaksi 12 Ribu rupiah. Karena kartu fisik nggak bisa diaktifkan dengan scan qr code nya mereka di slip. 

Team CS tidak jelas, penjelasan cenderung membingungkan tanpa informasi yang jelas. Malah sering ketika nanya, malah kayak di challenge balik. Aneh. Harusnya berikan informasi yang jelas, jangan malah kesannya mengetest nasabah dengan nanya balik. It is a NO for me, semua fitur nya berbiaya mahal

Dulu fitur flexi cash nya terlihat murah, tapi baru sadar ada feasible fee nya juga jadi ya sama aja dengan yg lain nggak lbh murah juga :)",4.80.1,0,2026-08-02T04:05:57-07:00,Jenius,jenius,app_store,1079340119
14376961862,bprabawabr,4,Agak ribet,"Agak ribet karena ga bisa transfer antar pocket ya, cuma bisa dari/ke main account",4.80.0,0,2026-08-01T19:26:17-07:00,Jenius,jenius,app_store,1079340119
14366735996,Nramx,1,Aplikasi jelek sering eror,"Aplikasi sering eror, sering login ulang, dan yang paling jeleknya tidak bisa login karena terlink dengan device lain, padahal akunnya tidak pernah masuk di device lain",4.80.0,0,2026-07-30T07:31:47-07:00,Jenius,jenius,app_store,1079340119
14340748013,khaldrogo08,1,Masih force close,App developer nya gak ngecek di iphone yang mini edition kayanya. Selalu force close kalau dibuka. Sudah bbrp update masih seperti ini. Kecewa,4.79.0,0,2026-07-23T19:23:59-07:00,Jenius,jenius,app_store,1079340119
14338094908,Fadlialakbar,1,Bad app and help support,Really bad quality,4.79.0,0,2026-07-23T04:41:16-07:00,Jenius,jenius,app_store,1079340119
14334859083,Juna charles,1,Jenius,Kacau duit saya kemana ya ?,4.79.0,0,2026-07-22T08:43:29-07:00,Jenius,jenius,app_store,1079340119
14332478794,....rrrrr,1,pelayanan dan aplikasi,pelayanan helpdesknya kacau sekali ya serta aplikasi yang selalu tiba tiba keluar jika tidak ada didalam dalam kurun waktu 15 detik,4.79.0,0,2026-07-21T18:19:34-07:00,Jenius,jenius,app_store,1079340119
14329421325,rickylu21,1,CS GAADA SOLUSI,"Salah Tf Dari Superbank Ke jenius, dari superbank sudah mengirimkan surat. tetapi JENIUS TIDAK ADA RESPON APAPUN, KONTAK CS MALAH DILEMPAR KE SUPERBANK LAGI, APLIKASI SAMPAH. JANGAN PAKAI JENIUS DAH GAADA SOLUSI, DUIT BISA ILANG",4.79.0,0,2026-07-21T00:59:58-07:00,Jenius,jenius,app_store,1079340119
14321314320,Ade zaldiansyah,1,Ribet unlink device,"Taik anjing babi jahanam bangsat..
Unlink device aja ribet. Menu banner face recognition tidak ada.
Ngapain ngasi tutorial yang tidak ada.
Malah kembali main link2an seperti 2 tahun lau saat gua ganti device.
Cs nya aja tidak tahu klu menu face recognition banner tidak ada.
Kalu aplikasi belum siap kagak usah halu nyet.",4.79.0,0,2026-07-19T00:16:58-07:00,Jenius,jenius,app_store,1079340119
14314956312,Putra15f,1,Sales AEON JGC BODOH,"ngambil hp saya seenaknya. maksa transfer duit ke rekening jenius. Main transfer duit saya di hp saya dari bank saya seenaknya, nyita waktu lama, ngecek saldo di bank lain seenaknya, gasopan. bicara sama saya basa basi yg tidak sopan. PENJELASAN TENTANG FITUR KALIAN BOHONG SEMUA. saya tandain kalian sales di AEON JGC.",4.78.2,0,2026-07-17T09:38:28-07:00,Jenius,jenius,app_store,1079340119
14310173350,PuCipo,2,Tidak bisa cek saldo,"Udah seminggu ini ga bisa cek saldo, transaksi juga susah. Giliran nawarin promo weekend pun terus ditelpon. Fix the app please!!",4.78.2,0,2026-07-16T06:20:24-07:00,Jenius,jenius,app_store,1079340119
14306183661,aisyahfebrii,2,Males,"Sales nya pake cara tipu tipu males, ngambil hati nasabah dengan ngomong yg gk sesuai fakta",4.78.2,0,2026-07-15T06:33:50-07:00,Jenius,jenius,app_store,1079340119
14305489989,she?????,1,sales,"gajelas bgt, mana mba mba pake stop""in segala. buang""waktu.",4.78.2,0,2026-07-15T02:43:10-07:00,Jenius,jenius,app_store,1079340119
14299189529,Purba2,1,Pengajuan flexy cash dan pengajuan cc,Sudah sering digunakan trx namun tidak pernah dapat undangan dan saldo sudah di tahan sampai dua digit,4.78.2,0,2026-07-13T11:56:48-07:00,Jenius,jenius,app_store,1079340119
14296385522,testaja,1,crash tanpa ada solusi,"udah beberapa minggu tidak bisa digunakan, selalu force close setelah 2-3 detik",4.78.2,0,2026-07-12T19:29:52-07:00,Jenius,jenius,app_store,1079340119
14291789053,Sajalah,3,Perbaiki halaman depan,Mohon agar promo tidak menutupi menu esensial seperti qris jadi lama kalau mau menggunakan,4.78.2,0,2026-07-11T15:20:14-07:00,Jenius,jenius,app_store,1079340119
14281643847,Zezelllyyy,1,Zelly,"LANGSUNG HAPUS APKNYA, KARNA UDH GA MEYAKINKAN",4.77.1,0,2026-07-09T04:24:00-07:00,Jenius,jenius,app_store,1079340119
14276685974,Clenoz,2,Telp cs di lama lama in,"Nelp cs jenius, padahal cuma pengajuan penghapusan biaya transfer 50rb, tp sengaja dilama2in biar pulsa abis mgkn,, sampe 18 menit.. data yg ditanya, ditanya ulang2 sampe 3x,, pertama blg gabsa pengajuan, pdhl dl uda prnh pengajuan dan bisa aja,, alasannya karena memang saat ini blm bsa,, yauda saya blg, beberapa bln lalu saya pengajuan, tp bsa kok,, coba dicek dlu aja,, lagian sifatnya kan pengajuan,, diterima atau tdk nnti tergntung analisisny,, akhrnya ditanyain dlu lamaaa lagi,, smpe 18mnt itu,, ampun dah,, cs jenius knp sihh.. dlu yg pengajuan penutupan kartu kredit jg bgtu.. disengajain lama telp ny,, biar mati telp nya kali, jd gjd pengajuan,, ditelp ulang akhrny.. untung cs selnjutnya baik, jd gjd penutupan cc..",4.77.1,0,2026-07-07T21:50:18-07:00,Jenius,jenius,app_store,1079340119
14272774682,Dimi3uss,1,Crash terus di ios 26.5.2,Udah hampir 3 minggu crash ga. Bisa di gunakan mau reinstall 100x juga,4.77.1,0,2026-07-06T22:35:44-07:00,Jenius,jenius,app_store,1079340119
14265474245,Faraam11,1,Gabisa dibuka sama sekali,Apalah ini abis update malah gabisa dibuka sama sekali nyusahin org bgt bego,4.77.1,0,2026-07-05T03:31:55-07:00,Jenius,jenius,app_store,1079340119
14256927720,M Ali Murtadho,1,Aplikasi nggak jelas,"Daftar dipermudah, hapus akun dipersulit. Padahal belum ada transaksi sama sekali",4.77.0,0,2026-07-03T00:28:17-07:00,Jenius,jenius,app_store,1079340119
14256738859,user092826272,1,Fitur Tutup Akun,Ada fitur tutup akun tapi ga bisa dipake. Disuruh ke cabang atau telpon smbc care. Lol banget.,4.77.0,0,2026-07-02T23:10:31-07:00,Jenius,jenius,app_store,1079340119
14233525402,Narasaputri,1,Aplikasi teribet,Regulasi ga jelas dan ribet,4.76.0,0,2026-06-27T09:58:03-07:00,Jenius,jenius,app_store,1079340119
14224056128,Jenius dongok,1,CS tidak membantu dan cenderung merugikan,Telepon CS sangat lambat. Buang-buang pulsa aja setan!,4.76.0,0,2026-06-25T03:28:45-07:00,Jenius,jenius,app_store,1079340119
14219177538,Jessicareview,1,Pelayanan buruk,"Customer service harus telepon dengan pulsa jadi habis banyak sekali dan tidak menghasilkan apapun. Tidak membantu, email juga sama, IG pun sama. Jadi sangat merugikan. Ribet sekali tidak ada cabang yang bisa membantu susah.",4.76.0,0,2026-06-23T21:02:01-07:00,Jenius,jenius,app_store,1079340119
14216407513,Elfataraanto,5,Love Jenius,"Bank terbaik menurut saya, selalu royal pada nasabahnya🥰🥰",4.75.1,0,2026-06-23T04:52:03-07:00,Jenius,jenius,app_store,1079340119
14214813741,Eleonoera,1,apk cacat bug,tidak bisa upload foto malah disuruh email eh malah disuruh live chat lagi!,4.75.1,0,2026-06-22T17:22:00-07:00,Jenius,jenius,app_store,1079340119
14212525740,Xvvxx12345,1,Crash di iphone 14 PM,"Force close terus di ip 14 PM, udh insyalla ulang berkali kali",4.75.1,0,2026-06-22T04:39:14-07:00,Jenius,jenius,app_store,1079340119
14207924851,energetictree,5,"Found update available, updated",Then app crash… Come on!!,4.75.1,0,2026-06-20T22:49:38-07:00,Jenius,jenius,app_store,1079340119
14192144037,Dvaren,1,Registrasi,"Mau daftar aja susah anjingg, sistem ga jelas ngasih error tanpa reason yang detail",4.75.1,0,2026-06-16T21:50:05-07:00,Jenius,jenius,app_store,1079340119
14188077828,Ntsymeyy,5,Jenius,Memudahkan untuk bertransaksi,4.74.2,0,2026-06-15T20:33:46-07:00,Jenius,jenius,app_store,1079340119
14181391245,adstyyyyyyyyyy,1,aplikasi ribet,"waktu jalan di mall dicegat sama salesnya bilangnya cuma 5 menit eh malah bablas sampe setengah jam, disuru top up mana salesnya ga sopan buka2 saldo, aplikasinya ribet buat orang awam. tolong ya diperbaiki dari segi fitur dan attitude salesnya!",4.74.2,0,2026-06-14T04:24:31-07:00,Jenius,jenius,app_store,1079340119
14181228946,Aplikasi level kelurahan,3,Bad UX,The “are you still there” is way too annoying. It persists even though you’re already logged in. It blocks me using the app.,4.74.2,0,2026-06-14T03:20:28-07:00,Jenius,jenius,app_store,1079340119
14180393293,madsure,1,Bank dengan sistem terburuk yang pernah saya coba,"Jangan pernah coba jenius, bakalan cuman bikin kalian susah karena aturan aturan yang ngga mutu mereka, urungkan saja niat kalian buat daftar atau bikin akun jenius. CS ngga solutif, kebijakan ngga jelas, sales telpon ganggu kebanyakan nawarin ini itu, flexy cash dengan denda 50rb padahal belum telat dan masih di hari yang sama pembayarannya. Feesible atau biaya admin yang terhitung mahal, belum lagi banyak nasabah yang melaporkan kalau uangnya hilang dan artinya jenius memang bukan ekosistem perbankan yang aman.",4.74.2,0,2026-06-13T21:20:06-07:00,Jenius,jenius,app_store,1079340119
14172458451,SYKCW0_,2,kecewa.,"saya di tawarin ini di salah satu mall. karena karyawannya mengharuskan tf dari bank saya ke jenius dengan nominal x.xxx.xxx, dia bantu dengan mentransferkan duitnya ke bank saya dengan jumlah yg diminta. lalu dari bank saya di tf lagi ke jenius.. saya sudah blg kalo dari bank saya itu kena admin 6.500, katanya akan digantikan. lalu, saya balikin duitnya melalui bank saya dan melalui VA terkena admin lagi 1.000. tetapi ternyata duit admin saya ga di balikin. maaf ya bukan masalah nominal, tapi karyawan tidak konsisten. menarik nasabah tetapi di rugikan.",4.74.2,0,2026-06-11T21:07:46-07:00,Jenius,jenius,app_store,1079340119
14163039714,kukubim,5,Flexible Banking,Digital banking paling flexible menurut aku dibanding kompetitor dan pembukaan rekening ngga ribet. Thanks jenius,4.74.1,0,2026-06-09T10:39:47-07:00,Jenius,jenius,app_store,1079340119
14162686921,rflaksmi,1,Gk bisa login,Ini gimana setelah update kok gk bisa login dg alasan akunku kecantol device lain? Padahal dr awal bikin akun smpe skrg masih di device ip15 yg sama loh!!,4.74.1,0,2026-06-09T08:51:15-07:00,Jenius,jenius,app_store,1079340119
14160385688,Edwedd,2,Pop Up glitch,"Setiap habis pakai aplikasi lalu kembali lagi bbrp jam kemudian, selalu muncul pop up yg session will end countdown 10 detik (seharusnya udh auto logout) . Dan gabisa di click apapun. Itu sering banget. Harap dibetulkan glitch nya. Sangat menganggu.",4.74.0,0,2026-06-08T17:59:45-07:00,Jenius,jenius,app_store,1079340119
14151035500,Okinghuu,1,Kurang bagus pelayanan,Tolong kepada mbak2 yang ada di aeon mall sentul yg tadi minta saya donlowad apk jenius dan saya bela2 in untuk donlowad pas saya tolak dia kaya pasang muka gak enak bgt jgn kan ngomong terimakasih sabtu 6 juny 2026,4.74.0,0,2026-06-06T08:06:17-07:00,Jenius,jenius,app_store,1079340119
14145996988,ghawer,1,Admin,"Ada admin
ganti nama jadi feesible
mending pakai bank besar sekalian",4.74.0,0,2026-06-05T01:54:35-07:00,Jenius,jenius,app_store,1079340119
14142333308,Zcvbsa,1,Ingin hapus akun gakbisa,A,4.74.0,0,2026-06-04T02:59:47-07:00,Jenius,jenius,app_store,1079340119
14133686740,lana starfire,4,Gagal Reset Password,"Step to reproduce: Reset password > input email > otp sms > reset password 

Expected: setelah semua requirement password baru benar, lalu klik submit, seharusnya bisa update password 

Actual: error “Gagal memuat. Silakan coba lagi.”",4.74.0,0,2026-06-01T20:11:29-07:00,Jenius,jenius,app_store,1079340119
14126892861,defantys,1,maksa bgt,jgn maksa kalo emg gmau ditawarin. saya jd telat setengah jam krn ada acara penting loh.,4.74.0,0,2026-05-31T04:21:30-07:00,Jenius,jenius,app_store,1079340119
14125603541,Chakraale,1,Apps jelek dan gak ada perkembangan,"Apps jelek lambat,gak ada resi transaksi yang tampil setelah transaksi dan gak ada tulisan keterangan berhasil ini buat transaksi gak bisa dipercaya sama orang lain,tampilan gitu gitu aja gak ada yang berubah drastis cenderung jadul di banding apps perbankan lain,masih pakai password 10 frasa yang buat lama transaksi kenapa sih gak ganti pakai pin aja verifikasi transaksinya,SMBC Indonesia gak mau perbaiki appsnya masih enak dizona nyaman🤣",4.74.0,0,2026-05-30T19:16:22-07:00,Jenius,jenius,app_store,1079340119
14117758717,Nèôqq,5,Keep it up,"Good job Jenius, keputusan yang smart mengganti OTP dengan autentikasi langsung lewat aplikasi untuk menghindari pembobolan 👍

Kalau ada fitur monetary untuk credit card akan lebih bagus lagi, karena lebih sering pakai CC untuk transaksi.",4.74.0,0,2026-05-28T18:45:26-07:00,Jenius,jenius,app_store,1079340119
14108099822,Wrdhrj,1,Difficult to switch to another devices,"Existing my primary device was iPhone SE. Then I would like to move to new phone, I couldnt log in because the primary devices was SE and need to register our face. Meanwhile in SE there is no service/ menu to register our face. Biometrik was Touch ID, not faces. I think this app still immature and not easy as other mbanking app.",4.73.1,0,2026-05-26T06:20:04-07:00,Jenius,jenius,app_store,1079340119
14092297544,shelsosbkkl,1,jelek,ga sopan,4.72.0,0,2026-05-22T02:36:34-07:00,Jenius,jenius,app_store,1079340119
14090555135,Bellsin,1,SALES YG DI JGC GA ADA ADAB,"Sumpah ya, sales yg di AEON JGC ini bener-bener nyebelin dan minus etika! Kerjaannya nyecar anak-anak muda, kalo udh ditolak baik-baik berkali-kali malah makin maksa. Kalo udh ditolak sekali udah kek! Modusnya murahan banget, awalnya sok manis bilang cuma suruh download aplikasi, eh merembet maksa bikin akun. Orang udah bilang lagi buru2  sama sekali nggak menghargai waktu orang. Giliran ditolak tegas, malah sales-nya yang ngasih muka jutek. Situ yang ngemis target, situ yang sewot! Tolong ya manajemennya, dididik lagi tuh sales-nya. Cara jualan norak dan maksa begini cuma bikin pengunjung muak!.",4.72.0,1,2026-05-21T13:30:16-07:00,Jenius,jenius,app_store,1079340119
14088468641,Gnkzhoky,1,CC JENIUS = MALING,CC JENIUS DI SETTING SUPAYA KAMU TETAP BISA TRANSAKSI WALAUPUN LIMIT CC SDH HABIS. GK ADA NOTIFIKASI APAPUN. TIBA-TIBA OVER AJA KENA FEE 200RB PER TAGIHAN. MALING TERSTRUKTUR?,4.72.0,0,2026-05-21T00:58:27-07:00,Jenius,jenius,app_store,1079340119
14081357140,Kyoshiii21,1,Aplikasi kureng,Aplikasi apa ini,4.71.0,0,2026-05-19T02:15:49-07:00,Jenius,jenius,app_store,1079340119
14081182019,Ceko meng,5,Jenius,"Gampang banget kalo transaksi ke luar negeri, simple dan ga ribet",4.71.0,0,2026-05-19T00:46:43-07:00,Jenius,jenius,app_store,1079340119
14080871506,Hans People,1,Gagal verifikasi,Ini knp setiap foto ktp ko hasilnya gk beres? Giliran udh dikirim via email gk ada respon? Katanya proses 5-15 menit? Ini udh belasan jam msih gk ada tanggapan?,4.71.0,0,2026-05-18T22:04:35-07:00,Jenius,jenius,app_store,1079340119
14076572821,WilliamSantoso87,1,"Live chat jelek banget, sering mati sendiri padahal belum kelar issue",Mendingan pake vendor kl ga bs bikin live chat yg bener dan ga nyusahin customer ulang ulang. Surammm,4.71.0,0,2026-05-17T16:45:28-07:00,Jenius,jenius,app_store,1079340119
14062319601,Banksampah,1,Bank sampah,Jangan mau transaksi di bank sampah ini uang gk bisa di transfer akun langsung gk bisa login,4.71.0,0,2026-05-13T22:08:39-07:00,Jenius,jenius,app_store,1079340119
14040361859,valeovski,2,MAKSA,"mba mba yang di aeon jgc maksa download, maksa buka tas buat cari ktp, terus ga sopan buka buka hp.",4.70.0,1,2026-05-07T21:54:15-07:00,Jenius,jenius,app_store,1079340119
14039728009,Fadylaputri,1,Cs nya luar biasa,Bener bener bingung sama jenius punya cs bodoh nya bukan main,4.70.0,0,2026-05-07T17:03:44-07:00,Jenius,jenius,app_store,1079340119
14037190740,Anisarkp,2,Flexi cash,"Parahhhhhh banget, telat 1 hari aja denda 50.000, telat juga karena lupa salah ngisi saldo, cuma kurang angsuran 5.000 dan berakhir bayar 55.000",4.70.0,0,2026-05-07T00:48:12-07:00,Jenius,jenius,app_store,1079340119
14015349003,KH Jon,1,"""Bodoh"" bukan Jenius","Sangat repot sekali menggunakan aplikasi ini, pekerjanya juga semua tidak bisa apa2",4.69.0,0,2026-04-30T23:30:01-07:00,Jenius,jenius,app_store,1079340119
14014981525,korban donlod,1,Jlk,"Maksa buat donlod, udh blg gmau tapi tetep maksa. Akhir nya ngalah soalnya gamau ribut sama gw orgnya ga enakan. Sbl bgt. Untung ga jadi endapin dana 500k WKWKW. Mau apus akun tpi GAGAL truss GJLS",4.69.0,1,2026-04-30T20:36:42-07:00,Jenius,jenius,app_store,1079340119
14014612822,robby.wh,3,Error Activate New Currency,"Pop Up Terms and Conditions selalu menutup otomatis, sehingga aktivasi gagal",4.69.0,0,2026-04-30T18:01:45-07:00,Jenius,jenius,app_store,1079340119
14001043357,babeswithbrain,1,Credit Card Activation,"Bank kasih free CC tinggal aktivasi. Pas mau aktivasi, ga bisa karena amount credit allocation ga nambah. Complain ke customer service, diminta upload gambar/pdf/scree record. Pas dikerjain, aplikasinya force exit berkali2 padahal udh full access ke galery. 
Kalian yg ngasih cc, kalian yg nyusahin aktivasi, kalian jg yg ga membantu. Lah yaudah ga gw pake lah. Hahhahaha",4.69.0,0,2026-04-26T19:43:52-07:00,Jenius,jenius,app_store,1079340119
13990294808,Akdnsisnxhqndbjqbxvqj,1,Logout sendiri,"Semenjak update aplikasi 6 hari lalu, aplikasi terlogout sendiri. Sedangkan tiap transaksi harus dikonfirm melalui aplikasi. Tidak bisa login dan harus unlink dari device lama padahal tidak ada ganti device. Sudah telpon call center dan harus video call untuk verifikasi. Tapi masih gagal untuk unlink. Parah!",4.68.2,0,2026-04-23T17:51:12-07:00,Jenius,jenius,app_store,1079340119
13989466855,Ipul sedunia,1,Ipul,Tiap login langsung disuguhi iklan bikin kesal,4.68.2,0,2026-04-23T11:49:53-07:00,Jenius,jenius,app_store,1079340119
13987499200,Cyr00s,1,Penutupan akun selalu gagal,"Saya mau menutup akun dr aplikasi tp tidak bisa. Sudah berkali-kali selama beberapa minggu selalu gagal. CS cm blg bisa via telpon atau ke bank. Repot dong sayanya, keluar waktu dan biaya lebih banyak. Tolong segera dibenerin itu fiturnya. Kalau memang gk boleh tutup akun via app ya gk usah dibikin fiturnya.",4.68.2,0,2026-04-22T22:32:08-07:00,Jenius,jenius,app_store,1079340119
13987412052,Baaad grile,1,Trabel,Ini gmn yaa dibuks ga bisa”,4.68.2,0,2026-04-22T21:45:19-07:00,Jenius,jenius,app_store,1079340119
13987379395,Dedek bayi,1,Aplikasi trouble di iphone 8,Kak tolong di bantu tidak bisa login dari pagi,4.68.2,0,2026-04-22T21:27:58-07:00,Jenius,jenius,app_store,1079340119
13987352893,Xvxvxvxvxcxxcgyjlhdsvh,1,anehh,"susah bgt mau login, makin gajelasss",4.68.2,0,2026-04-22T21:13:53-07:00,Jenius,jenius,app_store,1079340119
13983824389,sherwinchia,1,Marketing Notifications,The marketing notifications can currently be quite distracting since they appear too frequently and there is no option to turn them off. It would be much better if users could disable them in settings. I’ll update my rating once this has been fixed.,4.68.2,0,2026-04-21T21:02:58-07:00,Jenius,jenius,app_store,1079340119
13982578927,immanuelrae,1,Aplikasi Banyak Bug,"Terlalu banyak bug untuk sebuah aplikasi iphone,punya cs 24 jam, samgat tidak berguna, dan segala masukan dan penyampaian bugs ke cs tidak pernah diteruskan ke tim terkait, salah satu bug nya adalah tidak bisa mendownload pdf transaksi ketika memilih jenis transaksi",4.68.2,0,2026-04-21T11:49:41-07:00,Jenius,jenius,app_store,1079340119
13976579417,Qynhwang,1,Error,"Saya baru mendaftarkan dan menggunakan face id, namun saat coba login keterangan nya sidik jari tidak di kenali ???? What??? Padahal saya menggunakan Iphone 14Pro yang dimana hp tersebut belum support Finger Print",4.68.2,0,2026-04-19T17:37:22-07:00,Jenius,jenius,app_store,1079340119
13976235919,Nurisya Febrianti,1,"Aplikasi error, penanganan buruk","Setelah bertahun-tahun pakai Jenius, kecewa banget sama CS-nya yang nggak solutif. Sejak minggu lalu banyak nasabah yang kesulitan login (cek ke medsos mereka ya, ramai orang komplain di sana dengan kasus serupa). Saya mengalami pas pergi ke luar kota dan sangat butuh akses ke aplikasi untuk pembayaran. Sudah telepon ke CS, video call, telepon lagi ke CS, dan dalam 6 jam masih nggak bisa akses aplikasi. Bakal mempertimbangkan buat tutup rekening Jenius. Pengalaman yang sangat traumatis.",4.68.2,0,2026-04-19T15:05:36-07:00,Jenius,jenius,app_store,1079340119
13972570503,cuan ranger,1,APP JANCUK,"Bbrp kali ajuin CC prosesnya ribet dan ditolak trus , pdhl CC bank lain dptnya mudah2 aj dan limit tgi smua , bank baru tp songong anjing, ga bakal brtahan lama , mana reviewnya jelek2 smua , syukurin",4.68.2,0,2026-04-18T15:13:37-07:00,Jenius,jenius,app_store,1079340119
13971718570,aswerrfffff,1,Nge-Bug Nih!! Jadi Ke-Detect Pindah Device Padahal Enggak,Cek version terbaru kalian. Jadi PR banget harus nelpon call center segala buat unlink device lama padahal gue gak ganti device. Bikin kerjaan aja.,4.68.2,0,2026-04-18T09:54:30-07:00,Jenius,jenius,app_store,1079340119
13963219033,TikusBadut,1,Aplikasi banyak Bugs,"Ganti aja yang bikin app, aplikasi kok banyak bugs!",4.67.0,0,2026-04-16T01:59:12-07:00,Jenius,jenius,app_store,1079340119
13962858088,Hahahaokwkwkw,1,Penanganan masalah buruk,Jangan pernah percaya rekomendasi bahwa jenius Bank yang cocok untuk transaksi di luar negeri. Masalah sy sudah sebulan lebih belum juga terselesaikan. Jenius juga tidak memiliki sop jelas dalam komunikasi dengan nasabah di luar negeri. Jauh lebih baik Bank lain seperti BRI yang punya panggilan internet. Jangan pernah melirik bank ini jika tidak mau kecewa!,4.67.0,0,2026-04-15T22:44:13-07:00,Jenius,jenius,app_store,1079340119
13962732913,yuliani!!,3,bank anjing,bank anjing,4.67.0,0,2026-04-15T21:37:54-07:00,Jenius,jenius,app_store,1079340119
13959503802,ScreaMy_7,1,Bank terjelek yg pernah ada di Indonesia ini,"pelayanan aneh, mau register banyak cincong. GAJELAS!",4.67.0,0,2026-04-14T23:33:25-07:00,Jenius,jenius,app_store,1079340119
13952522050,APNUAS,3,Susah log in,Gila belum ada sebulan udah susah log in 2 kali. Was2 jadinya kalau nyimpen uang di sini.,4.66.3,0,2026-04-12T22:21:21-07:00,Jenius,jenius,app_store,1079340119
13949505660,Oyaino,1,Jelek,"Anjing emang. Unlink device aja susah amat, masak harus telfon cs bbrp kali, perbaiki dong! Lihat tuh bank2 lain.",4.66.3,0,2026-04-12T02:40:28-07:00,Jenius,jenius,app_store,1079340119
13949461374,Gumilang Damar Budiman,1,Cannot do anything with the app,"Im using iphone 14 pro, althought its not a recent model now in 2026, i think its still a very usable somewhat powerful device. I’ve been experiencing a lot of bugs lately. Just now i am unable to log into the app even though ive set it to face id, preventing me to do any transactions. Such a let down",4.66.3,0,2026-04-12T02:20:35-07:00,Jenius,jenius,app_store,1079340119
13949410202,A.Lthf,2,Tidak bisa login,"Tetiba ga bisa login pake face recognition, besan berhasil login tapi tetep di halaman login, coba uninstal trs login lagi ada notif reached the maximum attempt",4.66.3,0,2026-04-12T01:57:32-07:00,Jenius,jenius,app_store,1079340119
13949374690,D.Mayza,1,Aplikasi gangguan,Lebih dari 3jam aplikasi gak bisa di buka. Sudah coba semua cara restart dan apus ulang ttp sama saja. Misal ada maintenance harusnya dilakukan saat end of day at midnight lah.,4.66.3,0,2026-04-12T01:41:30-07:00,Jenius,jenius,app_store,1079340119
13949310220,dwibo1,3,Aplikasi sering mengalami gangguan login dalam,Aplikasi dalam 4-3 bulan terakhir mengalami penurunan kualitas layanan. Saya tidak bisa login dan mengakses layanan selama 3-10 jam. Janji Jenius dalam menarik feesible guna meningkatkan layanan seperti tidak dilaksanakan dengan baik. Saya akan berhenti menggunakan layanan Jenius.,4.66.3,0,2026-04-12T01:12:18-07:00,Jenius,jenius,app_store,1079340119
13949032743,Ilhamm36,1,Gagal Login,Udah login berkali-kali tetap gagal & ga berhasil masuk,4.66.3,0,2026-04-11T23:02:12-07:00,Jenius,jenius,app_store,1079340119
13948872929,alzea arafat,1,Slow and buggy mess,"The app is very slow, and buggy.",4.66.3,0,2026-04-11T21:44:29-07:00,Jenius,jenius,app_store,1079340119
13944597006,aku yang gabut gada ni game,1,Aneh,"Kalo udah login di device baru, harus auto logout di device lama dong. bikin ribet aja",4.66.3,0,2026-04-10T17:16:30-07:00,Jenius,jenius,app_store,1079340119
13941901097,cari3s,1,So many bugs,Aplikasi busuk banyak bug. Mana sekarang transaksi online perlu buka apps nya.,4.66.3,0,2026-04-10T00:06:23-07:00,Jenius,jenius,app_store,1079340119
13941508901,Wahyuanugrahhhh,1,Bintang 1,"Ga recommend, hati hati. buat login dipersulit. Hubungi cs nya makan pulsa 50k, ujung ujungnya ttp gabisa login. Hadehh",4.66.3,0,2026-04-09T20:42:07-07:00,Jenius,jenius,app_store,1079340119
13934778251,Beruangz,1,Scam?,Hanya perusahaan cc ini yang jika mau penukaran miles ada minimum point nya sebesar 40.000 yay point baru bisa redeem. Bikin ribet ruwet sengaja banget. Tiba tiba bulan lalu yay point saya expired 9.800 tanpa adanya pemberitahuan. Hilang begitu saja,4.66.3,0,2026-04-07T23:51:23-07:00,Jenius,jenius,app_store,1079340119
13925519837,Kakaram nst,1,APLIKASI BAPUK,"Gila ya, ga sekali doang nih history transaksi saya ga ke cetak. Bisa2 nya saya transaksi tp tidak tercatat dana keluar masuknya. 2026 terjadi seperti itu, 2024 juga pernah terjadi, di 2025 juga samaaa. 3 tahun berturut turut hal kaya gini ga bisa diatasi. Belum lagi aplikasi sering eror dan auto ke logout. Perbaiki dong, jgn potongan doang yg cepet dinaikin. Sebel bgt",4.66.0,0,2026-04-05T08:20:48-07:00,Jenius,jenius,app_store,1079340119
13920811925,kusumangga02,1,App ga jelas,"Sebelumnya saya sudah mendaftarkan akun jenius dengan device xsmax. Setelah beberapa jam saya tidak login ke jenius, tiba2 akun ter-logout otomatis, cobalah saya login kembali dan ternyata malah disuruh buat pin baru serta unlink previous device padahal device masih sama yaitu menggunakan xsmax. buat programmer, pake segmen mac address ya jangan pake ip.",4.66.0,0,2026-04-04T01:30:35-07:00,Jenius,jenius,app_store,1079340119
13917131062,angellee177,1,"Logout sendiri, verifikasi ribet","App Jenius logout sendiri, harus ulang login dengan email dan password. Somehow face scanner ga bisa, cuma bisa pakai email dan password. Habis itu disuruh verifikasi kode melalui sms, padahal saya sudah beralih dari sms ke WhatsApp, dan nomor hp sudah tidak aktif. Mohon untuk verifikasi diganti ke WhatsApp saja agar lebih efficient.",4.66.0,0,2026-04-03T01:52:56-07:00,Jenius,jenius,app_store,1079340119
13917100322,samz0514,5,Jenius,Kenapa ga bisa login ini jenius error terus saya sampe hapus apk nya download lagi ga bisa login tetep error gimana ini jenius,4.66.0,0,2026-04-03T01:38:51-07:00,Jenius,jenius,app_store,1079340119
13917066307,your bby gurl,3,lemot,kenapa mau login susah banget ya? dari kemarin mau login gabisa pls kalo ada update update aja biar ga lemot gini🙂🙏🏻,4.66.0,0,2026-04-03T01:22:56-07:00,Jenius,jenius,app_store,1079340119
13917016087,jsuxbe,1,sampah,"aplikasi sampah, sering banget susah masuk ke appsnya padahal internet bagus dan mbanking lain bisa di akses normal, lagi urgent jadi rugi banyak karena ga appsnya susah di akses",4.66.0,0,2026-04-03T00:59:16-07:00,Jenius,jenius,app_store,1079340119
13916999153,daden_da,1,tidak bisa login,saya rubah setelah bener,4.66.0,0,2026-04-03T00:51:12-07:00,Jenius,jenius,app_store,1079340119
13916318335,Sales gajelas,1,PEMAKSAAANNNNN,PEMAKSAANNNN,4.66.0,0,2026-04-02T19:19:53-07:00,Jenius,jenius,app_store,1079340119
13908767512,achmad alamsyah z,2,susah login,kenapa sya tidak bisa login ke akun sya sendiri,4.66.0,0,2026-03-31T17:24:29-07:00,Jenius,jenius,app_store,1079340119
13906432471,septian adi permana,1,Login face id ga ter rekognisi,"Eror g bs masuk app, mo contact service malah harus login dl, lhah kocak, masalahnya d loginnya kok",4.66.0,0,2026-03-31T03:26:53-07:00,Jenius,jenius,app_store,1079340119
13900370700,fahirar,1,TOLONG DIPERBAIKI!!!!!!!,"kerja lambat! masa data nasabah ga ke input. dan apk nya juga aneh kirim gambar ko hrs pdf , ribet!",4.66.0,0,2026-03-29T09:00:32-07:00,Jenius,jenius,app_store,1079340119
13897250872,loliposmien,1,kendala aplikasi,"padahal baru daftar gara gara di tawarin ama sales hjenius di aeon tanjung barat. masa tiba tiba gak bisa mana duit gua di pindahin di situ semua lagi ama salesnya, tolong dong ini lagi mendesak masa baru make udah di giniin aja",4.66.0,0,2026-03-28T11:55:22-07:00,Jenius,jenius,app_store,1079340119
13895961458,Nandosk21,1,App bank digital jelek,Mau reset password dan ubah perangkat aja ribet harus call cs dan video call nya gak bisa,4.66.0,0,2026-03-28T05:06:09-07:00,Jenius,jenius,app_store,1079340119
13882713271,Sndkfo,1,Lemot,Aplikasinya lemot bgtt asli loadingnya aja sampai 15 menitan apalagi kalau mau bayar qris susah bgt ngescan sama lemotnya,4.66.0,0,2026-03-24T10:53:02-07:00,Jenius,jenius,app_store,1079340119
13874836722,@di2000,1,Unlink device,"Tidak bisa unlink device, saya coba telpon cs tidak bisa",4.66.0,0,2026-03-22T05:04:41-07:00,Jenius,jenius,app_store,1079340119
13858788728,Tasyasisilia,1,Gak jelas,"dipaksa download aplikasi di mall central park, tapi spg nya jutek dan gak professional. menjelaskan nya tidak jelas sehingga giliran di tanya malah emosi",4.66.0,0,2026-03-17T13:12:08-07:00,Jenius,jenius,app_store,1079340119
13855288196,movinpao,1,CS absolutely sucked,"Great product, help all of my needs. Customer experience was the worst, CS kebelet mau sahur, problem belum selesai sampai sudah di end

And what’s up with the 30s or something perlu login ulang dan memastikan user merhatiin layar terus. FYI your CS perlu balas diatas 2 menit dan muncul itu pop up sampai 4x. Profit yes, UX no, so sad lol :(

You got tribes of UX Designers but couldn’t solve this small yet global UX issue, what a shame",4.63.2,1,2026-03-16T12:44:16-07:00,Jenius,jenius,app_store,1079340119
13853813096,Ksbdjlsis,1,RIBET,Tiba tiba ke logout sendiri coba masuk ulang harus unlink device padahal login di hp yang sama dan prosesnya bener2 ribet gajelas mana uang nyangkut di situ mau dipake susah hadeuh kapok pake jenius,4.63.2,0,2026-03-16T03:58:44-07:00,Jenius,jenius,app_store,1079340119
13850903057,Apid jack,1,Sampah,"Pegawai nya maksa dan buang” waktu jadi ketinggalan mau nonton film, hati” aja depan pintu aeon mall bsd",4.63.2,0,2026-03-15T07:15:06-07:00,Jenius,jenius,app_store,1079340119
13849382426,Yuskd,1,"Slow, Heavy App with Incomplete QRIS Support","I’ve been using the Jenius app for quite some time, but the experience has become increasingly frustrating.

First, the app feels very heavy and slow. This becomes especially noticeable when making QRIS payments in places with congested networks such as malls, convenience stores, or inside buildings. In situations where payments should be quick and seamless, the app often takes too long to load or respond. For something as simple as paying with QRIS, this level of sluggishness defeats the purpose of digital payments.

Second, the bank identity is confusing and inconsistent. In different banking apps, the same bank appears under different names — sometimes Jenius, sometimes BTPN, and sometimes SMBC. This inconsistency makes it unnecessarily difficult to find the correct bank when trying to transfer money.

Third, the QRIS implementation feels incomplete. The app only allows users to scan merchant QR codes, but it cannot display a personal QRIS code for merchants to scan. Some stores ask customers to present their QR code instead, and in those situations the Jenius app simply cannot be used.

Overall, the app feels unnecessarily heavy, inconsistent, and missing basic functionality that many other financial apps already support. I hope the team seriously prioritizes performance optimization, clearer bank identity across platforms, and a more complete QRIS implementation. Users rely on this app for everyday transactions, and the current experience falls short of what a modern digital banking app should deliver.",4.63.2,0,2026-03-14T20:10:17-07:00,Jenius,jenius,app_store,1079340119
13846085332,janwbvd,1,fakass sales and marketinf,get ur sales team on a leash so they dont bite my feet at the mall,4.63.2,0,2026-03-13T22:33:20-07:00,Jenius,jenius,app_store,1079340119
13846060513,vlntn.,1,feesible?,feesible gila cokk sampe 20 rb jir,4.63.2,0,2026-03-13T22:20:23-07:00,Jenius,jenius,app_store,1079340119
13842516366,sahaaanjing,1,jangan mau download,"masa dulu bilang nya gaakan ada biaya potongan seperti bank konvensional ternyata scam cuman 3 bulan saja, lalu potongan pun mahal dibanding bank konvensional hanya 2,500 tapi ini 10.000 perbulan gila mau naik haji dan sekarang gue tiba tiba dipotong 120.000",4.63.2,0,2026-03-12T21:33:59-07:00,Jenius,jenius,app_store,1079340119
13841743412,Liem880,1,scam aplikasinya baru di topup abis itu akun di blokir,baru aja di tf langsung akun di blokir  alasan ini lah itu lah,4.63.2,0,2026-03-12T15:48:04-07:00,Jenius,jenius,app_store,1079340119
13833275423,chen14143030,1,BUAT CC JENIUS DISETUJUI,"BUAT CC JENIUS PAKE APP JENIUS, CC sudah di approve tapi ganti gadget baru.. gak ada penyelesaian apapun dari CS maupun dari CS BANK SMBC nya",4.63.2,0,2026-03-10T05:09:52-07:00,Jenius,jenius,app_store,1079340119
13821548907,ciya567,1,Kesel,gatau ini jenius kenapa udah pake 3 thn kok pelayannya kek gini timnya bad ngasih penjelasan tapi php padahal kita udah sportif,4.63.2,0,2026-03-06T17:50:00-07:00,Jenius,jenius,app_store,1079340119
13818357416,Farey Rionzo,3,Bug,"Banyak bugnya, mau login aja susah setelah login ke logout sendiri aneh dari kapan tahu bugnya ga di perbaiki",4.63.2,0,2026-03-05T19:29:47-07:00,Jenius,jenius,app_store,1079340119
13805555932,putri lestari,1,"Very disappointed Bank, unnecessary insufficient withdrawal fee, without genuine CS","I used to very proud of Jenius, back when first year of using the debit card, practically smooth and easy transactions when I travelled abroad in UK/ EU zones. But, lately I’m very disappointed for Jenius customer care and support services. Unclear and unnecessary for insufficient funds fee 5000. If you know that it’s insufficient then just don’t deduct it over and over again, stupid! And Jenius apparently not protecting its customers from random payments attack, it’s should be a formal notification when certain transaction is asking for withdrawal from our accounts. Where’s your concern and responsibility as a bank knowing that my account in this past 3 months has been randomly deducted by brands that I don’t event know. Last case, “cow cash” stupid feature. It just abruptly withdrew my money to a “saving feature” even without my consent. And when I complained, the CS only tell me to return it again by myself.",4.63.2,0,2026-03-02T03:29:10-07:00,Jenius,jenius,app_store,1079340119
13805431603,amanenjoy,1,ganggu,"seles nya yang jaga booth di sms bsd ganggu banget maksa suruh bikin sampe gua ga bisa makan, sekelas jenius ga ngerti cara nanganin calon nasabah terlalu ngejar target jelek dah pelayanan nya",4.63.2,0,2026-03-02T02:33:32-07:00,Jenius,jenius,app_store,1079340119
13804851470,Koreografi,1,Tidak profesional,Pelayanan nya tidak profesional,4.63.2,0,2026-03-01T21:32:52-07:00,Jenius,jenius,app_store,1079340119
13783819400,ealxjz_,2,Jelek,"Aplikasi jelek selalu keluar sendiri, registrasi selalu eror kalo, ngga berguna, kalau bukan karena kantor sya tdk buat rekening ini, nda ada jalan keluarnya udh ke kantor cabang tetap jga nda ada solusi aplikasi sampah",4.60.0,0,2026-02-24T04:36:43-07:00,Jenius,jenius,app_store,1079340119
13777194617,RRiando,2,"Cek, E-statement tahunan Berbayar","Sangat mengecewakan, cek e-statement 6 tahun terakhir harus bayar Rp 50.000 dan harus menunggu seminggu !! Di bank lain gratis dan bisa langsung tarik di aplikasi atau website. Disappointed!!",4.60.0,0,2026-02-22T07:14:26-07:00,Jenius,jenius,app_store,1079340119
13772333997,GFavian,1,CS tidak responsif,"CS bank terjelek sepanjang massa selama saya pakai produk bank digital. Mencoba transaksi Qris sumber CC disebuah SPBU rest area Tol, di Jenius sukses tetapi di mesin EDC tidak terdeteksi. Jam transaksi di jam 12.04 malam. Memang jam rawan untuk transaksi. Ketika menceritakan keluhan di Aplikasi Jenius yang terhubung dg CS in App dikatakan bahwa jam tersebut tidak dapat memproses laporan dan disuruh kembali melanjutkan laporan ketika jam kerja. CS tergoblok atau SOP tergoblok. Namanya transaksi, suka2 nasabah. Ketika ada keluhan malah disuruh kembali lagi disaat jam kerja. Bank lain yang memiliki produk digital tidak segoblok ini dalam menangani laporan. Semua gercep jika ada laporan pada CS in App dan semua langsung memproses dengan penjelasan yg detail tanpa babibubebo. Sekarang transaksi 480 ribu tersebut, ya walopun kecil dan tetap billed di aplikasi jenius. Mau balik atau tidak limitnya, saya tak ambil pusing. pelajaran terpenting bagi saya yaitu tidak akan pakai Qris sumber CC di jenius lagi. Prosesnya goblok. 🤭
Belajar sono sama Bank Himbara yang sudah memulai Qris sumber CC lebih dahulu, jangan asal ikutan tapi sistemnya gak jelas.",4.60.0,0,2026-02-20T23:21:52-07:00,Jenius,jenius,app_store,1079340119
13772326925,Nohansa,4,qris nfc,"boleh saran, agar aplikasi jenius mendukung qris nfc atau qris tap, agar bisa digunakan oleh smart watch atau apple watch, terima kasih.",4.60.0,0,2026-02-20T23:18:19-07:00,Jenius,jenius,app_store,1079340119
13764913297,Xrysl,1,APLIKASI SAMPAH,jangan pernah pake mbanking ini. udah bayar tagihan masih ada ditagih terus. di chat cs nya sama aja sifatnya. payah.,4.60.0,0,2026-02-18T20:34:21-07:00,Jenius,jenius,app_store,1079340119
13754760050,epwt,2,SMBC Chat Selalu Crash,"Saya menghubungi CS untuk menanyakan tentang product Mutual Fund yg saya beli sejak 12 Feb hingga 16 February saya belum dapat konfirmasi apakah successful atau masih pending. Status Nilai Investasi masih “on progress” selama 4 hari. Saya coba chat dgn CS ternyata Chat system Jenius sangat rentant crash dan kembali ke login page lagi, sangat tidak nyaman",4.60.0,0,2026-02-16T00:52:31-07:00,Jenius,jenius,app_store,1079340119
13751376285,Reviewajapokoknya,1,Baru daftar sudah di blok,"Baru daftar, sudah di top up, bikin virtual card, 
Mau lihat info virtual card Eh tiba2 dibilang salah password, 

Logout masukin pin, salah pin,  trus ada opsi masuk masuk pake password, trus bikin pin pake otp ke sms, trus pin nya di pake , katanya salah pin, muter aja kayak spagetti

Telp cs, infonya diblok, Suruh datang ke cabang, untuk pengkinian data, aneh, lah kan pas daftar uda pake ktp, npwp, verifikasi wajah, harusnya klo dianggap data registrasi g bener ditolak dari awal, 

Ngapain minta pengkinian? Apanya lagi yg mau diupdate uda dikasih semua info?!",4.60.0,0,2026-02-15T02:29:46-07:00,Jenius,jenius,app_store,1079340119
13750628931,Yennjakakak,1,SALDO E-TOLL HILANG,"jangan top up e-toll pakai jenius, saldo di tarik dari rekening aktif namun tidak bisa ternupdate ke kartu etoll. No solition from their team. Beware",4.60.0,0,2026-02-14T20:34:41-07:00,Jenius,jenius,app_store,1079340119
13750369206,Nauvalsh,1,Face recognition,"Face recognition kenapa ga bisa2 sih, sampe pegel leher",4.60.0,0,2026-02-14T18:37:26-07:00,Jenius,jenius,app_store,1079340119
13740944094,Denxatoo,2,Feesible Kocak,"Feesible fee yang terakumulasi. Begitu ada saldo langsung disikat. Kocak beud. Mending pindah ke bank digital lain lah.. Lengkap pilihan, bebas fee bulanan!",4.60.0,0,2026-02-12T04:34:26-07:00,Jenius,jenius,app_store,1079340119
13740120176,Suryo Super,3,Lemot,"Dibagian aset lemot bgt, beda dg android.",4.60.0,0,2026-02-11T22:14:57-07:00,Jenius,jenius,app_store,1079340119
13737648945,Capybaraxxz,1,Unlink Device,"Tolong diperbaiki proses unlink device karena sering menyulitkan user.
Keyika ganti device atau device ke reset, sesi login masih nyangkut si device lama atau bahkan bisa aja nyangkut di device yang sama. Bayangkan ketika user sedang urgent, mau transaksi malah tidak bisa dan harus nunggu 2 hari kerja?!",4.60.0,1,2026-02-11T05:49:23-07:00,Jenius,jenius,app_store,1079340119
13736052348,aor4567,1,Bad otp mechanism since changed to the apps only,Please fixed the problem! The otp is often didnt show up in the request page!! Consider that not every area have a strong signal! You make us hard to transac,4.60.0,0,2026-02-10T18:09:14-07:00,Jenius,jenius,app_store,1079340119
13730926720,zik435,1,Internal confidential,The reason is an internal confidential,4.60.0,0,2026-02-09T08:01:52-07:00,Jenius,jenius,app_store,1079340119
13730765417,nrdnty,2,LEMOT,LEMOT BGT CACAT,4.60.0,0,2026-02-09T07:09:12-07:00,Jenius,jenius,app_store,1079340119
13729609990,Agngnb,1,Notifikasi bayar dengan CC tidak muncul di halaman notifikasi,Sesuai judul,4.60.0,0,2026-02-08T23:22:50-07:00,Jenius,jenius,app_store,1079340119
13715705463,APLIKASIH SAMPAHHHH,1,APLIKASI SAMPAH,"Ntah udah berapa kali alamin ga bisa top up dari bank mana pun, sampe udah malas mikirnya 

Setiap kali di up , asik di suruh tunggu , mana tagihan udah mau jatuh tempo

Sangat sangat tidak layak di gunakan untuk manusia yang ga suka ribet kek aku , ga mau lagi pakai ini bank , selesai urus tagihan SAYA TIDAK AKAN PAKAI LAGI BANK INI",4.60.0,0,2026-02-05T06:01:06-07:00,Jenius,jenius,app_store,1079340119
13704291120,nicknme isaiah wat,1,Slow load,"Always forever loading, trash server",4.60.0,0,2026-02-02T03:33:22-07:00,Jenius,jenius,app_store,1079340119
13703625381,YISKALIENE,3,Update gagal,Tolong ini kenapa mau update gabisa terus ya?,4.60.0,0,2026-02-01T22:22:24-07:00,Jenius,jenius,app_store,1079340119
13696699714,saustartar6,4,Cant input OTP from iPad,"The number can’t be clicked, suggest u to give link so we can open it to confirm",4.60.0,0,2026-01-31T04:54:54-07:00,Jenius,jenius,app_store,1079340119
13688247026,Rating aja ga bisa,1,Aplikasi tersampah,"Gak guna banget apps ini, makan data email dan nomor org berkali-kali. Sudah register pakai beberapa email dan nomor semuanya error. Ga bisa log in. Sudah call center beberapa kali, tapi gak ada solusi. Akhirnya samperin ke bank langsung, infonya bakal dibantu penghapusan data. Tapi sudah 2 bulan lebih gak ada hasil sama sekali, gak ada follow up dan feedback. Semua data masih belum bisa dipakai. Coba regist pakai data baru dan device lain juga tetep error terus. Tolong ini data sy gak bisa dipakai gimana?? 👎🏿👎🏿👎🏿👎🏿👎🏿",4.59.0,1,2026-01-29T00:06:39-07:00,Jenius,jenius,app_store,1079340119
13680303934,Gerald Tunandi,1,BANK TERKONYOL,"Bayar kartu kredit aja susah harus ini lah itu lah, pdhal kita mau bayar, eh goblok KARTU KREDIT BANK LAIN AJA TIDAK BANYAK SYARATNYA KEK LU GOBLOK TUTUP AJA CEPAT BANKNYA DRPD NYUSAHIN ORANG

YANG BARU MAU COBA MENDINGAN JANGAN SANGAT TIDAK RECOMMENDED, BARU PERTAMA KALI SY LIAT BANK MAU BAYAR AJA DIPERSULIT",4.59.0,0,2026-01-26T21:08:20-07:00,Jenius,jenius,app_store,1079340119
13676502857,Khrisnagunanasurya,1,Support yang buruk dan aplikasi yang buggy,"CC nyangkut di alokasi limit, padahal sudah dapat email berhasil alokasi, nunggu sampai hampir 1 jam tidak ada perubahan.

Minta ke support buat tolong cek, berbelit belit dan untuk validasi data butuh tau total credibility? Aneh banget, gak make sense cuma buat bikin pelaporan perlu tau total credibility. 

Pada akhirnya gw kasih tau, cuma nunggunya bisa sampai 6 hari, wtf? 
Cuma buat issue simpel aj butuh segitu lama?

Apa karena lebih mempriotaskan user dengan total credibility yang jauh lebih besar? Kocak asli

Lalu tolong kasih lebih banyak pelatihan buat CS”nya terlebih lagi yang atas nama Isabella, sudah dikasih screenshot (ada waktu dan messagenya), + dikasih kronologi, 
Di akhir” untuk pembuatan laporan malah minta semua hal yang udah dikasih, males baca apa gimana dah",4.59.0,0,2026-01-25T20:05:01-07:00,Jenius,jenius,app_store,1079340119
13674361581,steff1006,2,Too much biaya,"Mau bikin kartu kredit msti bikin debit dlu dan biaya bulanan 10rb.
Pakai kartu kreditpun ada biaya notif 10rb per bulan.
Mau ubah ke cicilan 0% pun kena biaya 20rb per transaksi… too much sih, kita mau dpt bunga 0% sama ajaa kayak bayar bunga jadinya.
Poin yg kita dpt juga jdnya kayak berasa tambal sulam ckck",4.59.0,0,2026-01-25T07:16:50-07:00,Jenius,jenius,app_store,1079340119
13664461016,Beby melinda,1,Kena potong fee,"Duuuh nyesel bgt download lagi jeniuss,bisanya dipotong uangku katanya uang fee dari feb-jan sebesar 120rb,niatnya menabung diletak di bagian simpanan eh tetap dipotongg,gk lagideh 🤧",4.59.0,0,2026-01-22T16:02:08-07:00,Jenius,jenius,app_store,1079340119
13663090766,an brilliant,2,PIN Instead of Password,Kok apa apa minta password. Tolong dong kalo acc transaksi dan lain lain pake pin. Bukan password. Kebalik deh ini aplikasi,4.59.0,0,2026-01-22T07:40:39-07:00,Jenius,jenius,app_store,1079340119
13660965873,Ajengiyasss,1,Hati hatiii sering fraud dan kartu tidak aktif masih bisa buat transaksi,"Komplain ke chat gak guna, buang2 waktu dan harus mantengin chat! Karena klo ga keluar, ngulang dari awal, minta tiket laporan gak dikasih2",4.59.0,0,2026-01-21T17:03:18-07:00,Jenius,jenius,app_store,1079340119
13660310323,Palembang11,1,"Tiba2 di potong duit gw 120 ribu tanpa pemberitahuan, jgn pernah pake aplikasi ini",Aplikasi sampah,4.59.0,0,2026-01-21T12:42:31-07:00,Jenius,jenius,app_store,1079340119
13658850974,Sherry Njoto,3,Error,Not able to browse from gallery. Please fix it.,4.59.0,0,2026-01-21T04:37:17-07:00,Jenius,jenius,app_store,1079340119
13658647513,faaaaak you,1,CS Bodoh,"CS nya sangat sangat bodoh, apalagi yang namanya agen Luna, kaya ngomong sm bot",4.59.0,0,2026-01-21T03:23:22-07:00,Jenius,jenius,app_store,1079340119
13646018226,r1d0ne,1,withdrawal,"I sent money from my PayPal and it hasn't been credited to my balance for 5 days. My question is, where did my money go? Or was it lent to someone else from SMBC. Support and open a Buryk service ticket, there is no good solution.",4.58.0,0,2026-01-17T18:11:49-07:00,Jenius,jenius,app_store,1079340119
13639486566,Sakii33,1,Service-nya jelek banget,Saya ingin log in lagi setelah sudah lama log out. Dapat pesan OTP tapi tidak tercantum nomor OTP-nya. Saya sampai datang ke service point offline-nya dan menghubungi CS berkali-kali via e-mail dan telepon. Pelayanannya tidak membantu.,4.58.0,0,2026-01-16T03:23:26-07:00,Jenius,jenius,app_store,1079340119
13636259130,Kukiztee,1,Asking me to update while it’s already latest update,Asking me to update while it’s already latest update,4.57.1,0,2026-01-15T06:09:25-07:00,Jenius,jenius,app_store,1079340119
13635426922,elekwkiwjwj,1,app gjls,"plis apk apa ini,seles nya memaksa bgt wkwkkw",4.57.1,0,2026-01-15T00:56:44-07:00,Jenius,jenius,app_store,1079340119
13634152781,LakawanGuy,1,Hati hati dibobol,Akun saya dalam rentang waktu 6 bulan mengalami pembobolan baik itu melalui e-card dan CC.,4.57.1,0,2026-01-14T15:29:16-07:00,Jenius,jenius,app_store,1079340119
13616534907,Rama Akrama,1,Sulit apdet,Kenapa kok ga jalan2 apdet jenius… buat apdet susah banget… kalo ga d apdet gabisa buka… aneh,4.57.1,0,2026-01-10T02:35:21-07:00,Jenius,jenius,app_store,1079340119
13612146938,abcdefanny,3,kesulitan login,"udah verifikasi wajah trus pas masukkin kode referral malah logout, pas mau login lagi katanya udah login di perangkat lain, gimana sih",4.57.1,0,2026-01-08T23:41:02-07:00,Jenius,jenius,app_store,1079340119
13606562788,Rarat ani,1,Pemerasan,Tolong kalau emang sudah di tahan masak di buat denda,4.57.1,0,2026-01-07T12:02:28-07:00,Jenius,jenius,app_store,1079340119
13604893069,hangomeister,1,Gagal login,Face id berhasil tapi login gagal terus. Tidak ada tombol reset pasworrd atau apapun itu hanya ada tombol login,4.57.1,0,2026-01-07T03:05:26-07:00,Jenius,jenius,app_store,1079340119
13597291882,Misael999,1,Bank bodoh,"Aplikasi doang namanya jenius aslinya tidak, mau login ulang susah proses nya dibbanding bank lain, unlink device sudah seminggu lebih tidak di kontak lagi, jangan pakai bank ini saran aja mending bank lain, dari segi nama aja ganti2 emg bener2 bank gak jelas",4.57.1,0,2026-01-05T03:43:11-07:00,Jenius,jenius,app_store,1079340119
13596825889,aaaaaaaahahahhaa,1,👎🏼,Kode otp ga masuk email. Mau pake login akun lama susah nya ampun dah,4.57.1,0,2026-01-05T00:33:53-07:00,Jenius,jenius,app_store,1079340119
13593496027,_karimmalik,1,customer service chat,"konyol sih, masih dalam antrian harus nunggu. kalau di diemin kelamaan ketendang dari chat customer service",4.57.1,0,2026-01-04T04:59:52-07:00,Jenius,jenius,app_store,1079340119
13585194276,BungMais.com,1,Saldo saya hilang gak jelas jenius,Saldo saya hilang gak jelas jenius,4.57.1,0,2026-01-02T05:29:12-07:00,Jenius,jenius,app_store,1079340119
13564277252,Ajajkkkkkee,1,DRAMA UNLINK DEVICE,"Aneh bgt pdhl gw baru aja bkin akun di hp ini, knpa tiba2 pas gw mau login harus unlink device, kan gw ga ganti hp sama sekali, mana kalo mau dibenerin harus call centre anying aneh nyesel gw instal jdi ga bsa login lagi!!!!!!!!",4.57.1,0,2025-12-28T02:21:46-07:00,Jenius,jenius,app_store,1079340119
13563951954,surya2333,1,login gagal,setelajh update tidak bisa login,4.57.1,0,2025-12-28T00:03:20-07:00,Jenius,jenius,app_store,1079340119
13545828716,h0niiiiiiii,2,BINTANG YANG BERBICARA,sales jenius yang di AEON DELTAMAS GASOPAN BANGET mba-mba nya nyolottt🙏🏻,4.57.1,0,2025-12-23T04:21:54-07:00,Jenius,jenius,app_store,1079340119
13537124641,errrrrrrrrky,3,Notifikasi mengganggu,"Promo terus, yang penting2 jadi ketutup, bad UX",4.56.1,0,2025-12-20T19:03:10-07:00,Jenius,jenius,app_store,1079340119
13529177687,banyak nanya lu setan,3,Customer service sok cool,"Serius customer service minim attitude masak orang di panggil mbk, udah kayak pembantu aja",4.56.1,0,2025-12-18T16:02:41-07:00,Jenius,jenius,app_store,1079340119
13521870616,Ayjntk,1,Apk aneh,Udh berhasil registrasi besoknya buka apknya malah terteta akun telah log in dprangkat lain. Kan lucu,4.55.0,0,2025-12-16T15:50:01-07:00,Jenius,jenius,app_store,1079340119
13508654734,Andar sitorus,1,Pelayanan slow,"Tidak ada yang perlu di harapkan dari aplikasi ini, pelayanan slow dan bertele-tele",4.55.0,0,2025-12-13T05:28:36-07:00,Jenius,jenius,app_store,1079340119
13508541925,Aqilaayunani,1,-,Penipuan ini bank,4.55.0,0,2025-12-13T04:54:04-07:00,Jenius,jenius,app_store,1079340119
13501914606,Bungantr,1,SALDO HILANG,"Bad trip pake apps ini, ngga ada notification tiba2 saldo hilang + toxic karna banyak hidden fee yg tanpa diberitahu terlebih dahulu tiba2 saldo terpotong",4.55.0,0,2025-12-11T09:56:50-07:00,Jenius,jenius,app_store,1079340119
13498150335,kosong satu,1,q ris cacat,"ke 5 kali transaksi pake q ris status transaksi berhasil saldo aktif terpotong di rekening tujuan tidak ada saldo pemberitahuan di terima , lapor ke cs tidak ada follow up.",4.55.0,0,2025-12-10T09:31:58-07:00,Jenius,jenius,app_store,1079340119
13489357486,Cupas12345,2,Minggrasi,"Untuk perpindahan device terlalu ribet harus unlink device atau datang ke bang, sendangkan hp lama rusak",4.54.2,0,2025-12-08T02:34:32-07:00,Jenius,jenius,app_store,1079340119
13485297375,Dna alg,4,Gabisa hapus anual fee sudah lapor tetap gabisa,"Sudah lapor hapus anual fee tapi tidak bisa alasan sudah lebih 60  hari tidak bisa hapus biaya. Review akan diubah kalau refund biaya anual fee sudah berhasil

Sudah di refund dana nya , thanks",4.54.2,0,2025-12-07T01:54:15-07:00,Jenius,jenius,app_store,1079340119
13480930679,Coklatos28,1,Ribet,"Ribet mau unlink device dari hp yg lama gimana hpnya udh ga ada,,,,,",4.54.2,0,2025-12-06T00:32:41-07:00,Jenius,jenius,app_store,1079340119
13479806398,Agung2001,1,Versi terbaru UI jelek,"Update terbaru di aplikasinya UI nya jelek banget. Satu tombol menu untuk semua action, malah jadi bikin bingung pengguna, kalo mau quick action bayar dst malah jadi ribet harus cari2 dlu, 

lebih suka sama UI yg dlu sederhana menu2 nya terpisah, mudah diginakan",4.54.2,0,2025-12-05T17:03:16-07:00,Jenius,jenius,app_store,1079340119
13476550357,Byp8,1,Penyesuaian nama rekening,"Payah bgt. Nama akte dan KTP sama, tapi minta surat baptis. Lah nama disurat baptis salah. Ngotot minta surat ganti nama di pengadilan. Saya gk pernah ganti nama og. Di bank lain lancar, tinggal pakai KTP dan akte/surat nikah. Disini ribet banget. Pindah bank lain aja",4.54.2,0,2025-12-04T21:19:54-07:00,Jenius,jenius,app_store,1079340119
13474359640,Daki Iyok,1,Buruk,"Semejak ganti smbc , lelet, topup susah. bayaran susah dll susah.
kadang mau tf aja susah",4.54.2,0,2025-12-04T07:23:12-07:00,Jenius,jenius,app_store,1079340119
13472531393,nmkther,5,Sangat recommended,"The best one i ever had, 
Pelayanan cepet, 
Flexi cash bunga kecil, kartu kredit, pinjaman semua ada. 
Thank you jenius",4.54.2,0,2025-12-03T19:21:07-07:00,Jenius,jenius,app_store,1079340119
13467087052,gabrielaongky,2,"Formal Complaint Regarding Poor Customer Care, Unauthorized Charges, and System Security Issues","I am writing to file a formal complaint regarding the extremely poor customer care I experienced and the serious issues related to unauthorized charges and system security.

Seven days ago, I used my credit card to make a one-time USD 1 payment on a website to download a file converter. The website does not require any signup or subscription—payments are only charged when downloading, and even previews are free. However, tonight I suddenly discovered a USD 40 charge from the same website, which is completely unauthorized.

When I contacted customer care, the representative was unprofessional, unclear, and excessively long-winded. Customer care should follow clear SOPs and respond promptly, yet he kept insisting that it was a “subscription payment,” even after I repeatedly clarified that the website is not subscription-based and operates purely through one-time payments. I had to firmly press him multiple times before he finally agreed to create tickets—one for blocking my card and another to dispute the transaction. The call lasted nearly 20 minutes, which is unacceptable considering the urgency of preventing additional unauthorized charges.

What makes this even more disappointing is the fact that Jenius has always been one of my favorite digital banks, and I have been a loyal user since its early days. It is extremely concerning that a “bank” cannot be fully trusted, and that customer care staff are unable to distinguish between issues that require urgent ticket creation versus those that are simply general inquiries. This lack of clarity and competence puts customers at risk and causes unnecessary stress.

Additionally, I am now constantly anxious about keeping funds in my Active Balance because unknown transactions can suddenly appear. It is exhausting to repeatedly block my card and wait for replacements.

Furthermore, the app often experiences errors and becomes slow, especially when transferring Flexi Cash to Active Balance. The system’s security, reliability, and the quality of customer care urgently need improvement to prevent incidents like this from happening again.

I request immediate action on the disputed transaction, improved customer service standards, and serious attention to Jenius’ system and security vulnerabilities.

Thank you.",4.54.2,0,2025-12-02T08:49:02-07:00,Jenius,jenius,app_store,1079340119
13465042095,Dwintak,5,Akses mudah dan cepat,"Menabung mata uang asing paling mudah dan cepat, pembelian token listris mudah cepat dan murah, jenius adalah app perbankan paling bagus nomor 1 menurut saya",4.54.2,0,2025-12-01T19:52:43-07:00,Jenius,jenius,app_store,1079340119
13458565463,pussytai_666,3,ngebug mulu cong,SUKA EROOOORRRRRRRR,4.53.0,0,2025-11-30T05:10:17-07:00,Jenius,jenius,app_store,1079340119
13454186177,Rexymo,3,Update problem,"Aplikasi tidak bisa dipakai kalau tidak update, sangat menyusahkan",4.53.0,0,2025-11-29T02:47:37-07:00,Jenius,jenius,app_store,1079340119
13453324267,Ririnwahab,5,Saving,Very good,4.53.0,0,2025-11-28T20:48:51-07:00,Jenius,jenius,app_store,1079340119
13449547123,@Int81,3,Marketing Notification Mengganggu,"Tidak ada opsi untuk mematikan notif marketing. Harus matikan dari setting HP, yang justru berisiko pengguna akan missed notif2 penting. Ini sangat sangat mengganggu kenyamanan pengguna.",4.53.0,1,2025-11-27T22:34:30-07:00,Jenius,jenius,app_store,1079340119
13447893933,theuserhere,1,Bobrok,"Set up device baru pake bca sat set, jenius ribet bgt, kok bisa face recognation ga ke detect meanwhile bca sat set. Update app ketika jam jam org banyak pake app. Dari sini aja keliatan kualitas pekerjanya gmn. Mending berbenah deh rating satu dimana2 kritikal semua keluhannya. Punya pekerja makanya yg berbobot dan disiplin,kebanyakan gaya doang. Evaluasi, berbenah jantung lo di customer. Gak malu apa sama jago.",4.53.0,0,2025-11-27T11:00:44-07:00,Jenius,jenius,app_store,1079340119
13443235597,suryo pambudi,1,Tidak bisa Login,Sudah mengikuti petunjuk untuk lapor via email sampai upload foto ktp dsb. Dapat email bahwa permohonan sudah diselesaikan tetapi masih belum juga bisa login. Salah saya terlalu percaya dan menaruh uang di jenius.,4.53.0,0,2025-11-26T06:17:06-07:00,Jenius,jenius,app_store,1079340119
13437209331,Thejokertokyo,1,M-card activation issue,"Failed to link m-card with JPY active account for 4 days while in Tokyo. No solution, no responsibility…what a great vacation, thanks Jenius",4.52.0,0,2025-11-24T15:00:44-07:00,Jenius,jenius,app_store,1079340119
13435986159,_Kyyy,5,Semoga acc amin,"🤲🏼Semoga acc kek dana flexi cash cicilan nya 🥹 butuh banget soalnya .. udh butuh bnget butuh dana nya lumayan gede ..
Semoga hasil proses 2 hari gak sia sia . Dapet limite gede tenor panjang sama aprove acc pinjaman sampai cair  🤲🏼 semoga ulasan nya konek ke team analist pengajuan pinjaman",4.52.0,0,2025-11-24T08:08:35-07:00,Jenius,jenius,app_store,1079340119
13434906985,Riekahhh,1,Biaya Layanan dan Bunga Makin Tinggi,Makin sering pakee layanan kreditnya skrg malah kena biaya layanann dan bunga jadi naikkk udh gak whortit bgt pake jeniussss,4.52.0,0,2025-11-24T02:11:08-07:00,Jenius,jenius,app_store,1079340119
13410739615,Cokkkknjg,1,Habis2in pulsa,Capek bgt lah,4.52.0,0,2025-11-17T15:22:14-07:00,Jenius,jenius,app_store,1079340119
13405042676,Sleekboy,1,Zero security,Gampang banget ke hack. Kartu kredit di pake di luar negri langsung kebobolan. Yang tolol tim CXnya murahan jadi gua yang bayar duit yang di pake hack. Otw tutup akun Jenius. Zero trust.,4.51.1,0,2025-11-16T05:40:32-07:00,Jenius,jenius,app_store,1079340119
13392262201,Andfy.id,1,Gabisa tranfer uang,"Hallo min, ini kenapa ya habis update malah gabisa di transfer uangnya, padahal uang ke kumpul di Jenius semua.",4.51.1,0,2025-11-13T03:27:11-07:00,Jenius,jenius,app_store,1079340119
13390438144,erinanua,1,PELAYANAN,PELAYANANNNYA LAMA PARAH AJUIN ANNUAL WAIVER UDAH MAU 2 BULAN SAMPE BAYAR TAGIHAN 2X MASIH BLM KEHAPUS CS NYA NO SOLUSI CALL ATAU CHAT,4.51.1,0,2025-11-12T14:46:25-07:00,Jenius,jenius,app_store,1079340119
13385874836,KarmaUntukPembuatDarkSistem,1,Timing,"Sangat di sayangkan di kala saat saya mau membayar malah aplikasinya maintenance… di saat gada transaksi aja nonstop notif. Giliran urgent mau transaksi di toko malah maintenance, payah",4.49.0,0,2025-11-11T11:20:15-07:00,Jenius,jenius,app_store,1079340119
13379765907,Ratvu,2,BOSOK,"APLIKASI BOSOK SERING ERROR GABISA TOP UP E WALLET GA BISA TRANSFER. MALEM GABISA, SORE GABISA. GABISA TERUS",4.49.0,0,2025-11-10T00:53:47-07:00,Jenius,jenius,app_store,1079340119
13371389170,Steven Andy Pascal,1,Admin,Biaya admin utk bank digital? 👎,4.49.0,0,2025-11-08T02:02:53-07:00,Jenius,jenius,app_store,1079340119
13370064581,Xingxing1177,1,Nunggu lama,"Katanya proses berlaku hingga 2 hari kerja, lah ini udah 4 hari, kalau gabisa yo di tolak aja.",4.49.0,0,2025-11-07T17:36:01-07:00,Jenius,jenius,app_store,1079340119
13363448173,CALLMEJEEE,1,PELAYANAN CS BURUK,Bertanya mengenai yay points tapi jawabannya semua template copy paste katalog doang.,4.49.0,0,2025-11-06T04:31:02-07:00,Jenius,jenius,app_store,1079340119
13362850642,crees98,1,Kartu debit terblokir,"Najis bgt kartu di blokir, udh ke cabang dan baru bisa dibuka lagi setelah 6 hari kerja. Padahal bank lain setelah tlfn CS langsung bisa dibuka, ini udh di suruh ke cabang, udh tlfn CS ttp suruh tunggu 6 hari.",4.49.0,0,2025-11-06T01:02:59-07:00,Jenius,jenius,app_store,1079340119
13358774119,nick.nobita,1,Daftar susah jadi takut,"Konsep Jenius sebenarnya Bagus sekali hanya saja dibangun oleh developer yang asal-asalan.

Jangan sampai investasi besar anda hancur hanya karena aplikasi yang tidak stabil karena urat bisnis anda di Aplikasi",4.49.0,0,2025-11-05T01:17:44-07:00,Jenius,jenius,app_store,1079340119
13356117761,Arcanisha,1,Ribet,Ribet nyusahin gajelas fitur nya terbatas banget pilihan nya,4.49.0,0,2025-11-04T08:52:16-07:00,Jenius,jenius,app_store,1079340119
13346926594,iramayaa,1,Sangat Mengecewakan,"Trasfer uang tidak masuk dengan alasan tidak bisa cek karena penarikan data harian, harusnya ada info sebelumnya jadi gk trf dana dulu. Sangat mengecewakan.",4.49.0,0,2025-11-02T06:16:29-07:00,Jenius,jenius,app_store,1079340119
13344612304,Jenius kocakkk,1,Dana ditahan tanpa alasan jelas,"Pelayanan buruk, menahan dana tanpa alasan jelas dan penyelesaian masalah yang kurang mumpuni + lambat dalam penanganan masalah . Tidak rekomendasi untuk semua orang . Bank busuk",4.49.0,0,2025-11-01T18:00:16-07:00,Jenius,jenius,app_store,1079340119
13328306338,Xyz@900,1,Kecewa pakai jenius,"Kecewa berat pakai jenius. Tiba2 ga bisa login 
Ga bisa verifikasi wajah 
Aneh. 
Diblokir tanpa alasan yang jelas
Alasannya cuma mencurigakan
Padahal bank transaksi transfer ke keluarga kok bukan yang aneh2
Udah komplain via email
Bahkan kirim data lengkap kok via email 
Malah disuruh tutup akun
Bank ga jelas! Selama pake bank lain ga pernah pula ada bank yang suruh tutup akun lawak.",4.49.0,0,2025-10-29T00:33:39-07:00,Jenius,jenius,app_store,1079340119
13320501784,eza hamzah,1,Jangan di download,Parahhh,4.48.0,0,2025-10-27T04:28:03-07:00,Jenius,jenius,app_store,1079340119
13319224240,Vitpetodas,1,Rating untuk Aplikasi dan CS,"Aplikasi lemot, chat butuh waktu 1 menit lebih untuk delivered sementara chat terputus bila 1 menit kita tidak merespon.
Tiap kirim attachment (sesuai permintaan CS) aplikasi tertutup.
CS sangat amat tidak memberikan solusi untuk tiap persoalan yg nasabah alami.",4.48.0,0,2025-10-26T19:49:02-07:00,Jenius,jenius,app_store,1079340119
13318630030,Zd@01,4,Found some issue,"Trying to change my KTP when it open the email app Bcc and Cc was empty string.

Another one is, on chat menu. When we want to upload from gallery or file the app was force close.

I am using Iphone 14. Hope that information help",4.48.0,0,2025-10-26T15:58:07-07:00,Jenius,jenius,app_store,1079340119
13316710983,bim156401645,1,Feesible,Kureng,4.48.0,0,2025-10-26T06:49:53-07:00,Jenius,jenius,app_store,1079340119
13305751836,Samad_bek,1,Jangan di Download!,"Bank paling dzolim sama nasabah, Hati² kalian yang mau pakai ini aplikasi, tim collectionnya suka nipu, katanya mau bantu, setelah dibayar malah pada ngilang. Tp hutang masih ada. Semoga kalian kena karma!!!!",4.48.0,0,2025-10-23T17:28:42-07:00,Jenius,jenius,app_store,1079340119
13293727488,jsun148,1,Bank Celaka,"uang saya hilang ratusan juta di bank ini benar2 bank celaka, bahkan aplikasinya sangat sulit pindah handphone. benar2 bank celaka",4.47.3,0,2025-10-20T20:54:48-07:00,Jenius,jenius,app_store,1079340119
13285213404,Chrispychimken,5,Great for buying anything online,"You can make an account on Jenius and with its e-card, you can buy anything from US websites that require a credit card! The e-card is a debit card that needs to be topped up but almost every single American website I’ve visited accepts Jenius’ e-card as if it’s a credit card! If it’s not accepted, you can link the e-card to Paypal and use Paypal to pay instead! It’s so handy and I’ve bought so many wonderful things. I wish people would spread the word…",4.47.3,0,2025-10-18T21:45:54-07:00,Jenius,jenius,app_store,1079340119
13277221294,khd.id,1,"Referral bodong, gajelas.","referral zonk, promo 0. Gausah join.",4.47.3,0,2025-10-17T02:18:58-07:00,Jenius,jenius,app_store,1079340119
13273679346,Khendrue oswin,1,BANK BERKEDOK PAYLATER,Bunga cicilan berasa mirip paylater dikit dikit di duitin kadang binggung jg cari duit rakus bngt,4.47.3,0,2025-10-16T05:45:12-07:00,Jenius,jenius,app_store,1079340119
13259732348,ming3110,1,Session Expired,Kena detek kalo transaksi mencurigakan padahal hanya beli valas dengan jumlah tidak besar,4.47.2,0,2025-10-12T21:28:50-07:00,Jenius,jenius,app_store,1079340119
13251501616,aaruhvz,1,Jelek,Bilangnya gratis setiap bulan ternyata ada penarikan feesible setiap bulannya,4.47.2,0,2025-10-11T00:37:22-07:00,Jenius,jenius,app_store,1079340119
13234495306,Rommy Putra,1,APK kalian banyak Bugs,"lampiran utk chat harus di jadikan PDF, kalau foto ketutup sendiri, pembukaan Akun verifikasi harus kirim KTP ulang berkali kali dan masih tisak aktif, harus menunggu H+1, tapi nasabah dikirimi email noreply isinya kirim ulang lagi KTP nya. Mau sampai berapa kali.",4.47.2,0,2025-10-06T23:57:39-07:00,Jenius,jenius,app_store,1079340119
13222761541,Yusak Yahya,4,Decline terus,"Gak bisa dipakai bayar di Eropa, walaupun sdh linked dengan. kartu-nya.",4.47.0,0,2025-10-04T07:27:28-07:00,Jenius,jenius,app_store,1079340119
13215839601,Krisjonah,1,DELETE ACCOUNT NOT WORKING,"Aplikasi busuk, minta tolong cs buat bantu delete account aja gabisa, menu delete account di aplikasi juga tidak berfungsi‼️
worst🤮🤮",4.47.0,0,2025-10-02T17:15:53-07:00,Jenius,jenius,app_store,1079340119
13206077798,victorkp1408,1,apps jadul berlagak kekinian,"transfer diatas jam 12 bermasalah, saldo 2jt gesek 812 kepotong di suruh tunggu besok. mau inovasi jangan setengah2 bos",4.46.0,0,2025-09-30T12:41:25-07:00,Jenius,jenius,app_store,1079340119
13204026736,Rikibolon,1,Realtime redemption hanyalah gimmick,"Tagline redeem point menjadi miles penerbangan secara realtime ternyata hanya gimmick. Saya redeem poin dari tgl 29 Sep, tapi sampai tgl 30 blm masuk sama sekali",4.46.0,0,2025-09-30T03:23:59-07:00,Jenius,jenius,app_store,1079340119
13204000012,rahma rachel,5,Flexi cash,Pengajuan,4.46.0,0,2025-09-30T03:15:12-07:00,Jenius,jenius,app_store,1079340119
13199983180,Izal271,5,Tidak bisa login karna nomor hp sudah hilang,Cara agar bisa login bagaimana yah?,4.44.1,0,2025-09-29T04:39:47-07:00,Jenius,jenius,app_store,1079340119
13188018855,Haha0304,1,Kecewa proses unlink,"Setelaj hampir 8 tahun menggunakan jenius. Baru kali ini kecewa, hp lama saya hilang mau install ulang d hp baru proses unlink nya sangat ribet, sudah di telpon d kasih link video call d email, sudah di verifikasi, eh malah diinfokan di email klo verifikasi gagal, kenapa ga dibikin simple kayak bank2 lain? Sekali telp dg validasi nama ibu kandung dll, masalah selesai, semoga ini jadi pelajaran kedepannya, by jenius saya tutup buku",4.44.1,0,2025-09-26T09:31:02-07:00,Jenius,jenius,app_store,1079340119
13165061377,Laisndbsj,1,Buruk,Apk gajelas bego sudah daftar akun tapi katanya tunggu 5–15 menit baru aktif ini sudah 24jam belum aktif bego habis itu coba login ulangkan aku malah kata sandi salah padahal udah bener bego banget,4.44.1,0,2025-09-21T02:37:26-07:00,Jenius,jenius,app_store,1079340119
13161037232,blublubblunbebns,1,Memalaskan,"tadi aku di aeon deltamas, terus seller nya maksa aku buat padahal aku lagi buru buru karena katanya mereka di target, harusnya lebih bijak lagi buat nentuin target nya",4.44.1,0,2025-09-20T05:03:49-07:00,Jenius,jenius,app_store,1079340119
13161037125,cipunggblubukbluku,1,sorry,maaf kak tapi sellernya maksa banget aku udh dijemput didepan mall masih disuruh buat akun katanya cuma 2 menit trnyta hampir 1 jam jadinya ngerepotin kak,4.44.1,0,2025-09-20T05:03:48-07:00,Jenius,jenius,app_store,1079340119
13159719577,Anonim3003,1,Ga jelas,"Sebelum apa-apa cek dulu,2 kali dibikin kecewa sama bank ini",4.44.1,0,2025-09-19T21:21:22-07:00,Jenius,jenius,app_store,1079340119
13143391081,Xydinda,1,Fee,Ada pemotongan fee 120k. Menyesal bukaa jenius,4.44.1,0,2025-09-16T00:26:23-07:00,Jenius,jenius,app_store,1079340119
13143112897,kuresta,1,Complain,"jenius ini jahat banget nguras duit nasabah berbagai cara padahal udah bayar tagihan tepat waktu tapi di sistem gak kebaca, kebaca setelah lewat jatuh tempo biar ada bunga. bunganya gak tanggung2 50ribuuuuuuu",4.44.1,2,2025-09-15T22:18:00-07:00,Jenius,jenius,app_store,1079340119
13139577688,Hsowpwpshhsw,1,Mending gak usah,Yang mau pake jenius mending gak usah deh. Uang ketarik2 berkali2 tanpa penjelasan saldo gak aman sama sekali. Pake flexicash tambahan biayanya gak masuk akal. Mending cari bank digital yg lain aja. Gak worth it,4.44.1,0,2025-09-15T01:04:43-07:00,Jenius,jenius,app_store,1079340119
13137318633,usernotfriendly__,1,think again,"yang baru mau download dan cobain fitur-fiturnya termasuk ""paylater"" mending dipikirkan berulang kali. mengingatkan sebelum terjebak",4.44.1,0,2025-09-14T10:02:45-07:00,Jenius,jenius,app_store,1079340119
13131558722,Hstyna,1,Kecewa,"Belum apa2 mau pengajuan ditolak, mau hapus akun sudah berkali2 gak bisa terjadi kesalahan berkali2 kayak gitu, sangat tidak membantu",4.44.1,0,2025-09-13T01:19:41-07:00,Jenius,jenius,app_store,1079340119
13130584804,Jojo Blitz,1,Rampok,Pembayaran Sudah Di bayar Lunas Masih aja ke denda Wasuuu,4.44.1,0,2025-09-12T18:42:12-07:00,Jenius,jenius,app_store,1079340119
13128581426,msahkciwhbfm,1,Saldo berkurang karena denda saldo kurang,"Download karena tergiur promo buy1get1 tiket bioskop, berakhir dengan promo gajadi bisa dipakai karena eror terus aplikasinya, eh udh gitu kehilangan saldo 50rb buat aktifkan mcard, terus berkurang lg 5rb cuma karena saya lupa berapa saldo di mcard, ternyata kurang untuk bayar tiket bioskop, eh didenda dong!!! aneh banget. JANGAN DOWNLOAD YA TEMAN TEMAN! mending ewallet aja banyak yg lebih amanah",4.44.1,0,2025-09-12T07:01:00-07:00,Jenius,jenius,app_store,1079340119
13122998941,1412F,1,Fix your app,"Aplikasi selalu ngelag setiap dipakai, chat dengan CS juga sering banget nutup sendiri PADAHAL SAYA LAGI NUNGGU BALASAN DARI CS. Tidak bisa kirim image juga tiap kali complain, tiap kirim image selalu force close aplikasinya. Ditambah tiap mau pasang filter buat cek transaksi selalu lag juga, ga bisa input filter terus. Tolong banget perbaiki aplikasinya.",4.44.1,0,2025-09-10T18:38:51-07:00,Jenius,jenius,app_store,1079340119
13121810548,_viviennelang,1,"MAU BAYAR CC MALAH ERROR, GAJELAS","baru kali ini ada mbanking yg error pas saya mau bayar tagihan credit card. 
complain ke CS, mau kirim screenshot malah app nutup sendiri. kacau!!!",4.44.1,0,2025-09-10T10:39:53-07:00,Jenius,jenius,app_store,1079340119
13117768000,H Ayyub Syarley,2,Pertahankan IOS dibawah 5,Saya Sanggat Senang sekarang karna banyak perbankan  digital dan pasar digital   tapi dalam keadaan sekarang sebaiknya tidak ada lagi jual beli UANG asing untuk penunjang kemajun pasar Digital mancanegara  dan tidak memakai uang kertas karna uang kertas Sulit menyimpannya dan bea produksinya tinggi dan Saya curiga Ada kandungan darah dan sperma dalam Material uang kertas serta Logistik nya cukup merepotkan Kita! mungkin maraknya korupsi akhir akhir ini UANG lembaran kertas mungkin karna kebobolan dari percetakan uang kertas atao money kwartal dan banyaknya mata uang dunia semoga dunia menggijinkan  di satukan mata uang. coba bayangkan Harga minyak dipatok pake dolar dan Transaksi pake dolar dan apabila di IDR / Rupiah  berkurang karna jual dan beli dolar atao uero akan berkurang saya salut dgn Eropa Bisa menyatukan uang lembaran kertasnya semoga Tuhan ngijinin satunya uang alat transaksi dalam perdagangan mancanegera Aamiin,4.44.1,0,2025-09-09T09:18:20-07:00,Jenius,jenius,app_store,1079340119
13112765762,T.Holic,1,BANK BA*I AN*INK,"PAYLATER NYAMAR BANK, An*ink emg ini..SPAM nagih belum jatuh tempo. Kalo lewat boleh anda telpon SPAM, masih 2hari dr tempo udah SPAM 
BANK K*NT*L",4.44.0,0,2025-09-08T02:34:42-07:00,Jenius,jenius,app_store,1079340119
13110410366,Ranion00,1,Layanan bifast sering eror,"Sangat mengganggu dalam kebutuhan transfer antarbank. Di bank lain ga pernah tuh bi fast nya maintainance2 terus, bahkan bank lain yg admin nya free sama sekali ga ada kendala gak ky jenius banyak erornya👎",4.44.0,0,2025-09-07T10:10:16-07:00,Jenius,jenius,app_store,1079340119
13108170836,Imanuel chris,1,ISI GOPAY GAK MASUK DISURUH NUNGGU 10 HARI,SANGAT TIDAK PROFESIONAL,4.44.0,1,2025-09-06T21:02:32-07:00,Jenius,jenius,app_store,1079340119
13099324194,rftputra permana,1,RIBA GA SESUAI TANGGAL,"Bayar cepet bunga gede , bayar tepat waktu selalu di tahan dana nya sampai telat dan jadi kena denda  . Udah bayar denda harus denda lagi , entah gimana aturan nya ga pernah sesuai sama dengan jatuh tempo waktu dan tanggal nya!",4.44.0,0,2025-09-04T14:49:25-07:00,Jenius,jenius,app_store,1079340119
13092195691,Tts61,1,Kecewa,Niat mau nabung malah kepotong biaya subscription 👎🏻,4.43.1,0,2025-09-02T18:27:16-07:00,Jenius,jenius,app_store,1079340119
13085734692,Sylvanooo,1,Slow AF,"Full with bugs and error here and there, was in an urgent situation to transfer for family needs or pay something using QRIS at the restaurant, and the app keeps loading forever, don’t fix what’s not broken. The app itself called “Jenius” but the reality? Dumb.",4.43.1,0,2025-09-01T03:47:28-07:00,Jenius,jenius,app_store,1079340119
13073124369,FakhiraKhair,1,Stupid update UI/UX,Aku gatau lg tuh ni gue cek norek buat di copy gue gatau dimana. NYUSAHIN,4.43.1,0,2025-08-28T22:04:08-07:00,Jenius,jenius,app_store,1079340119
13070792144,Catur Andi,2,Bad UX,Bad UX and UI design.. ui baru malah jelek ux nya.. g user friendly,4.43.1,0,2025-08-28T07:41:46-07:00,Jenius,jenius,app_store,1079340119
13069488064,YohanesEz,1,"Bunga kecil, promo dikit, e-wallet mahal","Bunga makin kecil, free kuota transaksi sedikit, top up e-wallet mahal, sudah saatnya pindah bank digital lain dengan bunga yg lebih tinggi dan gak ribet minimal saldo, terima kasih Jenius, semoga lebih baik lagi 👋🏻👋🏻👋🏻",4.43.1,0,2025-08-28T00:21:53-07:00,Jenius,jenius,app_store,1079340119
13061551799,yoinx6069,1,berhenti memakai jenius,jangan sampe tergiur sama jenius saya jadi korban tipu daya admin jenius,4.43.1,0,2025-08-25T22:48:53-07:00,Jenius,jenius,app_store,1079340119
13060344412,Reberfanz,1,Mau masuk tidak bisa,"Lupa kata sandi terus saya reset pasword
Habis itu muncul masukan kode sms 
Saya udah berulang kali masukan kode sms sama persis yg di berikan di sms namun tidak bisa 
Gagal memuat
Gi mana ini yang punya aplikasi",4.42.0,0,2025-08-25T14:11:17-07:00,Jenius,jenius,app_store,1079340119
13057321588,Felidiya,1,Saldo terpotong dan tidak ada catatan history,"1. Mobile banking yg common diterapkan bank lainnya secara data historis itu menyediakan data debit, kredit, dan saldo. Jenius tidak ada historis saldonya. Hanya ada keterangan uang in & out berapa. Data statement yg didownload pun sama infonya, ga ada historis saldo

2. Saya melakukan transfer ke rekening jenius, saldo yg saya terima tidak sesuai dengan nominal yg saya transfer. Jumlah nominal yg saya terima lebih kecil, dan tidak ada keterangan potongan apapun di in&out. Sudah di follow up ke SMBCI care, dijawab dengan keterangan yg tidak konsisten, dan diminta utk cek berkala menunggu keterangan krn tagihan diterima 7 hari setelah tap transaction dilakukan. Transaksi saya trakhir tgl 14 dan ini sudah tanggal 25.

3. SMBCI care tidak helpful, saya belum selesai berbicara sudah diakhiri.

Silakan yaa untuk dipertimbangkan kembali dalam penggunaan digital banking ini.",4.42.0,0,2025-08-24T21:38:50-07:00,Jenius,jenius,app_store,1079340119
13053311009,Dpynuna,1,Merasa di bohongi,"Mana bikinnya juga maksa banget ,, tiba tiba kartu kredit aktif dan biaya tahunan 500rb ,, mau di nonaktifkan aja di persulit",4.42.0,0,2025-08-23T20:20:48-07:00,Jenius,jenius,app_store,1079340119
13050936325,Ramadhan.02,1,Tidak bisa login ke aplikasi,Mohon bantuannya untuk segera diperbaiki bugs nya,4.42.0,0,2025-08-23T06:11:14-07:00,Jenius,jenius,app_store,1079340119
13049375922,anydudeuknow,1,Newest update is not user friendly,Cannot check account number now in latest update. Live chat agent solution is not up to date and doesn’t work,4.42.0,0,2025-08-22T19:43:19-07:00,Jenius,jenius,app_store,1079340119
13047450705,BenjiroBrian,1,Mentok dilogo,Udah semingguan ini jenius mentok dilogo. Padahal masih ada uangnya direkening. Kalo gini harus ke atm buat trf manual dan mari tinggalkan jenius,4.42.0,0,2025-08-22T07:58:45-07:00,Jenius,jenius,app_store,1079340119
13045861469,Cahulen,1,Kecewa,Gabisa login,4.42.0,0,2025-08-21T22:26:04-07:00,Jenius,jenius,app_store,1079340119
13042641386,glitjy,1,UI membingungkan,Biasanya di bawah kanan buat liat pengaturan profil skrg jadi segmen kredit buat apa dah.. bingung mau ngedit profil dll dimana,4.42.0,0,2025-08-21T03:08:11-07:00,Jenius,jenius,app_store,1079340119
13041868023,Resi oktavia,2,Tidak rekomen,"Aplikasi ini sangat merugikan menurut saya, potongan biaya feesible 10rb setiap bulan, transfer ke beda bank 5rb.",4.42.0,0,2025-08-20T21:37:25-07:00,Jenius,jenius,app_store,1079340119
13041562012,ABRA31321,1,LAYANAN BURUK,"SALDO DIPOTONG, TAPI DI MERCHANT GAK MASUK. BANK SMBC BUAT MALU, DITANYA CS PUN MALAH INVESTIGASI 10 HARI KERJA, HELOOOO ORANG MAU MAKAN HARI INI",4.42.0,0,2025-08-20T19:26:00-07:00,Jenius,jenius,app_store,1079340119
13040249543,Reval aditya,1,Buruk,Slow respon,4.42.0,0,2025-08-20T11:03:49-07:00,Jenius,jenius,app_store,1079340119
13035487491,Dean22654678,1,FIX THE BUGS!!!,"Setelah versi terbaru tidak bisa transaksi, failed to load terus!!!",4.42.0,0,2025-08-19T07:09:24-07:00,Jenius,jenius,app_store,1079340119
13027269654,humbleraa,1,SERING DITELFON ORANG TIDAK DIKENAL,"setelah mendaftar jenius karena mbk mall, sering dapat telfon tidak jelas",4.42.0,0,2025-08-17T06:28:57-07:00,Jenius,jenius,app_store,1079340119
13025679022,Auliarahma,1,App jelek untuk bank yang bagus,"Banyak fitur tapi ga bisa dipake semua, untuk attach gambar ke CS aja harus diubah ke PDF, berat padahal app keuangan harus cepet untuk ini itu, sering eror kalau mau topup VA",4.42.0,0,2025-08-16T20:19:05-07:00,Jenius,jenius,app_store,1079340119
13021066963,stvx1001,4,Add more saver,"The app not slow any more, but still why limit save it feature only 3, allow us to make more than 3",4.41.0,0,2025-08-15T16:32:02-07:00,Jenius,jenius,app_store,1079340119
13017655751,Game begoo,1,PENUTUPAN KARTU KREDIT,"BULAN LALU KE KC BOGOR, PENGAJUAN PENUTUPAN KARTU KREDIT ALM. SUAMI.. TAPI BULAN INI ADA TAGIHAN KARTU KREDIT. GAK BECUS 😡😡😡 JAUH” KESANA MALAH SURUH BALIK LAGI. NJS!!",4.41.0,0,2025-08-14T21:31:32-07:00,Jenius,jenius,app_store,1079340119
13013348354,L33Cia,1,Unstable,Can’t even login and there is no info or reply from the CS.,4.41.0,0,2025-08-13T21:02:20-07:00,Jenius,jenius,app_store,1079340119
13005951595,Jzhdhx,1,...,....,4.41.0,0,2025-08-12T01:02:23-07:00,Jenius,jenius,app_store,1079340119
13005352157,CS Jenius NGAWUR,1,Force close transfer USD,"Aplikasi baru edisi ultah ke 9 force close dimana mana. Lapor ke CS malah bukan cek system tp minta bukti. Tab USD, transfer, lantas pd screen transfer utk mengubah tombol “jenius” user lgsg force close. Minta bukti screen recording, bagian upload pada chat CS juga force close saat memilih video utk di upload. Minta bukti utk di email, setelah di email berubah lagi minta disediakan di google drive bukti screen recording. Entah bank apa ini, simple saja cek system sendiri dan kalo memang bermasalah laporkan. Jangan malah nugasin customer seenak nya. Sama sekali gak mau ngecek 3 CS laki2, hanya satu CS wanita yg akhirnya mau cek dan menemulam masalah. Pelayanan sudah gak seperti Jenius dulu (BTPN). Ini mah sudan keterlaluan tidak mau bekerja dan melayani nasabah!",4.41.0,0,2025-08-11T20:45:43-07:00,Jenius,jenius,app_store,1079340119
12995506661,ronc@8,1,penggelapan,"transaksi gagal, tapi uangnya kepotong",4.40.0,0,2025-08-09T08:41:50-07:00,Jenius,jenius,app_store,1079340119
12986153883,pyarizki,1,aplikasi tidak bisa dibuka,aplikasi tidak bisa dibuka padahal password login sudah benar,4.40.0,0,2025-08-07T01:15:47-07:00,Jenius,jenius,app_store,1079340119
12985859187,whatsmynameeeeee,3,Biaya naik terus,"Saya sudah lama banget jadi pengguna Jenius, harusny bunga flexi semakin kecil karena pengguna tetap dan ga pernah nunggak, ini malah naik terus dan nambah biaya admin. Ngga ada loyalty program samsek. 👎🏻",4.40.0,0,2025-08-06T23:13:55-07:00,Jenius,jenius,app_store,1079340119
12983545790,Hsh0003,5,Review,Sangat simple dan praktis. Fitur tidak membuat pusing dan mudah dinavigasi. Hanya saja biaya bulanannya mahal sekali.,4.40.0,0,2025-08-06T08:59:03-07:00,Jenius,jenius,app_store,1079340119
12974313831,Mantulmantabbetull,1,GABISA LOGIN,"Appnya benerin, tiap mau login pas buat pin pasti ada notif “Error Occured”, terus pas dicoba masukin ulang pinnya langsung login Expired. Gitu aja terus gapernah bisa login",4.39.0,0,2025-08-04T03:18:20-07:00,Jenius,jenius,app_store,1079340119
12971101154,emm_s27,1,pls fix the app.,"aplikasi nya tolong benerin dong. masa iya mau payment apapun error terus, udh sampe ganti-ganti jaringan. app banking lain ga masalah tp masa punya kalian error sendiri?",4.39.0,0,2025-08-03T07:10:11-07:00,Jenius,jenius,app_store,1079340119
12958512386,X-hidden,1,bad apps,udah 3 hari gabisa login jenius,4.39.0,0,2025-07-31T04:47:13-07:00,Jenius,jenius,app_store,1079340119
12957243303,egi suprayogi,1,selesaikan masalahnya.,"ini gmna ya pihak jenius apakah serius menangani ini atau tidak saya udh bayar pelunasan tagihan jenius dan tapi kok masih ada email tagihan seolah” saya blm melunasi kok gtu? otomatis saya jdi khawatir dan nething akan pihak jenius antara lalai, teledor, ga teliti atau gmn? sy ngadu lah ke admin dan katanya “tagihan kaka sudah terhapus kok” dan email pelunasan maximal 14 hari dan skrng udh lebih dari 14 hari masih blm ada email pelunasan jdi rasanya masih khawatir aja karna saya udh gabisa buka akun jenius saya jdi gabisa ngecek secara lgsg dan yg muncul malah email penagihan waktu itu, aneh. kata adminnya udh melaporkan masalah ini ke pihak pusat tpi ko masih blm ada. ini soal uang loh dan ga kecil jdi tolong perbaiki dan lebih gercep lgi menangani masalahnya biar clear, jangan giliran penagihan aja yang gercep",4.39.0,0,2025-07-30T20:35:56-07:00,Jenius,jenius,app_store,1079340119
12950433184,gagahahsb/&/&28,1,hhh,"dijanjiin buatny cuma 2 menit taunya 20 menit, mau ga jadi buat tapi masnya bilang blom nyampe target",4.39.0,0,2025-07-29T05:49:21-07:00,Jenius,jenius,app_store,1079340119
12946297201,Mawar333,5,Ulasan,"Sangat membantu terutama fasilitas kredit flexy cash,kartu kredit dan jenius paylaternya, bunga ringan,tenor bisa pilih , cuma masih kurang harus dapat penawaran untuk dapat fasilitas tsb.",4.39.0,0,2025-07-28T05:12:38-07:00,Jenius,jenius,app_store,1079340119
12942761694,azeyyyaa_,1,apk rusak,"aplikasi gila berapa kali mau login di salahhin mulu jelas jleas itu pw udah bener, di ganti ulang dikirim kode sms malah dibikin salah lagi? apa yg salah sm kode ny kntl???! reset pw aja se ribet ini?!! kode sms gaada yg salah tapi kok di salahin",4.39.0,0,2025-07-27T07:16:13-07:00,Jenius,jenius,app_store,1079340119
12938180814,Hrzhnltf,1,Jelek,Aktivasi lama bgt masa 2 bulan complaint disuruh nunggu lagi seminggu udah gausah apply tutup aja kalian cuy!,4.39.0,0,2025-07-26T03:35:11-07:00,Jenius,jenius,app_store,1079340119
12934534368,Ms jenius,1,Eror,"Login masuk aja susah banget sihh, verifikasi wajahnya gabisa2 ribettt",4.39.0,0,2025-07-25T05:23:54-07:00,Jenius,jenius,app_store,1079340119
12933898873,Vadsjsks,1,Cannot find updates for you to unlink device,"after updating still cant find have to go to a booth to unlink, what a noob developer",4.39.0,0,2025-07-25T01:35:50-07:00,Jenius,jenius,app_store,1079340119
12929114626,Jontemaru,1,Aplikasi susah di buka,Aplikasinya susah masuk. Baru buka langsung ke kembali ke menu. Menyulitkan transaksi,4.39.0,0,2025-07-23T20:17:02-07:00,Jenius,jenius,app_store,1079340119
12919861443,jenikaray,3,Gabisa masuk aplikasi,"Jenius, tolong diperbaiki dong aplikasinya. Masa gabisa loading masuk aplikasi? Stuck diawal doang. Akses dari ip 13 pro.",4.39.0,0,2025-07-21T13:27:08-07:00,Jenius,jenius,app_store,1079340119
12907330656,Samba0206,1,Pelayanan buruk !!,"Cuman mau minta jelasin promo flexi yang di kirim wa saya tuh gimana,dan sudah di info kalau kirim gambar itu relog terus, si cs edi tetap minta kirimin gambar kan gblk, gua cuman minta penjelasan maksud dari promo flexi gimana, benerin lagi deh tuh cs edi tlol",4.38.5,0,2025-07-18T09:39:02-07:00,Jenius,jenius,app_store,1079340119
12902025272,Deowee,1,BAPUK,"Seperti review yg sebelumny oleh pengguna lain. Cuma buat unlink device yg lama saja repot banget. Harus segala call center. Padahal install di hp baru krn di hp lama ntah kenapa si aplikasi JENIUS nya ga bisa dibuka sama sekali selalu FORCE CLOSE. Mau teklfon liat komen yg lain kalau zonk juga kl telfon tetap ga ada solusi, ujung2nya jadi males telfon. 
Tolong dong ada solusinya sudah tau komplain costumer rata2 karena hal yg sama masa ga ada TL nya sama sekali.",4.38.5,0,2025-07-17T03:30:19-07:00,Jenius,jenius,app_store,1079340119
12901992294,HEREOUTTAWHEEZY,3,GABISA HAPUS AKUN,GABISA HAPUS AKUN,4.38.5,0,2025-07-17T03:18:07-07:00,Jenius,jenius,app_store,1079340119
12900317600,Papa e Marsa,1,Aplikasi tidak bisa dibuka,"Aplikasi stuck di screen awal menggunakan iphone 15 reguler. Tidak bisa menampilkan halaman login. Setelah stuck lama, langsung kembali ke home screen iphone. Sudah coba delete app dan install ulang, masih sama error nya",4.38.5,0,2025-07-16T16:02:09-07:00,Jenius,jenius,app_store,1079340119
12894746889,minaidaisuki,2,"Susah akses, sdh update ios tp ttp ga bs. Malah disuruh pakai hp lain, tp gagal jg",Gmn mau halus faceid klo akses sj ga bs,4.38.5,0,2025-07-15T07:23:46-07:00,Jenius,jenius,app_store,1079340119
12893879796,FROST• S I M A,1,Ga bisa login,"Tidak bisa login, pasword sudah sesuai tapi error terus",4.38.5,0,2025-07-15T02:42:26-07:00,Jenius,jenius,app_store,1079340119
12893405156,cent.00,1,APLIKASI PARAH,"CHAT RESPOND MIRIP BOT , KONFIRMASI ULANG”",4.38.5,0,2025-07-14T23:26:38-07:00,Jenius,jenius,app_store,1079340119
12893312113,"Sarisan.,",1,Aplikasi nge freeze terus,App tidak bisa diakses. Baru klik langsung hang ga bisa diapa2in. Iphone 13 pro,4.38.5,0,2025-07-14T22:45:40-07:00,Jenius,jenius,app_store,1079340119
12893034479,Masfiatus,1,Persistent crashing,"Tiap kali saya mau melampirkan tangkap layar untuk bukti laporan transaksi yg gagal, appnya selalu ngecrash. Tolong perbaiki.",4.38.5,0,2025-07-14T20:43:45-07:00,Jenius,jenius,app_store,1079340119
12892985715,..()&-7)-,1,hati2,"hati2 ya dgn aplikasi ini, menawarkan pinjaman secara terus menerus tanpa menunjukan total pinjaman brp, MENGHANCURKAN HIDUP",4.38.5,0,2025-07-14T20:23:25-07:00,Jenius,jenius,app_store,1079340119
12890568206,gilarG,2,IOS 18.5,"can not use through IOS 18.5
please fix it",4.38.5,0,2025-07-14T06:13:28-07:00,Jenius,jenius,app_store,1079340119
12888692812,ewk-anon,1,Stuck GAK BISA LOGIN,"Ini abis di update jadi stuck di loading page awal aja gabisa masuk.
Bahkan login page gak keluar yg buat face recognition sama pin",4.38.4,0,2025-07-13T17:30:39-07:00,Jenius,jenius,app_store,1079340119
12886911470,akrdimas,1,It kept crashing and getting error,would not recommend if you use Jenius regularly as it keep crashing and getting error.,4.38.4,0,2025-07-13T07:08:09-07:00,Jenius,jenius,app_store,1079340119
12886907260,bradleydevito,2,Keep error & too many bugs,"Selalu error suruh try again terus, sistem juga lambat, tiap move uang selalu reload mulu. Banyak bugsnya, blm stable",4.38.4,0,2025-07-13T07:06:54-07:00,Jenius,jenius,app_store,1079340119
12885817784,Zaid Haritsyah,1,Layanan CS JENIUS JELEK,"Nasabah diminta tunggu karena CS minta waktu, tapi tiap 1 menit Nasabah yang harus klik “Yes, Please Wait”

Seharusnya kan cs bisa hold, kecuali CS sudah jawab tapi nasabah tidak respond baru percakapan terputus

Ini malah masih chat2an ditutup sepihak sama CS, kacau",4.38.4,0,2025-07-13T00:26:32-07:00,Jenius,jenius,app_store,1079340119
12885804361,noob game master,1,Force closed,"App after update having forced close almost everytime, i have to retry at least 10 times before can open (iphone 13 pro max). Pls fix ASAP",4.38.4,0,2025-07-13T00:20:47-07:00,Jenius,jenius,app_store,1079340119
12885353098,masterblan,1,aplikasi sampah,susah bener buat face registration di ipad,4.38.4,0,2025-07-12T21:01:22-07:00,Jenius,jenius,app_store,1079340119
12883911041,Ekakini,1,Open app > freeze > force closed,"iPhone, iOS 18.5

Sudah beberapa hari belakangan tidak bisa akses seperti aplikasi ini.

Sekalinya bisa akses, gratis biaya transfer ke bank lain jd gabisa, padahal bukan seed. Bifast jg gabisa. Ada solusi kah?",4.38.4,0,2025-07-12T11:13:12-07:00,Jenius,jenius,app_store,1079340119
12878877353,Appstal,1,Selalu error,"Ini tiap mendekati tggal 12 selalu di iphone knp tiba” ke freeze sih ga bisa login pasti ke kick sndri. Gua capa bgt hrus raise terus. Gua udh update ios, re-download, Sisa Storage msh bnyak apalagi sih",4.38.4,0,2025-07-11T05:06:39-07:00,Jenius,jenius,app_store,1079340119
12878026782,Awas weksgianakoahdkoana,1,Aplikasi gaguna jangan naro duit disini,Susah bngt masukin pin mau masuk ke aplikasinya padahal sudah bener tapi eror mulu mana ada duitnya lagi,4.38.4,0,2025-07-10T23:30:00-07:00,Jenius,jenius,app_store,1079340119
12875627879,Amalia q a,1,"Aplikasi Sering Error, Mohon Diperbaiki","Sering sekali error. Aplikasi sering stuck di halaman awal “jenius by smbc indonesia”. Sudah coba close app, restart HP, bahkan uninstall dan install ulang tetap sering gagal dibuka. Mohon diperbaiki, sangat mengganggu untuk transaksi mendesak.

Keeps crashing and stuck on the splash screen saying “jenius by smbc indonesia”. Tried closing the app, restarting the phone, even reinstalling, but still the same. Please fix this. Really frustrating when I need urgent access.",4.38.4,0,2025-07-10T08:26:04-07:00,Jenius,jenius,app_store,1079340119
12875484352,Farridt,1,sampah,"ikut gabung marchen jadi tidak bisa d buka, apk sampah",4.38.4,0,2025-07-10T07:45:05-07:00,Jenius,jenius,app_store,1079340119
12875482942,tamitrg,3,Aplikasi baik tp butuh perbaikan,"Mohon informasikan melalui aplikasi apabila ada kendala atau maintenance yg dilakukan, sehingga pengguna terinfo dan tidak menikbulkan kendala bagi pengguna. 
semoga kedepannya jenius dapan melakukan maintenance dalam jangka waktu yg lebih singkat dan tidak menggangu kenyamanan penggunanya.
saya sudah menggunakan jenius cukup lama, namun perubahan baik tetap harus dilakukan.
ditunggu perkembangan baik dari jenius.",4.38.4,0,2025-07-10T07:44:41-07:00,Jenius,jenius,app_store,1079340119
12873848302,iamelvri,3,RTOL,"App terlalu lambat, dan trf ke rekening lain yg BI Fast muncul RTOL aneh",4.38.4,0,2025-07-09T21:48:06-07:00,Jenius,jenius,app_store,1079340119
12873844134,Zen13489,1,Mengecewakan,"Saya kira saya saja yang kecewa dengan jenius ternyata banyak ya, Bulan kemaren baru pake jenius lagi dan sangat mengecewakan pelayanan customer service nya, dikit2 harus telp udah email dm twitter dan chat dr appsnya tetep aja disuruh telp yang mana itu habis pulsa yang gak sedikit. Apps sering stuck juga harus nelpon pelayanan lelet.",4.38.4,0,2025-07-09T21:46:17-07:00,Jenius,jenius,app_store,1079340119
12872018233,CPONTHY,1,"Apps Not Working, Blaming iOS",Apps not working in 18.5 - your IT director need to be fired for having this kind of error,4.38.4,0,2025-07-09T10:22:11-07:00,Jenius,jenius,app_store,1079340119
12870730834,wiln666,1,App selalu tidak dapat buka,Kenapa error trs buka aplikasinya,4.38.4,0,2025-07-09T03:55:04-07:00,Jenius,jenius,app_store,1079340119
12870654638,Yospat95,1,Trash apps!!!,"Jarang bgt mau ngasi review di apps begini. Cuma ini keterlaluan sebagai aplikasi bank digital! Ios 18.6 aja belum rilis, ke customer service dibilang krn belum update ke ios 18.6. Disarankan pakai hape orang lain dulu??? Ini kan bank digital dan isinya confidential masa iya saya pakai hape orang lain untuk ngeliat rekening saya sendiri?!",4.38.4,0,2025-07-09T03:27:06-07:00,Jenius,jenius,app_store,1079340119
12870154544,Kndlv,2,Susah,"Entah knp mau buat akun, susah bgt, error terus, ada kali nyoba smp 10 x. Mulai dr ktp ngga ke upload pdhl sdh reupload, kena refresh aplikasi ngulang dari awal, foto wajah ngga kedetect, bikin password, bermasalah suruh tunggu, emailnya harus gmail bru bisa,, smp capek..",4.38.4,0,2025-07-09T00:04:44-07:00,Jenius,jenius,app_store,1079340119
12870044520,arbyalfian,1,Tidak bisa buka aplikasi,Loading mulu ga kebuka,4.38.4,0,2025-07-08T23:17:45-07:00,Jenius,jenius,app_store,1079340119
12869769392,Bagussx,1,Tidak bisa kebuka,Ios 18.5 Tidak bisa dibuka!,4.38.4,0,2025-07-08T21:19:15-07:00,Jenius,jenius,app_store,1079340119
12869452424,agungsulistro,1,APLIKASINYA TIDAK BISA TERBUKA,"aplikasi jelek dan payah, bank yang tidak terpercaya juga",4.38.4,0,2025-07-08T19:11:39-07:00,Jenius,jenius,app_store,1079340119
12866864291,Userjenius123,1,SUSAH DIBUKA APLIKASINYA,"susah banget dibuka aplikasinya akhir2 ini, udah apus app tetep aja begitu, kalo lagi urgent udah deh harus pake atm lain, kecewa",4.38.4,0,2025-07-08T04:44:49-07:00,Jenius,jenius,app_store,1079340119
12865810018,RIRIRN NOVIYANI,1,Ga guna,Apk ga jelas ga guna.. baru mau registrasi aja udah error.. parahhh,4.38.1,0,2025-07-07T21:37:55-07:00,Jenius,jenius,app_store,1079340119
12865798380,Oktuvput,1,Apps bug,Bad apps,4.38.1,0,2025-07-07T21:32:55-07:00,Jenius,jenius,app_store,1079340119
12865538494,AF2802,1,Non sense solution,"Cannot open the app for 10 days, it stuck on the opening page. Called the call center and they said they have issue on ios 18.5 and told me the solution is to update my ios to 18.6?? Beg your pardon it not even released yet??? Call center insist the problem is not on Jenius, so what is the solution?? Do i need to call Apple and beg them to release the 18.6 ver so i can use YOUR app?? Are you kidding me??",4.38.1,0,2025-07-07T19:45:17-07:00,Jenius,jenius,app_store,1079340119
12865301399,Fathir_,1,App crash,"6 tahun lebih pakai jenius, setelah di akuisisi SMBC aplikasi langsung sering crash, saatnya mengucapkan selamat tinggal",4.38.1,0,2025-07-07T18:13:46-07:00,Jenius,jenius,app_store,1079340119
12865151923,yulia s dewi,2,Eror,Knp ga bisa perbaharui sih,4.38.1,0,2025-07-07T17:14:45-07:00,Jenius,jenius,app_store,1079340119
12863745720,Dani46.,2,Susah buka,"Tolong lah buat team It nya, ini kok jadi begini aplikasinya. Jadi kejadiannya begini, ketika saya buka pertama kali itu normal dan bisa masuk menggunakan face id, terus saya keluar dan setelah 1 menit kemudian saya mau masuk lagi. Itu stuck di logo jenius doang. Dan ditunggu sampai 
mampus juga disitu doang. Solusi. Dimatikan hp nya, baru bisa buka app nya lagi. Masak iya harus begitu tetus",4.38.1,1,2025-07-07T09:03:13-07:00,Jenius,jenius,app_store,1079340119
12863218352,bombiclatz,2,Error,app gabisa dibuka,4.38.1,1,2025-07-07T06:32:51-07:00,Jenius,jenius,app_store,1079340119
12861774261,Ulalabram,1,Stuck di opening screen,"Sudah 4 hari stuck gak bisa dibuka, nyangkut di halaman depan doang",4.38.1,0,2025-07-06T21:13:04-07:00,Jenius,jenius,app_store,1079340119
12861457739,Dirga.M,1,ada tagihan yang tidak sesuai,"mengecewakan, ada tagihan yang ga sesuai, lapornya harus telpon biasa, pulsa udah abis banyak, hasilnya juga mengecewakan",4.38.1,0,2025-07-06T19:02:01-07:00,Jenius,jenius,app_store,1079340119
12861265815,Raisaarda,1,Aplikasi bermasalah,Sudah bbrp minggu apps jenius saya tdk bisa dibuka. Harus restart hp dulu baru mau terbuka appsnya. Kebayang gaksih repotnya kalo semua uang saya di jenius tiap mau bayar apa2 harus restart hp dulu?,4.38.1,0,2025-07-06T17:44:22-07:00,Jenius,jenius,app_store,1079340119
12858123839,Muwaffaq.,1,Memaksa!!!,"Iklannya & promosinya maksa banget, sampe akses email maksa walaupun tidak berkenan",4.38.1,0,2025-07-05T23:09:12-07:00,Jenius,jenius,app_store,1079340119
12856003706,Chiedryan,1,Bug Report,"Kok sering bug ya? Gak bisa buka kecuali restart HP, di Ipon15pro",4.38.1,0,2025-07-05T09:26:42-07:00,Jenius,jenius,app_store,1079340119
12855013138,Bdw1313,1,Promo tidak valid,"Promo yang tersebar terkait pembayaran menggunakan jenius tidak valid. Saya sudah transaksi dari bulan mei, sampai dengan skrg tidak ada cashbacknya. Lapor ke CS jawbaannya tidak dapat ditindaklanjuti. 
Sangat mengecewakan",4.38.1,0,2025-07-05T04:27:31-07:00,Jenius,jenius,app_store,1079340119
12850789793,Jimmyang99,1,APPS GA BISA DIBUKA,"sudah 3x24 jam ga bisa buka apps. Dihubungin infonya krna IOS 18.5. Tidak ada solusi dan hanya menunggu IOS update dari apple. Bukannya perbaiki software tapi suruh tunggu IOS yg update. Disuruh pakai HP lain, tapi btuh buka apps di HP lama untuk relink. Sungguh tidak solutif",4.38.1,0,2025-07-04T02:34:08-07:00,Jenius,jenius,app_store,1079340119
12850000886,della MY,2,Slight issue needs to be fixed,I dont understand why it takes so long to open the app? I had to restart my phone and it still won’t open. The app is very bad to do responsive payment such as QR and the slowness makes me hesitant to save a lot here.,4.38.1,0,2025-07-03T21:01:43-07:00,Jenius,jenius,app_store,1079340119
12847813444,Nehemia Jaya,3,Bugs and Inconveniences,"I’ve been using Jenius for 6 years, was impressed with the easeness from the app and the UX. But lately I’ve been having troubles from logging into an existing device that was repaired, and even now it took me minutes and crashes my phone just to open the app. Please fix this issue immediately 🙏🏼",4.38.1,0,2025-07-03T07:53:10-07:00,Jenius,jenius,app_store,1079340119
12846711400,someone who respects art,1,ga bisa buka aplikasi setelah update,"boleh minta bantuan kah, aplikasi nya nge-freeze",4.38.1,0,2025-07-03T02:04:44-07:00,Jenius,jenius,app_store,1079340119
12846413459,PochiieXzy,1,ampas,gabisa login error terus gajelas,4.38.1,0,2025-07-03T00:03:09-07:00,Jenius,jenius,app_store,1079340119
12845401075,Amage_,1,ga bisa dibuka,"dulu lelet, sekarang malah ga bisa dibuka, stuck di logo pertama",4.38.1,0,2025-07-02T17:28:19-07:00,Jenius,jenius,app_store,1079340119
12845352025,mynicknameisnotmynickname,1,Bye Sinaya Prioritas. Error mulu males.,iOS 18.5 udah launch tapi app masih error stuck di splash screen. Gak siap perubahan. Downgrading my Sinaya Prioritas. 🙏🏻,4.38.1,0,2025-07-02T17:09:44-07:00,Jenius,jenius,app_store,1079340119
12843828730,cry3987,3,Aplikasi Freeze,"Tidak bisa masuk aplikasi dari kemarin, ada update tetapi tetap tidak menyelesaikan masalah. Gimana donk?",4.38.1,0,2025-07-02T08:29:41-07:00,Jenius,jenius,app_store,1079340119
12843580328,Phenyok,1,Ga bisa dibuka,Apps nya nyangkut di splash screen,4.38.1,0,2025-07-02T07:20:53-07:00,Jenius,jenius,app_store,1079340119
12842625094,Senopati001,4,Freeze di splashscreen,"Solusi, restart your phone.",4.38.1,1,2025-07-02T02:11:21-07:00,Jenius,jenius,app_store,1079340119
12841874698,Putra Airlangga,1,Bad administration process,"This is the app with the worst authentication process, I already input my email and already input OTP code but it said the code is wrong. And I do resend code but couldnt recieve any code. Very bad",4.38.1,0,2025-07-01T20:57:32-07:00,Jenius,jenius,app_store,1079340119
12841682158,AldimDhea,1,jenius,"sekiranya gak bisa dipakai buat apa ada aplikasi ini, mau daftar juga susah bgt",4.38.1,0,2025-07-01T19:40:31-07:00,Jenius,jenius,app_store,1079340119
12841429585,nn8971,1,Apps bermasalah,Kenapa app jenius tidak bisa di buka yah. Masa harus selalu delete dan re-install lagi? Ini sdh ke 5 kali nya re-install aplikasi.,4.38.1,0,2025-07-01T18:05:57-07:00,Jenius,jenius,app_store,1079340119
12841159400,Fdzpm,1,Aplikasi stuck di splash screen,Di suruh bayar tagihan TAPI APLIKASINYA GA BISA DIBUKA GIMANA CARANYA BAYAR DODOL?!,4.38.1,0,2025-07-01T16:20:18-07:00,Jenius,jenius,app_store,1079340119
12839859016,wenwen2611,1,Error di apk Jenius IOS,Tidak bisa di akses sama sekali aplikasi jeniusnya ckckck,4.38.1,1,2025-07-01T09:05:38-07:00,Jenius,jenius,app_store,1079340119
12839570526,Wira Setiawan,1,Harus restart dulu baru bisa masuk aplikasi!! Really???,"Aneh banget ini aplikasi, dibuka malah ngefreeze di splashscreen, udah force closed tetap nyangkut. Hp di restart baru bisa. Developer bank kelasnya kek gini?",4.38.1,1,2025-07-01T07:46:20-07:00,Jenius,jenius,app_store,1079340119
12838876327,Rhawaru,1,Bank Terburuk,"Sejauh ini jenius adalah bank terburuk yg pernah saya miliki. Mulai dari CC dibobol tp ga di handle dgn baik. Saya rugi byk krn kena overlimit, kena bunga akibat fraud itu. Udah chat, email dsb tp ga direspon. Terus skrng poin cc tiba-tiba expired ternyata ga ada info sama sekali terkait poin yg akan expired atau masa berlakunya baik di tagihan maupun di apps. Yg lebih parah adalah respon CS nya yg minta buat cek sendiri dari awal poin masuk. Bukannya perbaiki diri hal simple yg bank lain udah punya semua tp jenius cenderung defensif dlm menangani konsumen. See? Gmn kecewanya saya sama bank ini?!",4.38.1,0,2025-07-01T04:29:29-07:00,Jenius,jenius,app_store,1079340119
12838109644,Salma Fadhila,1,Unlink Device,So i’m about to link jenius to my new device so i had to unlink the old device. I was told to do face recignition. Facing camera and turn my head to the left. The words was changing but HOW AM I SUPPOSED TO READ WHAT WAS WRITTEN IN THE INSTRUCTION WHILE MY FACE WAS TURNED TO THE LEFT. I CAN ONLY SIDE EYEING BUT CANNOT READ THE TEXT!!! come on! how do I know when the instruction is changing. I’m FACING LEFT!!!!,4.38.1,0,2025-06-30T23:35:46-07:00,Jenius,jenius,app_store,1079340119
12838025870,aldiprdn,1,Aplikasi Gak Bisa Dibuka,"kacau pas mau bayar tagihan malah aplikasi gak bisa dibuka, langsung force close, coba install ulang clear cache masih gak bisa. kacau kacau kacau.",4.38.1,0,2025-06-30T23:00:33-07:00,Jenius,jenius,app_store,1079340119
12837949344,mouse2911,1,Crash,"Gak bisa dibuka, force close terus. Malah duit disitu semua",4.38.1,0,2025-06-30T22:28:12-07:00,Jenius,jenius,app_store,1079340119
12837272779,Unknownxyzabc,2,Eror,"Aplikasinya mengkhawatirkan suka tiba tiba eror, bahaya banget kalau tiba2 ada perlu transfer transfer tapi mau buka aplikasinya aja susah, selalu stuck di welcome screen doang. Agak was was jadinya",4.37.0,0,2025-06-30T18:04:12-07:00,Jenius,jenius,app_store,1079340119
12835167805,kims9988,1,Aplikasi tidak bisa dibuka sama sekali,Sudah seharian aplikasi tidak bisa dibuka sama sekali tolong???,4.37.0,0,2025-06-30T06:29:11-07:00,Jenius,jenius,app_store,1079340119
12834401696,Pelanggansetia000,3,Bug,"Tolong perbaiki bugs, aplikasi ini sering freeze dan tidak bisa login",4.37.0,0,2025-06-30T02:10:24-07:00,Jenius,jenius,app_store,1079340119
12833013479,Fayfeyfay,2,New version trouble,"versi barunya sulit di buka, sangat menyusahkan",4.37.0,0,2025-06-29T16:10:56-07:00,Jenius,jenius,app_store,1079340119
12832827445,YohTiana,1,The apps cannot open,Its already 4days since I was in Singapore and the apps still cannot be OPEN. Please fix it bcoz I URGENTLY NEEDED!!!,4.37.0,0,2025-06-29T14:52:29-07:00,Jenius,jenius,app_store,1079340119
12832129408,ayu sha,1,Terbuka,"Bagaimana aplikasi dari 2 hari gak bisa kebuka, mau ngambil duit gak bisa jadinya",4.37.0,0,2025-06-29T10:40:19-07:00,Jenius,jenius,app_store,1079340119
12830222504,Wildan1213,1,Unusable for 3 days already,Apps just stuck on splash screen,4.37.0,0,2025-06-28T23:50:34-07:00,Jenius,jenius,app_store,1079340119
12829894526,prio9692,1,2 hari ga bisa dibuka,Hedeh.. Trouble trossss,4.37.0,0,2025-06-28T21:26:32-07:00,Jenius,jenius,app_store,1079340119
12828346894,Marzy van Muskie,1,Aplikasi banyak errornya!,Selalu force close sendiri,4.37.0,0,2025-06-28T11:11:24-07:00,Jenius,jenius,app_store,1079340119
12827126441,Tirzaindrya,1,App crash for ios,Definitely will move my fund to other bank.,4.37.0,0,2025-06-28T05:03:03-07:00,Jenius,jenius,app_store,1079340119
12825424202,hudavianto,1,Crash,Kenapa ini ko pas buka malah crash? Kacau !,4.37.0,0,2025-06-27T17:46:00-07:00,Jenius,jenius,app_store,1079340119
12825293564,Bedlerinde,1,Crash,"Tiba tiba ga bisa dibuka, mau mindahin duit jd ga bisa
Kacaaau. Sepertinya versi baru yanh crash, istri versi lama bisa",4.37.0,0,2025-06-27T16:53:54-07:00,Jenius,jenius,app_store,1079340119
12825184411,pehdbi,5,password tiba tiba gak bisa di gunakan,"sudah 4 tahun menggunakan nya , lumayan puas so far, tapi enggak tau sekarang tiba tiba password salah padahal sudah pasti benar 1000%",4.37.0,0,2025-06-27T16:09:28-07:00,Jenius,jenius,app_store,1079340119
12822864679,Since an,1,Cannot login,Tidak bisa masuk ke aplikasi,4.37.0,0,2025-06-27T03:30:58-07:00,Jenius,jenius,app_store,1079340119
12822543491,Plucky004,1,Can’t open the app,App suddenly crashed and now I can’t open it at all. I’ve tried to delete it and download it again but nothing seems to work. Still got notifications flag but couldn’t see what the notifications were about,4.37.0,0,2025-06-27T01:22:42-07:00,Jenius,jenius,app_store,1079340119
12822277373,AA_*12,2,Freezing app,"The app all of the sudden cannot be opened. The app has been quite slow lately, but what happened lately is the worst.. the app froze and cannot be opened. Cannot do anything at all. Please fix this bug from the app. I am a long time jenius user so sad if this happens and i have to move accounts to other banks.",4.37.0,0,2025-06-26T23:27:24-07:00,Jenius,jenius,app_store,1079340119
12822158361,Siapa sih gaktau,1,Gak bisa dibuka,"Gak bisa dibuka dr semalem. Nelfon CS, disuruh screenshot layar. Padahal layarnya gak mau discreenshot. CS ngsh solusi suruh gw cari hp lain buat foto. LO KIRA SEMUA ORANG ITU ORANG KAYA PUNYA 2 HP???? TIM JENIUS EMANG “JENIUS”!!!",4.37.0,0,2025-06-26T22:34:17-07:00,Jenius,jenius,app_store,1079340119
12821736618,mkyjeshdbd,1,CRASH,can’t access the apps for 2 days and still count! no announcement at all😕😔,4.37.0,0,2025-06-26T19:34:27-07:00,Jenius,jenius,app_store,1079340119
12821499300,Anna2095,2,app lemot,"applikasi nya lemot banget gamasuk akal lemotnya, setiap buka jenius ngehang mulu. 

ya pantes orang males lanjutin make jenius untuk long term",4.37.0,0,2025-06-26T18:06:45-07:00,Jenius,jenius,app_store,1079340119
12819999870,keropi16,1,Freeze di logo jenius nya terus,"Ini keterlaluan sih aplikasinya jelek banget, ga bisa” masuk, udah reinstall berkali kali pun tetep ga bisa, udah pakai sinyal telkomsel xl biznet indihome tetep ga bs masuk.. aneh banget",4.37.0,0,2025-06-26T09:07:53-07:00,Jenius,jenius,app_store,1079340119
12819506753,alahsiamang,5,lupa pin dan pw,"min gw ada aplikasinya tp lama gadibuka lalu lupa pin pw dan no hp dah ilang, gimana ya balikin nga masih ada isinya soalnya",4.37.0,0,2025-06-26T06:47:09-07:00,Jenius,jenius,app_store,1079340119
12819212489,fauzi23,2,Tidak bisa buka aplikasi,Per hari ini tgl 26 Juni 2025 aplikasi jenius ketika dibuka hanya sampai logo jenius terus keluar lagi. Berlanjut sampai malam hari.,4.37.0,0,2025-06-26T05:19:04-07:00,Jenius,jenius,app_store,1079340119
12819077206,Frinnze,1,Jelek,"Credit card gak pernah dipakai tiba-tiba ada tagihan 500rb lawak ini jenius,rmang siapa juga yang mau bayar dana tagihan yang gak pernah pakai kocak",4.37.0,0,2025-06-26T04:34:45-07:00,Jenius,jenius,app_store,1079340119
12817599381,Hakimpu,1,CRASH ON LANDING PAGE,"Iphone 14 pro max
Crash on landing page",4.37.0,0,2025-06-25T18:20:56-07:00,Jenius,jenius,app_store,1079340119
12814679541,jonoprihatin,1,kureng,sales maksa,4.37.0,0,2025-06-25T01:33:16-07:00,Jenius,jenius,app_store,1079340119
12814671031,Komarz99,1,Eror,"Aplikasi aneh, sudah unlinked device tetapi saat masuk ke dalam eror mulu, mhon selesaikan permasalahn login ini ya adminnnnn",4.37.0,0,2025-06-25T01:29:41-07:00,Jenius,jenius,app_store,1079340119
12813070410,Barri Riyadi,5,Memuaskan!,"Sudah bertahun-tahun menggunakan sangat fungsional apalagi kalau dipakai untuk keluar negeri dan belanja barang impor. Sayangnya masih belum mensupport Wallet ApplePay, semoga segera direalisasikan karena akan benar-benar memudahkan.",4.37.0,0,2025-06-24T14:02:45-07:00,Jenius,jenius,app_store,1079340119
12810145963,Nabilahanis,1,Buruk,"Tibatiba banget kepotong 120k, tp cs ga konfirm terlelbih dahulu",4.37.0,0,2025-06-23T20:29:02-07:00,Jenius,jenius,app_store,1079340119
12808233232,SE2020_novy,2,kacau,"sejak pindah owner, makin busuk ni jenius wkwkw",4.37.0,0,2025-06-23T08:29:40-07:00,Jenius,jenius,app_store,1079340119
12794490458,Unkown 12,1,Aplikasi payah,"Crash, solusi cs ga guna. Kredit card gue tb tb ga muncul, uda call, email, livechat, visit ga solve kocak",4.36.2,0,2025-06-19T17:03:57-07:00,Jenius,jenius,app_store,1079340119
12783263795,NatureMild,1,NGAKU BANK DIGITAL TAPI RASA BANK CONVENTIONAL,"MASA MAU PINDAH DEVICE AJA PERLU CALL CS TERUS PERLU VERIFIKASINYA VIA TIM YANG DIMANA NGAKUNYA BANK DIGITAL TAPI SUNGGUH RUMIT YA, YANG SEHARUSNYA BISA VERIFIKASI CUKUP VIA APPLIKASINYA DIMANA SEMUA BANK LAINNYA YANG GA NGAKUNYA BANK DIGITAL SAJA BISA, MASA BANK DIGITAL SESIMPEL PINDAH DEVICE AJA RUMIT SEKALI SUNGGUH LUCU!",4.36.2,0,2025-06-16T18:58:14-07:00,Jenius,jenius,app_store,1079340119
12778481225,Dana tiba tiba ilang,2,Saldo tiba tiba ilang,Mengapa saldo saya tiba tiba ilang,4.36.2,0,2025-06-15T12:29:43-07:00,Jenius,jenius,app_store,1079340119
12771205666,Dotja2503,1,Crash Mulu,"App nya sangat sangat sangat buruk sudah uninstall and install berkali2, tapi masih error dan suka crash. Tidak pernah sukses login sama sekali. Jadinya tidak bisa check saldo dll. Sangat2 buruk app iniz",4.36.2,0,2025-06-13T16:11:31-07:00,Jenius,jenius,app_store,1079340119
12768900979,Altkwn,1,Mau hapus akun ga bisa,Berulang ulang mau hapus akun tapi terjadi kesalahan terus,4.36.2,0,2025-06-13T03:05:51-07:00,Jenius,jenius,app_store,1079340119
12764319517,widimaxx,1,Hapus akun,"Mau hapus akun aja susah banget padahal udh 0 semua, lagian ini bank juga gak berguna. Mending seabank sama bank jago. Haduuh",4.36.1,0,2025-06-11T20:49:49-07:00,Jenius,jenius,app_store,1079340119
12760302989,Ga jenius,2,Hapus akun,"Mau hapus akun aja susah banget yah min,selalu notif error.",4.36.1,0,2025-06-10T19:14:12-07:00,Jenius,jenius,app_store,1079340119
12756462216,fikrikhair,2,Face recon susah,Mau ganti device disuruh daftarin face ke device lama tapi gagal mulu blinknya gak detect gagal mulu alhasil gak bisa daftarin face sama ganti device,4.35.0,0,2025-06-09T19:33:30-07:00,Jenius,jenius,app_store,1079340119
12755189571,cil2506,1,Kenapa gabisa login mulu,"Pake aplikasi ini emang jarang si, karna gabisa login mulu, bilangnya pin salah udah pake password pun juga gabisa ujung”nya otp terus berkali kali dan sampe sekarang udh berapa kali saya coba tetep gabisa. awalnya saya kira salah saya mungkin lupa pin tp udh gonta ganti pun tetep sama berarti salah aplikasinya",4.35.0,0,2025-06-09T11:26:17-07:00,Jenius,jenius,app_store,1079340119
12751572274,Kakiayam089,1,Aplikasi eror,Buka aplikasi saldo 0 dan tiba2 aplikasi keluar sendiri,4.35.0,0,2025-06-08T12:30:40-07:00,Jenius,jenius,app_store,1079340119
12749988572,Ga mau lagi pake jenius,1,Menyesal punya Jenius,"Rekening sudah dorman lama. Kartu kredit juga sudah di blokir dari lama. Tiba2 di tagih 500rb annual fee, app sudah tdk bs login + bayar tagihan dr bank lain kena biaya 50rb 😂 skrng mau tutup rekening tutup kartu kredit susahnya minta ampun",4.35.0,0,2025-06-08T04:16:44-07:00,Jenius,jenius,app_store,1079340119
12749026453,Cnnsbcia,1,Pencuri,"Udah nonaktifkan kartu kredit dan debit tapi masi ada tagihan kartu kredit, padahal sama sekali tidak menerima kartu fisik",4.35.0,0,2025-06-07T21:40:55-07:00,Jenius,jenius,app_store,1079340119
12734756618,ikuwanul,1,Tidak bisa dipakau kartu credit,Mau dihubungkan ke gojek udah dicobak berkalikali malah kepotong terus 5000,4.35.0,0,2025-06-04T05:34:32-07:00,Jenius,jenius,app_store,1079340119
12727045071,baetus91,1,Topup dana gagal,"Saya topup dana senilai 1,5jt statusnya gaga tapi saldo sudah berkurang dan gak kembali",4.34.1,0,2025-06-02T04:56:10-07:00,Jenius,jenius,app_store,1079340119
12719439283,9blok,1,Bank Digital Paling Ribet,"Baru ini pake bank digital kena potongan, lebih gede pula itu potongannya dibandingkan bank konvensional. Ganti Device harus kali telpon call center, ngabisin pulsa aja lu Bankke bankgaje bankasw",4.34.1,0,2025-05-31T06:25:38-07:00,Jenius,jenius,app_store,1079340119
12717751981,afim09,1,sampah,aplikasi mobile perbankan paling menjijikkan,4.34.1,0,2025-05-30T19:30:44-07:00,Jenius,jenius,app_store,1079340119
12715371852,Siti Raudha,5,Keren app,"Fiturnya mudah digunakan, dan banyak fitur buat nabung dan deposito. Transfer unlimited gratis",4.34.1,0,2025-05-30T05:54:10-07:00,Jenius,jenius,app_store,1079340119
12713941248,otptest,1,Aplikasi sampah ga jelas,Mau login muncul error yang ga jelas.. lain kalo kalo mau launch Apps adain sesi internal demo apps nya dulu lah.. QA nya juga gimana sih ini di test atau engga.. terus juga PM nya ga nge test kah apps nya ? Udah proses ribet.. perlu telpon CS berkali kali.. pas login malah error,4.34.1,0,2025-05-29T20:03:30-07:00,Jenius,jenius,app_store,1079340119
12710188924,User activ,1,Error,Sering banget eror. Mengganggu mobilitas 👎,4.34.1,0,2025-05-28T20:56:43-07:00,Jenius,jenius,app_store,1079340119
12706743990,Raindrops8,1,App error,"Ini app error / kehack ya? Kok awal rek sy gk keload. Lalu sdh refreshed & muncul. Waktu mau move balance, gk bs diclick, dia loading2 sendiri. Sdh diback & balik coba lg ttp loading2
Apa rek sy aman?",4.34.1,0,2025-05-27T23:41:47-07:00,Jenius,jenius,app_store,1079340119
12702688879,Tedtj132,1,Jebakan fitur cashcow pay&save,"Hati2 bertransaksi pembayaran dg Jenius. Saya bayar tagihan internet melalui jenius.  Setiap bulan membayar tagihan, saya harus mengisi nomor pelanggan internet secara manual , sampai kemudian muncul pilihan “pay & save” yang saya pikir itu pilihan men-save nomor pelanggan utk kebutuhan pembayaran bulan berikutnya. 
Ternyata “save” ini adalah “menabung dan disimpan dalam fitur cashcow” dan artinya saya didebet 2 kali utk pembayaran tagihan dan juga menabung.  Ketika saya menyadari, pihak jenius menyatakan bahwa penarikan dari cash cow  hanya bisa utk nominal minimum rp 5 juta. Sungguh patut diduga, ini jebakan karena pihak Jenius tidak memberikan informasi yang cukup dan terang ttg fitur ini,  termasuk ttg nominal minimum yg bisa ditarik. Mereka mudah saja memdebet walau nasabah kurang paham ttg fitur cash cow, namun  ketika nasabah ingin menarik dana dari cashcow: jenius menetapkan syarat yg tidak diinformasikan sejak awal",4.34.1,0,2025-05-26T21:03:44-07:00,Jenius,jenius,app_store,1079340119
12701022348,Ppppppkkkakaka,2,Licik,"Mau bayar paylater dan flexy cash diperlama, agar bayar biaya keterlambatan. Aplikasi ngelag/ngebug/lelet . Upload photo auto forced closed",4.34.1,0,2025-05-26T10:12:42-07:00,Jenius,jenius,app_store,1079340119
12695050773,ana yulianty,1,resi yang menyulitkan,"udah bener resi nya kaya kemarin, ini mesti di fwd dulu baru tampil resi yg eye catching. balikin aja ui ux resi nya",4.34.0,0,2025-05-24T21:07:55-07:00,Jenius,jenius,app_store,1079340119
12687495178,MackHeasy,1,Aplikasi error terus.,"Ini aplikasi makin lama makin jelek aja, sudah pakai waktu buat ngobrol dengan CS, solusi ga ada, kirim gambar pun error. Tagihan muncul tanpa penggunaan. Luar biasa. Kayaknya stop deh pakai jenius.",4.34.0,0,2025-05-23T00:10:01-07:00,Jenius,jenius,app_store,1079340119
12684759485,Yusuf adi 16,1,Kartu Kredit yang paling tidak jelas. CS sangat tidak memuaskan.,"Customer Service (CS) sangat tidak profesional. Informasi dari 1 CS dengan CS lainnya berbeda2. Jujur saya sangat kecewa. Saya hubungi CS via aplikasi dijawab oleh chatbot NIX juga sangat lama dan lambat. Saya lelah sekali menjelaskan masalah saya kpd CS di bank ini, bukan dapat solusi tapi justru informasi yg menyesatkan. Intinya KK Bank ini sangat merugikan dan hati2 dengan informasi yang diberikan oleh CS.",4.34.0,0,2025-05-22T06:53:57-07:00,Jenius,jenius,app_store,1079340119
12672287585,Fdiln2,1,Gajelas.,Gajelas,4.33.1,0,2025-05-18T21:01:29-07:00,Jenius,jenius,app_store,1079340119
12669163146,Ergakandly,2,Spam call,"Lupa bayar CC pertama kali, tagihan cuma 300rb. Spam callnya gak ngotak",4.33.1,0,2025-05-18T01:30:56-07:00,Jenius,jenius,app_store,1079340119
12661671689,ajeonghaseyo,1,tidak bisa transfer ke MANDIRI TASPEN,kenapa saya tidak bisa transfer ke mandiri taspen? sudah update app terbaru udah refresh wifi udah high speed pake paket data juga udah. tolong dibantu,4.33.1,0,2025-05-16T02:11:36-07:00,Jenius,jenius,app_store,1079340119
12661159436,@efrida,5,Pelayanan bagus,Trims cs sdh membantu,4.33.1,0,2025-05-15T22:00:05-07:00,Jenius,jenius,app_store,1079340119
12660840448,galihajh,1,logout secara tiba tiba,"saldo saya hilang dan ke logout sendiri tidak dapat login kembali , lalu tidak bertanggung jawab , apk perbankan yang tidak recommend",4.33.1,0,2025-05-15T19:27:49-07:00,Jenius,jenius,app_store,1079340119
12658891614,oumae,1,Benerin Woy,"Aplikasi anjing, mau bayar pas genting malah masalah",4.33.1,0,2025-05-15T07:12:51-07:00,Jenius,jenius,app_store,1079340119
12654108888,pqnggilan,1,ga sesuai omongan,Awalnya di tawarin buat dpt akan dpt uang 50 rb tp pas daftar disuruh nunggu katanya blkn masuk uangnya dri tanggal 30 april smpe tanggal 14 mei blm masuk jugaa mlh yg masuk cuma 2500 rb kenapaa ga sesuai,4.32.0,0,2025-05-13T23:32:34-07:00,Jenius,jenius,app_store,1079340119
12646709199,Curut3,1,Saldo tiba-tiba hilang,"Hati-hati yang nyimpan uang disini. Nyesel pake app ini.
Katanya maintenance refund dri Ecard malah hilang saldo. CS ngeyel klo transaksi Qris. Sedangkan jam terakhir Qris jam 10malam refund Ecard jam 3malam. Hati-hati jangan pakai App ini.",4.32.0,0,2025-05-11T20:58:52-07:00,Jenius,jenius,app_store,1079340119
12635658759,elsa lovely,1,Penipuan,"Aplikasi sialan, daftar mudah banget terus pas udah transfer uang malah ga bisa di login, ga usah di download apps ini, penipuan",4.32.0,0,2025-05-08T22:39:16-07:00,Jenius,jenius,app_store,1079340119
12632985716,Zaraa1319,1,Pinjaman di tolak,"Aplikasi penipu ini, jangan install. 3 x dalam 3 bulan coba pinjam di tolak terus, alasan ga jelas, padahal transaksi lumayan, jadi malas make aplikasi penipu 1 ini, banyak aplikasi bank digital lain yg lebih bagus",4.32.0,1,2025-05-08T05:17:56-07:00,Jenius,jenius,app_store,1079340119
12627646449,kaxooo,1,penipuan,"tiba2 ditagih annual fee cc 500rb tp adminnya blg annual fee nya bs dihapuskan kalau saya transaksi 500rb yg lain. ok saya transaksi brg lain yg seharga 500rb, tapi annual fee saya ga dihapuskan juga padahal janjinya 7 hari kerja sampe lewat masa kerja blm ada tuh pengembalian. ini saya ditipu kayanya biar bs bayar tagihan jd 1juta",4.32.0,1,2025-05-06T16:33:05-07:00,Jenius,jenius,app_store,1079340119
12624570223,heomevxownwmls,1,Crashh,Always crash,4.32.0,0,2025-05-05T20:26:54-07:00,Jenius,jenius,app_store,1079340119
12623455216,Vguuhhhgb,1,Gj,"Terlalu banyak bug, busuk aplikasinya",4.32.0,0,2025-05-05T12:40:18-07:00,Jenius,jenius,app_store,1079340119
12621785315,lazpen,1,Saldo Terpotong,Niatnya mau nabung dijenius tiba2 saldo terpotong pajak senilai 120.000 tanpa izin. Niat nabung jadi tambah rugi kalau nabung dijenius dan semenjak daftar akun jenius banyak nomer2 spam yg tiba2 nelfon. Sudah saya chat dan email tidak ada tanggapan apapun dari pihak jenius!,4.32.0,0,2025-05-05T03:26:47-07:00,Jenius,jenius,app_store,1079340119
12621629666,FufufFafa,2,Bad services,"Kalo bukan karena tuntutan kerja ogah pake Jenius, bad services. Tidak ramah dan tdk ada solusi main pergi gitu aja. Nyesel",4.32.0,0,2025-05-05T02:21:31-07:00,Jenius,jenius,app_store,1079340119
12606915730,Mitaaaaaaaaaaaaaaa,1,Tidak bagus,"Tagihan sudah lunas malah tidak berkurang, sesuai tepat wktu bayar.. Di tanya di chat gk ada yg jawab.. Aplikasi tolol",4.31.0,0,2025-05-01T06:50:56-07:00,Jenius,jenius,app_store,1079340119
12602551294,Asouuya,1,Promo banyak bohongnya,Promo di ganti sesuka hati,4.31.0,0,2025-04-30T04:22:40-07:00,Jenius,jenius,app_store,1079340119
12601059721,Flejsvz,1,AKUN SAYA TIDAK BISA MASUK,Mentang2 Sudah Lama Gak Aktif Ehh Gak Bisa Login,4.31.0,0,2025-04-29T17:14:49-07:00,Jenius,jenius,app_store,1079340119
12599626618,Hehenggi,1,Notifikasi mengganggu,Tidak ada opsi di setting untuk menonaktifkan notifikasi promosi. Sangat mengganggu,4.31.0,0,2025-04-29T08:15:21-07:00,Jenius,jenius,app_store,1079340119
12599560474,lek jo si tejo,1,Cs slow respon,"Cs slow respon, apa ga ready 24 jam ?",4.31.0,0,2025-04-29T07:54:36-07:00,Jenius,jenius,app_store,1079340119
12599515652,Restsyshshsjsj,1,Kebanyakan notifikasi promo,"Notifikasi promo nya sering bgt, gak bisa dimatiin pula.. di app ada di email ada tuh notifikasi promo",4.31.0,0,2025-04-29T07:40:36-07:00,Jenius,jenius,app_store,1079340119
12596170224,Mudro S,5,Kurs riyal saudi,Mengingat kebutuhan umroh…. Semoga ada riyal saudi juga dalam jual beli kurs.,4.30.0,0,2025-04-28T09:00:23-07:00,Jenius,jenius,app_store,1079340119
12595313832,Yulia rini,5,Ribet ganti perangkat udah 5 hari gak bis,"Udah 5 hari mau ngurus pergantian perangkat ribet amat,gaji ku tertahan 🥺",4.30.0,0,2025-04-28T04:17:35-07:00,Jenius,jenius,app_store,1079340119
12594826400,triarsh,1,duit ilang,bank jelek kaga bisa login duit hilang,4.30.0,0,2025-04-28T00:38:16-07:00,Jenius,jenius,app_store,1079340119
12588538526,Possible1708,1,Gabisa TF PASSWORD DIBILANG SALAH TERUS,"Password ku dibilang salah terus, padahal itu password yg bener 🥲🥲mana uang nya lumayan disana gabisa di tf ke bank lain",4.30.0,0,2025-04-26T08:08:39-07:00,Jenius,jenius,app_store,1079340119
12583922303,Rupiahcepatkontol,1,Pelerr,Unlink aja ribet banget gajelas,4.30.0,0,2025-04-25T04:18:39-07:00,Jenius,jenius,app_store,1079340119
12580267322,Angelo Cavalli,1,"Promo ga jelas,","Mau cari murah pakai promo tudak keluar nominal harus dibayar tapi kena denda yang banyak dengan alasan saldo tidak cukup, dalam sekejab saldo bisa kosong kalo menggunakan apk ini, dihubungin cs tidak bertanggung jawab di surug hubungin merchant, digububgib merchant vilang tidak dikenakan potongan kalo gagal, dan dioper2 pernasalahan",4.30.0,0,2025-04-24T05:02:23-07:00,Jenius,jenius,app_store,1079340119
12576421981,kesel sama ditjen imigrasi,1,Updaye stuck,Updatenya stuck ga jalan jalan,4.30.0,0,2025-04-23T04:46:34-07:00,Jenius,jenius,app_store,1079340119
12574163416,nyomanbhayu,1,Mending BTPN dari pada SMBC,Kebijakannya banyak yang berubah setelah pindah ke SMBC,4.30.0,0,2025-04-22T12:50:54-07:00,Jenius,jenius,app_store,1079340119
12570978312,mikha212,1,kecewa,karena kelebihan bayar cc dan skrg mau nutup cc aja susah nya minta ampun proses pemgembalian kelebihan bayar ke saldo aktif aja lama banged sampai saat ini proses mandek,4.30.0,0,2025-04-21T16:18:12-07:00,Jenius,jenius,app_store,1079340119
12567791300,Pektempek,1,Tempek,Aplikasi ruwet,4.29.0,0,2025-04-20T20:12:41-07:00,Jenius,jenius,app_store,1079340119
12567730703,smsqu,1,layanan cs & overlimit kartu kredit,"parah si klo limit kartu kredit 20jt bisa dipake tembus, padahal bsokannya dibayar, eh masi dicharge rata 200ribu. klo ga ijinkan customer untuk pakai lebih dari overlimit ya jangan di ijinkan, tiba2 di charge gitu saja. telpon pun lama dikasi 20 lagu customernya ga balik2. habis 60ribu sekali telpon. gak layak untuk jadi bank kaya gini",4.29.0,0,2025-04-20T19:45:12-07:00,Jenius,jenius,app_store,1079340119
12563414694,ahmad muzacky f,1,parah sii,baru aja top up pas mau narik ternyata gagal diatmnya uang ga keluar pas liat saldo udah 0 lagi kacau emang padahal belum ketarik uangnya tapi saldo dijenius udah kosong parah siih ini gimana sistemnya,4.29.0,0,2025-04-19T15:46:56-07:00,Jenius,jenius,app_store,1079340119
12553007936,Angry User with Jenius,1,Tidak direkomendasikan,"Jenius dulu memang unggul, tapi skrg tidak lagi. Sempat dapat kartu kredit dari Jenius (pastinya limit kecil). Tidak pernah digunakan, tapi tiba tiba di charge annual fee. Annual fee tidak saya bayar tapi saya sudah ajukan penghapusan namun dalam sehari bisa di telepon hingga 20-25x. Luar biasa, sangat mengganggu.",4.29.0,1,2025-04-17T01:48:34-07:00,Jenius,jenius,app_store,1079340119
12540845400,danahoax,1,Aplikasi Sampah banyak BUG,"Sistem nya jelek, limit kk kecil seperti upil. Staff suka menjebak dengan menyarankan paylater wkwk lawak2,",4.28.0,0,2025-04-13T20:24:46-07:00,Jenius,jenius,app_store,1079340119
12525744337,tikatikyy,1,GA SOLUTIF,"Ga GUNA, DELETE SOON",4.28.0,0,2025-04-10T03:15:02-07:00,Jenius,jenius,app_store,1079340119
12517609884,Nickguetta,5,Sangat membantu,Bikin lebih mudah transaksi,4.26.1,0,2025-04-08T00:32:06-07:00,Jenius,jenius,app_store,1079340119
12517392891,bulukutil,1,SAMPAH,"Aplikasi sampah, fitur live chat lama bgt, live agent lama bgt. Pas mau attach document atau gambar dia crash. Trus ulang lagi cari live agent. Bisa nunggu berjam- jam. Aplikasi sampah, mending pake bank lain deh.",4.26.1,0,2025-04-07T22:49:47-07:00,Jenius,jenius,app_store,1079340119
12510437770,anjing pelacak,5,feesible,"tagihan gelap, dulu diajarkan  titik puspa unt nabung biar untung... disini malah buntung , pantas saja btn terkatung katung",4.26.1,0,2025-04-06T04:39:52-07:00,Jenius,jenius,app_store,1079340119
12507293926,gianamand,1,Jenius sudah downgrade,"Sejak jadi smbc jadi downgrade aplikasinya 😭 hari ini bayar paylater aja susah banget! Ribet banget harus nunggu besok dan kena late fee. Dulu ga pernah begini deeh perasaan! Bulan lalu juga, gak autodebit flexi cashnya padahal dana sudah tersedia sesuai tagihan, lalu tiba-tiba kena latefee 🫠",4.26.1,0,2025-04-05T09:17:33-07:00,Jenius,jenius,app_store,1079340119
12507073595,Auramghfra,1,Cb buat rek di booth jenius tapi bohong,Diiarahkan buat rek jenius dan diinfokan top up sekian dapet cb. Tapi tidak ada cb yg masuk,4.26.1,0,2025-04-05T08:17:53-07:00,Jenius,jenius,app_store,1079340119
12502910981,Gausah kepooo,1,Apk kebanyakan lag,Ini apknya eror mulu masa udh gonta ganti email buat dpt otw malah gabisaaa gmna si perbaikin dongg,4.26.1,0,2025-04-04T08:03:36-07:00,Jenius,jenius,app_store,1079340119
12499425236,666_shawty,1,Reset password,Aplikasi aneh mau reset password masukin kode sms malah “gagal memuat”. PAYAH!,4.26.1,0,2025-04-03T10:41:42-07:00,Jenius,jenius,app_store,1079340119
12494485688,pflarasati,1,"Jenius ribet bgt, mending gausah",Nyesel pakai jenius!!! Will close it soon. Terlalu banyak aturan ga jelas dan ga transparan,4.26.1,0,2025-04-02T05:52:36-07:00,Jenius,jenius,app_store,1079340119
12479894562,frieskazain,2,ngecrash ga update,setelah sama smbc jadi jelek,4.26.1,0,2025-03-29T13:08:38-07:00,Jenius,jenius,app_store,1079340119
12478681404,Siregar Nalom,5,terbaik,the best,4.26.1,0,2025-03-29T07:09:33-07:00,Jenius,jenius,app_store,1079340119
12478269932,KhInaYan,1,Bad service,"Ngakunya digital, tiba2 login gak bisa dan harus update data ke kantor cabang, not good and not flexible, handsdown",4.26.1,0,2025-03-29T05:11:25-07:00,Jenius,jenius,app_store,1079340119
12476965542,fadhilfcr,1,Error ketika activate valas,"kena error ketika konfirmasi pembelian valas
pop up Term n conditionnya muncul trus ilang",4.26.1,0,2025-03-28T20:33:34-07:00,Jenius,jenius,app_store,1079340119
12474395222,xxxiola,1,gajelas,udah daftar disuruh dftar ulang lagi,4.26.1,0,2025-03-28T06:14:39-07:00,Jenius,jenius,app_store,1079340119
12470526537,studeeoo,1,BAD CUSTOMER SERVICE,BAD SERVICE EVER,4.26.1,0,2025-03-27T06:15:08-07:00,Jenius,jenius,app_store,1079340119
12466920530,dindinrsdin,1,Bad Service,"Gak ada angin gak ada ujan, tbtb login jenius ditangguhkan dan mesti update data diri ke bank. Malas amat",4.26.1,0,2025-03-26T07:57:24-07:00,Jenius,jenius,app_store,1079340119
12465924404,I^A,5,Sumber Dana QRIS,"Sayangnya untuk sumber dana QRIS hanya terbatas saldo tabungan, belum bisa sumber dana dari Kartu Kredit, di era transaksi digital untuk keamanan sangat penting daripada gesek2 kartu kredit",4.26.1,0,2025-03-26T02:22:32-07:00,Jenius,jenius,app_store,1079340119
12463557856,temonmedan,1,PENIPU,"SALES SUN PLAZA MENIPU,KATANYA BISA DITARIK M/TRANSFER NYATANYA TRANSAKSI GAGAL UDAH 10 x PERCOBAAN,HATI” GAIS SAMA APLIKASI NYA",4.24.0,0,2025-03-25T10:34:37-07:00,Jenius,jenius,app_store,1079340119
12457005688,Krisardiansa23,1,Gabisa masuk,"Udh daftar , udh isi saldo juga udh bisa , eh besoknya mau login sesi telah berakhir mulu bank paling kocak !",4.24.0,0,2025-03-23T18:51:58-07:00,Jenius,jenius,app_store,1079340119
12454956912,hematpulsa,1,Unlink device,"Ribet banget mau akses lagi
Pdahal masih di hp yg sama",4.24.0,0,2025-03-23T08:05:04-07:00,Jenius,jenius,app_store,1079340119
12453504792,Andre S Putra,1,AWAS UANG KALIAN DIPOTONG OTOMATIS DALAM JUMLAH BESAR,"uang diambil atau dipotong hampir 200k alasannya karena pajak dari tahun 2019, padahal ini baru bikin akun/kartu baru lagi karena kartu/akun awal hilang dan tidak pernah dipakai sama sekali (boleh dicek riwayat transaksinya) jadi selama tahun 2019-2025 tidak pernah dipakai karena hilang tapi setelah bikin akun/kartu baru lagi harus membayar pajak/admin dari awal pembuatan kartu lama yang hilang 😹 Setelah komplen tapi diproses dengan lambat dan terkesan tidak ada tanggung jawab atas hal tersebut, lalu sekarang tidak bisa login aplikasi dengan alih” verifikasinya gagal terus, kocak banget deh jenius 😹",4.24.0,0,2025-03-23T00:01:12-07:00,Jenius,jenius,app_store,1079340119
12445889316,Zidane Yasid,1,ga sopan,sales ga sopan buka rekening tanpa izin,4.24.0,0,2025-03-21T03:14:57-07:00,Jenius,jenius,app_store,1079340119
12445527715,reposefaction,3,Stuck without Faceid,“Biometric login” value is stuck at ON when iOS glitch caused Faceid data to be wiped.,4.24.0,0,2025-03-21T00:31:15-07:00,Jenius,jenius,app_store,1079340119
12430580566,hirosic19,1,SISTEM TDK JELAS,"Saya request m-card di apps namun error, sehingga saya dtg ke booth jenius langsung. Setelah staff mencoba memproses pembuatan kartu, staff booth berkata bahwa kartu tdk dpt di proses karna di sistem saya telah memilih pengiriman kartu ke alamat. Saya disuruh tunggu kartu dikirimkan ke alamat 3-7 hari kerja. sudah 7 hari lebih namun kartu tidak dikirimkan. Saya menelepon CS JENIUS dan beberapa hari kemudian mendapatkan jawaban bahwa SAYA SUDAH MENERIMA KARTU DI BOOTH (saya sama sekali tdk menerima kartu!!). CS menyuruh saya untuk request pergantian kartu yang dikenakan biaya padahal kesalahan tersebut bukanlah kesalahan saya. Sangat mengecewakan!!",4.24.0,0,2025-03-17T02:18:01-07:00,Jenius,jenius,app_store,1079340119
12423174592,asaasiaau,1,Field colector buka pagar rumah tanpa di persilahkan masuk terlebih dahulu,"Sore ini saya kedatangan fc, pada saat itu saya sedang sholat ashar berjamaah sama anak2. Fc perempuan dtg. Pertama dy panggil nama2 saya, kedua dia gedor2 saya punya grendel kunci pagar yang memang biasa tidak pernah saya gembok. Akhirnya dia masuk ke dalama pagar sambil ketok2 rumah saya. Anak saya yg no 2 segera membatalkan sholatnya supaya bisa bilang kl sy sedang sholat. Di blgnya sy sedang sholat baru dy keluar dari pagar. Memang stlh itu dy ngomong baik2, tp ini kedatangn ke 2x nya membuka pintu pagar sendiri. Bagaimana kalau saya sedang dalam posisi tidak memakai baju lengkap. Sayangnya saya tidak menanyakan namanya. Dy dtang berdua sama kawannya laki2.",4.24.0,0,2025-03-15T05:41:03-07:00,Jenius,jenius,app_store,1079340119
12413881627,Aldy alvandi,1,Pelayanan yang sangat payah sekali,"Layanan kartu kredit sangat labat, saya tlp customer servicenya tidak mengerti prosedurnya. Menanyakan hal yg sama berulang kali untuk verifikasi data, seperti tidak konsen bekerja atau tidak mengerti apa yg harus di lakukan. So dumb..",4.24.0,0,2025-03-12T18:54:29-07:00,Jenius,jenius,app_store,1079340119
12405818064,okeapa aja,1,TIBA TIBA ADA BIAYA PAJAK,KATA SELES JENIUS NYA GA ADA BISAYA ADMIN HUU PEMBOHONG,4.23.0,0,2025-03-10T14:43:37-07:00,Jenius,jenius,app_store,1079340119
12403755222,brianbernard97,1,Promo cashback flexicash ga sesuai,"Lagi agak kecewa belakangan ni sama jenius. Di janjiin promo fleksicash pake promo fc24 sampe di telpon di janjiin ada cashback. Penarikan flexicash  udah sesuai dan dari sales di janjikan tanggal 5 febuari bakal cair. Sampe hari ini ga cair cair cashbacknya… ternyata nanya cs ktnya selama quotanya masih ada … padahal ga di jelasin sama sales ny..

ya mon maap kasi review kek gini saya sbg konsumen hanya kecewa aja… ga sesuai",4.23.0,0,2025-03-10T03:04:58-07:00,Jenius,jenius,app_store,1079340119
12387014696,Pengguna sejak 2016,1,"QRIS gagal, tidak bisa upload foto di kolom chat","1. Pembayaran via QRIS dinyatakan berhasil tapi penerima terkena reversal. Tapi dana reversal tidak diterima di rekening saya. Akibatnya saya harus transfer dobel ke penerima. 
2. Live chat dengan NIX kurang membantu justru menganggu, mengulang2 pertanyaan setiap memulai chat kembali. 
3. Setiap mau upload foto bukti transaksi di live chat, auto ke kick dari aplikasi. Gimana mau request refund nya kalau gitu? Saya jadi manual via email yg gatau kapan dibalesnya :”) 

Lain2
4. Terlalu banyak notifikasi iklan produk yang selalu ada setiap membuka apps padahal sudah sy close dan saya tidsk tertarik. MENGANGGU!!",4.23.0,0,2025-03-05T19:05:11-07:00,Jenius,jenius,app_store,1079340119
12381619902,ILS007,5,Reliabel & Trusted Digital Bank,Banyak improvement dari awal rilis. Sekarang sudah semakin nyaman digunakan. Banyak program tabungan menarik dan masih menjadi aplikasi yg nyaman kalau dipake di luar negeri.,4.23.0,0,2025-03-04T09:05:22-07:00,Jenius,jenius,app_store,1079340119
12381283968,Lil Shiroichi,5,Very Efficient,"Aku ga ngerti kenapa banyak bad review yang dialamin orang yang review disini. Aku pake jenius since day 1 mereka launching dan baru punya CC nya 1,5 tahun. Tapi ga pernah sekalipun di telpon sama salesnya BTPN/SMBC. Masalah cepat selesai, beli mata uang asing mudah, kartu debit mudah dipake di banyak negara. Bunga Depositonya pun msh diatas bunga rata2. Well, for me, Jenius masih terbaik in term of technology and efficiency. Thank you Jenius.",4.23.0,0,2025-03-04T07:18:44-07:00,Jenius,jenius,app_store,1079340119
12375203179,olincarl,1,Iewww,Suka potong saldo org tbtb yg simpen banyak harap hati2 pake aplikasi ini,4.23.0,0,2025-03-02T15:53:10-07:00,Jenius,jenius,app_store,1079340119
12371685562,ririn haryanti,5,bank bagus sayang fitur kurang,"hello jenius since jenius buka pertama kali masih di mall2 aku uda buka, sayangnya fiturnya sampai skrg kurang berkembang gak ada tabungan e-emas/ cicilan emas sdgkan dibank digital lain uda ada dan fiturnya beragam loh, harapannya ada penambahan fitur beragam dari jenius jadi kalo nabung di satu produk simpanan saja",4.23.0,0,2025-03-01T19:34:14-07:00,Jenius,jenius,app_store,1079340119
12368046230,Adhhafi,1,Tiba-tiba akun diblokir sesaat setelah transfer uang,"Jenius adalah bank paling tidak jelas yang pernah saya temui, sudah bikin laporan via bank smbci terdekat, sudah kirim email berkali-kali tetap tidak direspon dan hanya disuruh menunggu.",4.23.0,0,2025-02-28T23:42:15-07:00,Jenius,jenius,app_store,1079340119
12362904310,credoland,1,Fitur chat CSnya tolol,"Disuruh tunggu balasan giliram di tunggu dia end chat kayak kita yg gak bales, asli tolol",4.22.2,0,2025-02-27T16:31:14-07:00,Jenius,jenius,app_store,1079340119
12359245654,Korban Jenius,1,Flexi cash,"Hampir 3 tahun saya menggunakan flexi cash, limit stack cuma di 800rb. Pangajuan kenaikan limit malah ditolak. Semangat saya bayar dan pinjam, setelah menunggu 7 hari lamanya ternyata ditolak.",4.22.2,0,2025-02-26T17:41:58-07:00,Jenius,jenius,app_store,1079340119
12352929828,Hahaha1112222s,1,Kecewa,"Saya tidak pernah menggunakan kartu kredit sama sekali, tau tau di tagih untuk bayar 500rb.",4.22.2,1,2025-02-25T03:33:11-07:00,Jenius,jenius,app_store,1079340119
12352345690,Redhajuanda,1,bad sales,"nelpon mulu sampe 5 kali, udah direject padahal",4.22.2,0,2025-02-24T23:28:57-07:00,Jenius,jenius,app_store,1079340119
12345275005,Maysartn,1,Transfer nyangkut,"Sebel banget transfer nyangkut masa disuruh nunggu sampe 5 hari???!!!! Butuh uangnya cepet, lama banget investigasinya. Padahal awalnya mau nabung di jenius, gak akan lagi deh kapok.",4.22.1,0,2025-02-23T04:00:06-07:00,Jenius,jenius,app_store,1079340119
12345050086,Rian™,1,Tidak bisa login,"Tidak bisa login, keterangan akun harus di unlink di device lama, sedangkan dah g tau hp lama yg mana yg msh nyangkut akunya, mau d unlink gmna coba",4.22.1,0,2025-02-23T02:40:02-07:00,Jenius,jenius,app_store,1079340119
12340327832,Hyagauaj,1,Sangat dipersulit untuk yg perangkat lamanya hilang,Ditelfon ulang ulang linknya tidak dikirim kirim sangat menyusahkan mana tidak ada cabangnya kalau dipelosok. Yang rasa diri tinggal di daerah tidak disarankan menggunakan jenius,4.22.1,0,2025-02-21T22:49:46-07:00,Jenius,jenius,app_store,1079340119
12332556071,Try but not my rizky,4,APK Saya Hapus,"Apk saya hapus karena kesalahan membuat nama ibu kandung, mohon jangan di sebar luaskan data saya. Terimakasih",4.22.1,0,2025-02-19T23:57:32-07:00,Jenius,jenius,app_store,1079340119
12326164035,Fikri GO,1,Setelah update sesi berakhir dan terlogout otomatis,Tolong dibantu perbaiki gimana ini,4.22.0,0,2025-02-18T08:02:45-07:00,Jenius,jenius,app_store,1079340119
12325405902,lolok001,1,Kartu kredit jenius,Jangan pernah buka rekening kartu kredit jenius. Tiba2 di potong. Mengerikan bank ini,4.22.0,0,2025-02-18T04:11:25-07:00,Jenius,jenius,app_store,1079340119
12325122730,sitiaaaal,1,diperbaiki,nanya ke cs nya tidak membantu sama sekali awal bilang bisa lalu selanjutnya bilang beda lagi,4.22.0,0,2025-02-18T02:26:23-07:00,Jenius,jenius,app_store,1079340119
12324810345,marc0013,1,Reset password ribet amat,"Ga bisa log in, padahal sudah masukin password yg benar. Reset password ga terima2 OTP..telpon CS dibilang akan dikirim email untuk reset ga dikirim2 jg. Pulsa dah habis 100rb buat telponin CS. SAMPAH!",4.22.0,0,2025-02-18T00:09:27-07:00,Jenius,jenius,app_store,1079340119
12320570452,Jeraxksn,1,Log out otomatis tanpa pemberitahuan,"Setelah saya mengecek ulasan banyak yang mengalami , ter log out otomatis sesion expired lah, bank aplikasi tidak bertanggung jawab!
Minimal INFO la goblokkkk",4.22.0,0,2025-02-16T21:34:56-07:00,Jenius,jenius,app_store,1079340119
12317723214,Roversilucu,5,Kartunya Memudahkan untuk dipakai di MRT dan bus di Singapore.,Kartunya Memudahkan untuk dipakai di MRT dan bus di Singapore.,4.21.0,0,2025-02-16T05:05:25-07:00,Jenius,jenius,app_store,1079340119
12305175020,raynoevos,1,Ganti device (handphone),Ribet bgt mau ganti hp aja login ke hp satu nya harus ke menara ke kuningan atau cp,4.21.0,0,2025-02-13T00:44:53-07:00,Jenius,jenius,app_store,1079340119
12302563109,Itilusi,1,Lol,"Aplikasi ter gak jelas merepotkan customer, apa apa diuangkan!!!!",4.21.0,0,2025-02-12T07:49:22-07:00,Jenius,jenius,app_store,1079340119
1801297957,Adipedia,4,"Great Concept, Still need Improvement.","Initially I was impressed with the new account opening concept. They are the first bank that allow account opening from an app in INDONESIA.
I had trouble with the registration though, my first registration did not goes as smoothly as I hoped. But after quite some time, back and forth with the helpdesk and Jenius partners. Problem was solved.
Saving money never been so easy, interest rate are comparatively good, free transactions quota and withdrawals from ANY Bank's ATM in Indonesia is interesting. Separate top up e-card from visa would create a safer internet transaction..
Can't give full score on the apps due to the registration problem, but the bank's staff was very helpful.

PS : to the developer, when updating the apps it is customary to tell the App Store customer what is being updated (bug fix, encryption, new menu, etc) instead of commercials like ""6,25% deposit etc. "".",1.9.12,68,2017-09-20T22:51:07-07:00,Jenius,jenius,app_store,1079340119
4407677430,sonisinungan,4,What happen,E-Wallet centre always loading and cannot be click. Please fix it,2.23.1,8,2019-07-03T20:05:35-07:00,Jenius,jenius,app_store,1079340119
7237216824,sustinaperry,5,Nice app❤️,Fiturnya mudah digunakan dan memudahkan dalam setiap transaksi termasuk dalam hal menabung. Banyak fitur fitur keren yang bisa dimanfaatin dari jenius ini. Semoga kedepannya semakin berkembang menjadi lebih baik lagi dan lebih banyak fitur fitur canggih lainnya.,2.44.0,34,2021-04-18T11:17:36-07:00,Jenius,jenius,app_store,1079340119
7021817516,dnluk,1,Unreliable Service,"keluar dari ekosistem jenius adalah langkah paling tepat di awal 2021-ku. emang penyakit ya kalian ini.... udah kena potong feesible Rp 10.000 tapi performa aplikasi juga gak ada beda sama sebelum dikenakan feesible. malu sama BCA, fee cuma Rp 7.500 tapi layanan sangat reliabel. malu sama DBS, sama2 digital banking-nya tapi layanan lebih bisa diandalkan... gak kena potongan biaya apapun lagi",2.42.0,23,2021-02-21T07:34:59-07:00,Jenius,jenius,app_store,1079340119
7167974298,ellanovia,1,SALDO TIBA TIBA HILANG!!!,"2 TAHUN PAKE JENIUS DAN SERING DENGER BERITA UANG HILANG TP GAK PERCAYA DAN SEKARANG KENA!!! Selama ini gak pernah taro uang banyak di jenius krn berita miring nya, gak pernah mau lebih dari 150jt, uda berapa hari saldo kosong karena MALES APLIKASI NYA LEMOT!!! Jadi di geser semua dana nya ehh sekali nya masuk uang 7jt, notif uda masuk, in and out juga udah masuk tp tbtb UANG GONEEE ILANG GITU AJA COYYYY!!!! Kejadian nya 1 april 2021 jam 3, besok mau gw urus, jadi hati2 guys! Sudah tlp jenius call centre dan cuma blg di cek berkala, okee kalo emang uang nya balik review ini akan di edit.",2.43.2,22,2021-03-31T13:13:47-07:00,Jenius,jenius,app_store,1079340119
7472163004,Irene Oktavina,5,Perfectly,Ga expect bngt bisa secanggih ini banking terpercaya & teraman 👍🏻 bisa di monitoring lewat hp transaksi masuk dan juga keluar.. terus jenius ini beneran jenius ga pake potongan apapun sekali transaksi.. semoga lebih bagus lagi kedepannya untuk jenius dan app nya,2.45.2,8,2021-06-16T12:09:18-07:00,Jenius,jenius,app_store,1079340119
6061614579,Steve Rays,4,Jenius Syariah,"Aplikasi yang bermanfaat, transaksi di internet lebih mudah. Semoga kedepannya ada jenius syariah ya, thx",2.32.4,2,2020-06-10T22:14:35-07:00,Jenius,jenius,app_store,1079340119
4807430419,mpw28,5,Life saver,"Udah pake Jenius kurang lebih 3 tahun dan menurut aku digital banking service terbaik sih. Transfer ke mana mana gampang dan cepat, kayak bayar tagihan juga udah gak pusing tinggal buka app. Sempet bawa kartu debit Visa nya ke luar negri di HK, Sg, bahkan sampe Eropa pun transaksi tetep nyaman. Aku pake Jenius untuk tabung menabung juga soalnya bunga nya gedhe 🤑. Temen yang baru join juga suka banget apalagi sekarang bisa aktivasi pakai video call doang, tambah cepet dan gak ribet. Sayang belum pernah cobain fitur pinjaman dari Jenius, tapi so far seneng banget sih sama service nya 😍",2.27.1,6,2019-09-19T22:13:00-07:00,Jenius,jenius,app_store,1079340119
4405541259,ditsbrn,2,More bugs error,"Aplikasinya langganan banget ya error, udah sering re-install dan login ulang selalu gangguan koneksi, padahal koneksi stabil.",2.23.1,6,2019-07-03T07:26:05-07:00,Jenius,jenius,app_store,1079340119
8030409248,yohandes_,1,Worst Digital Bank,"Web already maintenance more than 2 month, and to unlink device is so wasting time, no other choice than call the CS, digital bank but still using old ways to unlink the device, not recommended! 👎🏻👎🏻👎🏻👎🏻👎🏻
Edit : Don't just update your apps! fix your web login dumbass!",3.1.3,4,2021-11-16T07:28:20-07:00,Jenius,jenius,app_store,1079340119
8045686252,jamhuri.mohammad,1,Pelayanan buruk,"Bank sampah, karena ganti hp uang nggak bisa dipakai, harus unlink dengan cara telpon, ngabisin pulsa ribet sekali. Mana data dibilang nggak valid lagi.. udah gitu nggak bisa dan suruh datang ke cabang. Datang ke banknya langsung malah yang bagian unlink nggak ada, suruh balik 1 jam lagi. bagi yang belum pakai mending yang lain aja. 

Yang lain bisa simple, kenapa kamu kok ribet dan pakai mekanisme yang sulit dan tak masuk akal",3.1.3,4,2021-11-20T16:10:53-07:00,Jenius,jenius,app_store,1079340119
7001422896,Rakadityas,1,Feesible? Mending kartu kredit,"Kalo transfer dari bank utama ke rekening jenius udah kena charge 6.5k, sekarang tiap bulan kena charge 10k untuk feesible.

Promo dari bank btpn juga jarang banget, kalau begini mending pakai kartu kredit aja deh. Bayar feesible gaada imbas yang signifikan untuk pengguna.",2.42.0,4,2021-02-16T07:14:14-07:00,Jenius,jenius,app_store,1079340119
9662839216,tissuenice,3,Chat ke CS super sulit,"Ga boleh away lebih dari 1 menit, harus keep interacting with the chat, padahal cs kan biasanya butuh waktu jawab lebih dari 1 menit. Ngapain coba usernya pas nungguin jawaban cs? Tap tap hp biar chatnya ga keputus. Buang buang waktu jadinya.",3.29.0,3,2023-02-27T17:54:04-07:00,Jenius,jenius,app_store,1079340119
6090553782,Gre tere,5,Bring the whole new level for mobile banking experience!,"I’ve been using Jenius since i got my ID about 2 years ago and they never failed me :) Let me break down the point of why Jenius is really is JENIUS:

1. Jenius has the most interactive UI/UX i ever used up until this point and no bank could beat them. Like really? Jenius is definitely not just a Bank yet they really do care with their user.

2. I think the whole app of Jenius targeted for young generation. The color and the design seems too cheerful actually for a bank. But, indeed this is a successful approach for giving new kind of feeling when you are opening your mobile bank application. It give you the feeling of ease when you are doing any kind of transfer activity or just simply checking your monthly statement.

3. Have you ever wonder why mobile banking app didn’t provide any financial tracking system so that you could control your spending? Well, i did wonder. Mobile banking app is the most frequently used app related to finance in our daily life. The idea of Moneytory (sound like ‘monitoring’ to me lol) is such a dream comes true! 

4. I know too much add on in an app could actually brings the good or the bad side in different kind of situation. Thinking about the size of an app maybe not so many people thinking about it nowadays. But, for some minorities mobile banking app which consume a lot of memories might ends up being such a hassle. Consider a Jenius-lite maybe? It just an opinion though that comes across my mind while i am writing it. But afterall Good job there for the developers and everyone who pour their precious time for buildings this amazing banking app ⭐️",2.34.0,3,2020-06-18T00:26:47-07:00,Jenius,jenius,app_store,1079340119
7667339983,Chibi Maruko-chan,1,Drama Unlink Device,"Mau unlink device berbelit banget process nya. Ujung2 nya harus ke Kantor Cabang untuk ngurusinnya. Pulsa aing abis 50rebu cuma untuk telpon CS dengan hasil yang sia-sia. Tytyd.

Performa aplikasinya juga busuk bgt. Rotten apps. Makin kesini fitur nya makin gajelas. Banyak masalah pokoknya. Selama ini pake Jenius cuma karena pengen bisa transaksi international aja.

Mumpung tanggal cantik, uninstall dan tutup rekening Jenius adalah langkah yang tepat.",2.46.2,3,2021-08-07T18:49:45-07:00,Jenius,jenius,app_store,1079340119
4874279451,YeanJean,1,BUGS!!!!,"TBH Jenius dan aplikasinya bagus tapi utk versi yg ini terlalu banyak bug!!! 
Login gagal mulu, udah masukin password harus berkali2 coba baru berhasil, masukin pin harus coba berkali2 baru berhasil, transfer dana berkali2 coba baru berhasil, edit profil cuma ganti nomor hape berkali2 coba baru berhasil. Sebagai new user jujur terganggu banget. Sorry to say thumbs down 👎 .",2.27.1,3,2019-10-02T10:20:12-07:00,Jenius,jenius,app_store,1079340119
7393556032,Dieny C,5,Aplikasi jenis,Aplikasi yang sangat kerennn dan bermanfaat untuk anak muda,2.45.0,3,2021-05-27T01:07:05-07:00,Jenius,jenius,app_store,1079340119
11056778412,Drewnyo,2,UXnya bermasalah,"Di iphone 13 mau beli mata uang asing, tombol belinya hilang gak jelas kemana. White screen. Sampai hari H mau ke luar masih gakbisa padahal sudah uninstall-install ulang, update ios tapi masih gak bisa",3.57.1,2,2024-03-17T19:35:09-07:00,Jenius,jenius,app_store,1079340119
7952481797,Liza Rellyna,5,Jenius,"Seperti namanya Jenius, aplikasi ini sangat jenius dan memudahkan dalam bertansaksi. Tampilannya sangat modern dan menarik. Sangat membantu dalam masalah keuangan. Jenius sangat bagus dan kalian mari mencoba",3.1.2,2,2021-10-25T06:35:34-07:00,Jenius,jenius,app_store,1079340119
8324207114,aweewewe,1,aplikasi sampah,aplikasi sampah. mau login session expired terus. aneh asli. bikin emosi 🥲,3.4.1,2,2022-02-05T21:41:42-07:00,Jenius,jenius,app_store,1079340119
8287522916,eriamudita,5,Recommend !!,Aplikasi nya friendly banget harus coba memudah kan kita banget,3.4.0,2,2022-01-26T23:33:34-07:00,Jenius,jenius,app_store,1079340119
7725086402,HOQ40,5,Review app,Aplikasi yang bagus dan sangat membantu dalam kategori aplikasi perbankan,3.0.0,2,2021-08-23T04:08:10-07:00,Jenius,jenius,app_store,1079340119
7495609563,zain Husni,5,Aplikasi mudah digunakan,"Fiturnya mudah digunakan, simple banget dalam setiap transaksi. Fitur menabungnya sangat jenius, dan masih banyak lagi fitur keren lainnya. Semoga kedepannya bisa lebih inovatif dalam mengembangkan aplikasi.",2.45.2,2,2021-06-22T21:10:26-07:00,Jenius,jenius,app_store,1079340119
7475983615,Faisyah Rizky,5,Membantu,sangat membantu dalam menabung sebagai pelajar,2.45.2,2,2021-06-17T13:10:00-07:00,Jenius,jenius,app_store,1079340119
7473958761,jihan amira,5,App keren bangettt,Aplikais ini keren banget dan banyak manfaatnya dna juga aman bsnget,2.45.2,2,2021-06-17T01:21:40-07:00,Jenius,jenius,app_store,1079340119
7377412211,nahrisa,5,aplikasi paling simple dan keren,"cara penggunaan aplikasi yang mudah di mengertii banyak orang, keren bangettt",2.45.0,2,2021-05-23T01:24:29-07:00,Jenius,jenius,app_store,1079340119
7242217752,alyatnn,5,Keren sekaliii!!!,Saya sangat suka karena sangat di permudahh😍😍,2.44.0,2,2021-04-19T21:29:57-07:00,Jenius,jenius,app_store,1079340119
7217539051,Des5th,2,Sering tidak bisa masuk,"Beberapa minggu ini aplikasi kadang tidak bisa login, baik dengan face ID maupun pin.",2.43.2,2,2021-04-13T06:01:18-07:00,Jenius,jenius,app_store,1079340119
5130698015,fagyagqv,1,Pin masuk salah terus,"Padahal udah lebih 10x ubah pin masuk dan memasukan kembali pin yg baru ke halaman awal
Hasilnya tetap sama 

Keterangan cuma
* pin salah",2.29,2,2019-11-12T22:30:52-07:00,Jenius,jenius,app_store,1079340119
5758856883,itsdante,1,Jenius without Jerry Ng and Irwan,"Jenius has changed a lot after the merge, I love where the product was heading in the early time when jerry was still the ceo of btpn and Irwan was the head of product in jenius

Jenius was customer centric, free transfer, withdrawls, but after BTPN was acquired by SMBC it’s been a real mess. It took me 3 customer service to answer my question, the app keeps crashing in iphone X, and my issue with flexi cash has not even been solved. Hence I will probably uninstall the app",2.31.1,2,2020-04-03T19:35:14-07:00,Jenius,jenius,app_store,1079340119
7459372146,richjonathan12,5,Keren❤️,Aplikasi hya mantap terutama dalam kategori bank digital,2.45.2,2,2021-06-13T02:24:32-07:00,Jenius,jenius,app_store,1079340119
7208789281,aloshaaaaa,1,kualitasnya memburuk,"pakai jenius dari 4 tahun yg lalu tp makin kesini pelayanannya makin buruk. padahal fiturnya lengkap makanya sempat pilih bank ini. 

kekurangannya sekarang masuk aplikasinya lama, customer service by chat ataupun telfon sangat tidak membantu, dikenakan biaya Rp. 10.000/ bulan dan biaya charge sebesar Rp. 5.000/ transaksi yg gagal. Anehnya transaksi gagal kenapa dikenakan biaya??? 

untungnya sekarang sudah banyak bank lainnya yg lebih baik pelayananya dibandingkan Jenius",2.43.2,2,2021-04-10T21:24:41-07:00,Jenius,jenius,app_store,1079340119
1798526181,emailtidamuat,2,Ada kendala,"Email tdk boleh lebih dr 30 karakter, padahal email saya diatas 30 karakter, aneh... masa email dibatasi sampai 30 karakter saja",1.9.12,2,2017-09-19T10:27:30-07:00,Jenius,jenius,app_store,1079340119
12169871084,droctarina,4,bagus tapi…,praktis banget tapi sayangnya masih gabisa top-up electronic money sama sekali buat pengguna iphone,4.17.2,1,2025-01-10T20:46:45-07:00,Jenius,jenius,app_store,1079340119
12240252631,Gilbert LJ,3,ERROR MULU,"beneran sebel sama jenius, mau register akun malah eror, tggu 3-4 hari baru bisa, mau foto ktp, hasil fotonya malah crop ke daerah lain bukan d daerah kotak tmpat kita harusnya masukin KTP, scan wajah aja ribet, gagal mulu, mau buat E-card juga eror mulu, uda bikin e-card, mau liat CVV sama liat nomor Kartu juga erorrr kaga bisaaa, padahal butu dipake banget sekarang e-card nya, tolong difix, ini aplikasi ada aja masalahnya",4.18.1,1,2025-01-28T01:16:30-07:00,Jenius,jenius,app_store,1079340119
12235996351,xxxxxxxxxxxx100,1,jenius,"sengaja daftar jenius buat pocari, akun ga aktif aktif sorry to say bintang 1",4.18.1,1,2025-01-26T22:31:51-07:00,Jenius,jenius,app_store,1079340119
12232848930,Assauuussisisisi,1,Rekening sampah & admin sosmed kocak,"saya gak pakai rekening jenius lebih dari setahun, dan saldo yang tersisa direkening 111 perak dan tidak pernah dipotong biya admin sampai saldonya minus seperti auto debit pada bank lain saat saldo tidak mencukupi untuk pemotongan admin, saldo yang tertampil akan minus. ajaibnya jenius berbeda, saat saya mencoba menggunakan rekeningnya lagi bisa bisanya setelah saya isi saldonya satu hari setelahnya langsung potong biaya admin selama satu tahun. selama ini kalian ngapain? saldo 111 perak knapa gak dipotong dan knapa ditunggu saldo mencukupi? ini auto debit by sistem atau manual debit? seenaknya gini. dan lagi admin sosmed ig kalian yang namanya semy gak bener main blok",4.18.1,1,2025-01-26T04:31:06-07:00,Jenius,jenius,app_store,1079340119
12231967712,Theibraim,1,Ga Bisa Log In,"Ga jelas ini aplikasi, sign out dengan sendirinya. Pas log in berulang kali. Sign out terus sampe berkali2. Dan sampe skrg ga bisa log in.",4.18.1,1,2025-01-25T22:54:03-07:00,Jenius,jenius,app_store,1079340119
12204632287,lolllloooop,1,Penggelapan Dana,"Saya tutup akun dan saldo USD saya tidak di kembalikan dan nominal nya lumayan woyyy. sebelumnya saya sudah memberikan nomor rekening untuk pengembalian dana, sudah 1 tahun belum ada transaksi pengembalian dana dari pihak jenius. sudah saya telfon call center berulang kali untuk segera lakukan pengembalian dana namun tidak ada tindak lanjut dan hanya di suruh menunggu. udah 1 TAHUN anjjj ga ada action nya GILA banget ini penggelapan dana parah",4.17.4,1,2025-01-19T10:24:10-07:00,Jenius,jenius,app_store,1079340119
12191433598,andikhoirul,1,Not recommended,"aplikasi rusak, gabisa buat apa apa, scan QR, debit macet, capekk",4.17.4,1,2025-01-16T06:33:15-07:00,Jenius,jenius,app_store,1079340119
12189676217,Rainy Melati,1,Kecewa,"Saya belum aktivasi kartu kredit dan belum menggunakan selama 1 tahun ini, tapi susah ada tagihan 500.000 sebagai fee.. katanya bisa pengajuan free jika tidak digunakan, rugi dong bayar 500.000 padahal aktivasi aja belum",4.17.4,1,2025-01-15T19:22:01-07:00,Jenius,jenius,app_store,1079340119
11089177781,iCC2v2,4,Di iPhone 6s: hampir semua berfungsi kecuali satu,"Di iPhone 6s hampir semua fitur berfungsi optimal. Fitur yang ditawarkan sangat lengkap, tampilannya pun sangat memudahkan pengguna untuk memakai aplikasi.

Hanya saja, ada satu fitur yang tidak berfungsi di iPhone 6s. Yakni, tidak bisa memasukkan nominal top up e-wallet secara manual. Setiap kali mau input nominal, pasti blank berwarna putih. Ujung-ujungnya hanya bisa memilih nominal default yang tersedia.",3.59.0,1,2024-03-26T16:16:40-07:00,Jenius,jenius,app_store,1079340119
12138590864,Gengtaros,1,Jangan deh,Mau tutup rekening aja ribet.,4.16.2,1,2025-01-02T22:48:42-07:00,Jenius,jenius,app_store,1079340119
12129476419,ndrealexandra,1,Nope,"It was all great and fine sampai hari ini saya melakukan payment kartu kredit langsung transfer dari rekening lain dan kena charge 50rb. Definisi apa2 diduitin… on another note, your app is okay lah.",4.16.2,1,2024-12-31T16:36:32-07:00,Jenius,jenius,app_store,1079340119
12114073611,fakhri gust,3,Withdraw foreign cash,Seems like withdraw sgd at singapore now is no longer available,4.16.2,1,2024-12-27T18:47:34-07:00,Jenius,jenius,app_store,1079340119
12043083931,Reza M.A.,1,CC JENIUS GAK JELAS,"CC jenius status canceled by bank gara2 telat bayar 1 hari tidak bisa dipakai sudah 2 bulan, saat gak bisa dipakai malah muncul tagihan biaya tahunan 500rb, sisa tagihan dan biaya tahunan sudah dibayar full pun tetap status cc canceled, tanya via email hanya disuruh menunggu pengecekan tim terkait, sudah dua minggu infonya akan diprioritaskan, sampai sekarang blum jelas juga.",4.16.1,1,2024-12-09T02:29:33-07:00,Jenius,jenius,app_store,1079340119
12023446890,Rennnnn8,1,Uninstall langsung,"Parah skli, transaksi sudah dibatalkan tpi tetap ditagih, nilanya nya jga lumayan hampir 700ribu. Disuruh utk bayar aja, kan gila. CS nya jg gk jelas, sebelumnya blg A kemudian blgnya B, infonya gajelas banget.  Tinggal tggu bayar tagihan terakhir, langsung ku tutup akunnya.",4.15.1,1,2024-12-03T21:24:37-07:00,Jenius,jenius,app_store,1079340119
11977071646,Mutvia,1,Jelek,Makin ga jelas jenius ada biaya feesible 10.000 terus di potong nya langsung 12 bulan gede banget lagi gaada pemberitahuan apa apa tiba tiba langsung kepotong 120.000 gajelas udah gausah pake jenius lgi ga menguntung kan gaada benefit nya,4.14.1,1,2024-11-21T18:22:43-07:00,Jenius,jenius,app_store,1079340119
11921255633,investorsavvvy,1,credit card limit is very low 👎,"credit card limit is very low, it is unusable, even though the monthly fee is applied the same to all users",4.13.1,1,2024-11-06T19:29:25-07:00,Jenius,jenius,app_store,1079340119
11895582107,Restiprawita,1,BANYAK KEBIJAKAN YANG MERUGIKAN NASABAH,"Saya menggunakan debit jenius dengan m card untuk transaksi agoda, tetapi kebijakan dari pihak bank sangat merugikan nasabah karena transaksi yang ada pemotongan denda 5.000 per transaksi yang dimana transaksi tersebut tidak berhasil karena saldo tidak mencukupi. Dimana seharusnya cukup dengan pembatalan transaksi saja tapi ini dipotong berkali-kali sampai 55.000. Menurut saya ini kebijakan yang sangat merugikan nasabah, hanya karena nasabah lupa melakukan pengecekan saldo.",4.13.0,1,2024-10-31T05:19:06-07:00,Jenius,jenius,app_store,1079340119
11864898003,SomethingBaked,1,Wow,"Pengajuan CC tidak jelas dan di bilang tidak terkirim sama sekali, ngehubungin CS chat putus otomatis berkali2 dan harus mengulang keluhan dan confirmasi yg berbeda beda Di suru update, tp punya saya sudah paling akhir. Terus uda gitu di suru coba terus. Solusi world class",4.12.0,1,2024-10-23T00:48:58-07:00,Jenius,jenius,app_store,1079340119
11444639272,HBSerpong,1,Hendrik,"the service is too bad, the complaint and resolution process takes a very long time even though it is not a payment problem because the bill is always paid smoothly",3.63.2,1,2024-07-01T07:57:55-07:00,Jenius,jenius,app_store,1079340119
11431623601,Fen92x,1,Nyusahin customer,"Udah 2 minggu gak selesai2 ke bank jg gak bisa harus online utk mnt penutupan kartu kredit dan surat ket pelunasan bintang 1 jg gak layak di lempar2 gak jelas blg kelebihan pembayaran trs udh d pastikan gak ad lg kendala bisa d tutup, d ajuin penutupan dblg masih krg byar… udh d tutup ad email pemberitahuan udh sls tp surat yg d minta sampe skrg masih belum ada, cs nya d tny ya gt kyk jawaban sama semua…",3.63.2,1,2024-06-27T22:06:31-07:00,Jenius,jenius,app_store,1079340119
11402110027,Firman Alisyahbana,1,Instantly crashes,"Tolong dong, setiap buka aplikasi langsung crashes. iPhone 6 iOS 12.5.7. Ini sudah berminggu-minggu seperti ini. Nggak ada kejelasan pula memang sengaja meninggalkan versi iOS 12 atau cuma bug.",3.63.2,1,2024-06-20T02:44:31-07:00,Jenius,jenius,app_store,1079340119
11374573135,HaroldMilleeer,1,APP CANT OPEN,"Can open the app in iphone 6, please help",3.63.0,1,2024-06-12T16:38:37-07:00,Jenius,jenius,app_store,1079340119
11123674767,Fandy Prayogo,3,Ios bug,"Tolong diperbaiki untuk bug yg ada di aplikasi jenius di ios. Saya sudah sebulan ini tidak bisa pakai karena setiap kali sudah ketik nominal pembelian mata uang ading, layar selalu menjadi kosong",3.59.2,1,2024-04-05T02:41:56-07:00,Jenius,jenius,app_store,1079340119
10924145826,Igam Nanda,5,Excellent,Akhirnya bisa pindahin akun dari HP jadul ke HP baru tanpa perlu video call.,3.54.0,1,2024-02-10T09:47:35-07:00,Jenius,jenius,app_store,1079340119
11071008820,f.haris,3,Layar putih saat top up ecommerce,"Mohon  perbaikan untuk interface saat input manual besaran pay (gopay) dll di laman pay..
Karena saat input manual (besaran yg mau dtransfer/ deskripsi transfer), keyboard tdk bisa diturunkan dan ketika klik dilayar, semua yang sudah diinput akan hilang (white display).",3.58.0,1,2024-03-21T19:11:32-07:00,Jenius,jenius,app_store,1079340119
11020565166,felmahda,2,Suka mental-mental,"Apps nya ada bugsnya, kl transaksi susah banget untuk tekan tombol selanjutnya setelah isi nominal krn mental ke white space terus. Pls perbaiki dong ini kan perbankan..",3.56.3,1,2024-03-07T22:19:42-07:00,Jenius,jenius,app_store,1079340119
10976744903,ars-2512,2,No customer service,Live Customer care not available.,3.56.1,1,2024-02-24T19:19:30-07:00,Jenius,jenius,app_store,1079340119
10955089720,arffffffffffffffff,3,Pengajuan,"Saya sudah dapat notif di acc, kenapa di aplikasinya masih verifikasi?",3.55.1,1,2024-02-18T21:34:09-07:00,Jenius,jenius,app_store,1079340119
9222979750,yannnnnxnn,5,Mantap,"Cocok buat transaksi dan menabung ni,kedepannya bisa lebih berkembang dan lebih nyaman lagi buat dipergunakan oleh masyarakat luas",3.20.0,1,2022-10-26T01:14:19-07:00,Jenius,jenius,app_store,1079340119
10752975275,Kaniach,2,Verifikasi wajah,Verifikasi wajah susah sekali. Teknologi kurang canggih. Sudah lebih dr 5 kali masih saja tidak bisa pdahal cahaya dan kondisi kamera baik dan wajah jelas terlihat,3.52.1,1,2023-12-27T18:01:41-07:00,Jenius,jenius,app_store,1079340119
10404580260,rayrisk,1,Buang buang waktu,"Susah sekali mau pasang di perangkat baru. Minta verif ini itu, ujung ujungnya gabisa. Customer service kurang membantu.",3.45.0,1,2023-09-24T22:09:30-07:00,Jenius,jenius,app_store,1079340119
10374128205,priskatenias,1,Aplikasi tidak berfaedah,"Aplikasi ga jelas, udah registrasi tapi pas udah video call malah gagal aktivasinya 
Mau aktivasi aja ribet banget mempersulit untuk para calon nasabah",3.39.0,1,2023-09-16T05:45:33-07:00,Jenius,jenius,app_store,1079340119
10252064516,Eibror,1,Tdk dirokemendasikan,"Terlalu ribet! Hanya untuk mengatifkan akun harus menunggu video call 1 jam lebih dan ujung-ujungnya tdk bisa.
Tidak kayak aplikasi-aplikasi lainnya yg lebih mudah.",3.38.0,1,2023-08-13T01:05:23-07:00,Jenius,jenius,app_store,1079340119
9838747761,ALowjjdjsjs,1,Tidak aktif tapi kena biaya,"Hp hilanh dan akun sama sekali tidak aktif, tidak pernah ada dana masuk ataupun transfer. Bahkan krn hp hilang, saya harus pindah akun dr hp lama ke baru dan saat saya terhubung dengan cc nya sangat jutek sekali. Saya aktifkan lagi untuk penyimpanan dana dan dikenakan biaya 120rb. Pdahal selama ini sama sekali tidak aktif. Kcuali aktif ya wajar. Aneh memang, uang sudah saya tarik semua dan saya sangat kecewa",3.32.2,1,2023-04-19T09:01:05-07:00,Jenius,jenius,app_store,1079340119
9531081279,matth ü,1,Device baru,Lol banget gabisa masuk ke device baru :))),3.26.0,1,2023-01-21T04:18:31-07:00,Jenius,jenius,app_store,1079340119
9197607225,maheyss,5,good,"bagus bgt, smua transaksi bisa dilakukan tanpa ribet pindah pindah aplikasi, dari jajan diwarung dan lain lain bisa bayar melalui Jenius👍",3.19.0,1,2022-10-18T09:03:09-07:00,Jenius,jenius,app_store,1079340119
9169152054,Yuli ica,5,Aplikasi yang sangat berguna dan membantu,ini aplikasi sangat berguna dan membantu sekali untuk bertransaksi. mudah digunakan dan di pahami.,3.18.2,1,2022-10-09T20:45:06-07:00,Jenius,jenius,app_store,1079340119
9017602400,Helmiya Azahra,5,Keren dan modern,Keren sangat membantu dalam memudahkan transaksi online serta dengan fitur terpercaya dan modern,3.16.1,1,2022-08-25T21:10:14-07:00,Jenius,jenius,app_store,1079340119
9029212415,RylaiLisa,2,BUG LOGIN LOGOUT,"tolong, saya mau pindah hp. di hp utama mau logout akun genius tapi gak bisa, tetep login terus. di hp kedua mau login genius, tulisannya sesi berakhir. tolong yaaaa dibetulinn",3.17.1,1,2022-08-29T02:01:55-07:00,Jenius,jenius,app_store,1079340119
9022849561,Udeh Nans,1,APLIKASI ANEH,Mau login setup pin kok langsung logout terus,3.17.1,1,2022-08-27T06:02:37-07:00,Jenius,jenius,app_store,1079340119
9007600535,fienyunardi,5,App bagus,Appnya bagus banget dan sangat mudah untuk melakukan transaksi,3.16.1,1,2022-08-23T00:08:58-07:00,Jenius,jenius,app_store,1079340119
8978208572,shrn14,5,Keren bangett!!!!,"Apknya bener bener  bagus, banyak diskon jg promo apalagi untuk nonton bioskop, seneng banget deh pake jenius!!",3.14.0,1,2022-08-14T08:25:19-07:00,Jenius,jenius,app_store,1079340119
8962603943,sherent natalie,5,kerenn,aplikasinya keren banget!! fitur fiturnya mudah dipahami dan memudahkan buat melakukan transaksi dan semoga kedepannya makin bagus lagi,3.14.0,1,2022-08-09T17:05:22-07:00,Jenius,jenius,app_store,1079340119
8951274684,nurrikw,5,Helpful bangettt,"Udah pakai aplikasi ini dari jaman dulu banget (sebelum bank digital seramai sekarang)
Yang bikin happy itu booking airbnb pakai jenius gampang pol terus ke singapore juga tinggal tap tap kelar, enggak perlu lagi nuker dollar👍🏻👍🏻",3.14.0,1,2022-08-06T08:21:40-07:00,Jenius,jenius,app_store,1079340119
8949539076,Inkarnaa,5,Sangat bermanfaat!,"Aplikasinya sangat berguna untuk pelajar dan mahasiswa karna penggunaannya sangat mudah, bebas biaya transfer juga, fitur2 nya juga menarik dan mudah sekali digunakan. Good!!",3.14.0,1,2022-08-05T20:18:22-07:00,Jenius,jenius,app_store,1079340119
8949261574,juliyant15,5,Sangat keren!!!,Sangat membantu untuk menabung bagi pelajar…,3.14.0,1,2022-08-05T18:15:34-07:00,Jenius,jenius,app_store,1079340119
8920502008,christytampu,5,Keren banget,"Aplikasi yang keren bgt, sangat memudahkan mahasiswa seperti saya 👍🏻",3.14.0,1,2022-07-28T06:51:10-07:00,Jenius,jenius,app_store,1079340119
8930386985,rdtymanampiring,1,"Session Expired, Automatically Logged out","Abis switch to new device, terus mau login tidak bisa, setiap kali selesai create device pin, selalu ada keterangan ‘Session expired, Automatically logged out’, tolong bantuannya, saya tidak bisa akses akun saya.",3.14.0,1,2022-07-31T05:20:44-07:00,Jenius,jenius,app_store,1079340119
8908932496,puspitatrianadewi,5,keren banget!!,"jenius makin hari makin cool, aplikasinya setelah di-update juga manfaatnya nambah, mantab jenius 👍🏻",3.14.0,1,2022-07-24T21:22:52-07:00,Jenius,jenius,app_store,1079340119
8839887307,Luthfi Muhammad,1,GABISA LOGIN,"Ribet amat ngurusin unlink device harus telp cs padahal hp sama. Makin kesini layanannya semakin buruk, bukannya dipermudah tpi malah dipersulit..udah ada biasaya bulanan tapi layanannya sama aja, makin ribet",3.12.4,1,2022-07-04T07:45:21-07:00,Jenius,jenius,app_store,1079340119
8815060457,nilashanti,5,Great App!,"App terbaik untuk bank digital, fiturnya mudah digunakan dan memudahkan pengguna dalam pengoprasiannya, keep the good work Jenius!",3.12.4,1,2022-06-27T02:10:54-07:00,Jenius,jenius,app_store,1079340119
8435117469,jasmine harninik,5,Keren parah,Kalian wajib punya nih apk ini rekomen banget mudah digunain buat nabung pun aman rekomen,3.6.2,1,2022-03-08T16:06:36-07:00,Jenius,jenius,app_store,1079340119
8569603394,Vinnyvinnie,1,Feesible is a pain in the ass,"Sudah tidak pakai Jenius dari Des 2020. kemarin baru coba aktivasi akun nya lagi karena di unlink device oleh Jenius. saat isi saldo, beberapa hari kemudian dipotong 120rb atas feesible jan-des 2021. 😡😡😡 bener2 mengecewakan padahal tidak dipakai akunnya dan sudah di freeze tp ttp di akumulasi biayanya dan main dipotong seenaknya 🤬",3.9.1,1,2022-04-15T04:42:12-07:00,Jenius,jenius,app_store,1079340119
8390152385,Kerenn ♥️♥️,5,Baguss 👍,Aplikasi yang sangat keren dan bermanfaat,3.5.0,1,2022-02-23T22:20:10-07:00,Jenius,jenius,app_store,1079340119
8371879519,Dhony Haditya,5,Aplikasi bank,"Aplikasi yang berguna, ada fitur mbankingnya sangat memudahkan transaksi",3.5.0,1,2022-02-18T22:48:30-07:00,Jenius,jenius,app_store,1079340119
8368003690,Wafiqazizah20,5,Review!,"Aplikasinya membantu banget buat aku, suka❤️❤️",3.5.0,1,2022-02-17T21:49:28-07:00,Jenius,jenius,app_store,1079340119
8345964777,siapany,5,Great app!,"user friendly, recommended buat pelajar yang pengen menabung. di jenius ini terjamin aman krn bisa dimonitorring dan tidak ada potongan sama sekali dalam melakukan transaksi",3.4.1,1,2022-02-11T21:02:03-07:00,Jenius,jenius,app_store,1079340119
8290309496,Tulus Supriyadi,5,Keren,"Aplikasi yang sangat membantu sekali, fiturenya lengkap dan sangat bermanfaat
Rekomendasi sekali",3.4.0,1,2022-01-27T17:11:19-07:00,Jenius,jenius,app_store,1079340119
8289071750,street.shackr,5,.,Aplikasinya sangat membantu dan mudah digunakan👍,3.4.0,1,2022-01-27T08:35:10-07:00,Jenius,jenius,app_store,1079340119
8279910989,alfin nurhidayat,5,Mantap,Fiturnya banyak dan sangat mudah di gunakang trimakasih jenius,3.3.1,1,2022-01-24T21:48:35-07:00,Jenius,jenius,app_store,1079340119
8260892022,jawalwayssss,5,Sangat bagus untuk transaksi dan menabung 👍,"Selalu suka sama fitur keren dari Jenius yang sangat memudahkan penggunanya dalam bertransaksi,terutama untuk menabung karena kita bisa tau secara detail uang yang mask dan keluar.. Semoga kedepannya aplikasi Jenius bisa terus berkembang dan menghasilkan fitur-fitur yang lebih memudahkan dan canggih untuk penggunanya ☺️👍",3.3.1,1,2022-01-19T22:20:18-07:00,Jenius,jenius,app_store,1079340119
8235662016,ghinawhp,5,Good👍👍,Aplikasi yang sangat membantu sekali👍👍,3.2.2,1,2022-01-13T05:09:46-07:00,Jenius,jenius,app_store,1079340119
8207458691,dhealestari,5,Keren,Aplikasi sangat membantu,3.2.2,1,2022-01-05T08:04:24-07:00,Jenius,jenius,app_store,1079340119
8122240106,Sintianrc,5,Fiturnya bagus,Menarik sekali fiturnya dan mudah di pahami oleh saya. The best deh,3.2.2,1,2021-12-12T05:09:19-07:00,Jenius,jenius,app_store,1079340119
8032104264,Anik Lestari,5,Nice aplikasi,Aplikasi bank digital yang keren dengan biya admin rendah serta tanpa minimum saldo,3.1.3,1,2021-11-16T19:44:07-07:00,Jenius,jenius,app_store,1079340119
8060084067,Sam Nawi,1,Jauh Lebih Ribet Daripada Bank Konvesional,"Verifikasi nya melebihi Perbankan normal. Akun terancam mudah hilang dan tidak akan bisa kembali kalau anda orang sibuk dan mungkin isi transaksi, apalagi kalau ganti HP. Problem Timeout session berulang. Gagal login. Padahal HP dan Email valid.

Tidak seperti BCA yg easy kesana kemari dan verifikasinya mudah. Saya relakan saja saldo saya buat Jenius. Mau ganti BCA BLU atau Bank Jago saja. 🙏",3.1.3,1,2021-11-24T18:39:38-07:00,Jenius,jenius,app_store,1079340119
8050015835,hoirun24,1,Tf dari jenius ke BRI tpi ga masuk ke BRI saya,Gimana proses nya ga jelas di bilang senin udah nunggu senin disuruh besok lagi jadi uang saya 7.6jt itu kemnaa? Kenapa ga masuk ke rekening BRI saya padahal pribadi ya !,3.1.3,1,2021-11-21T20:41:27-07:00,Jenius,jenius,app_store,1079340119
8035104043,Amta52,1,"CS tidak responsive, App slow","- banyak nya biaya pemotongan (gagal ambil dari kartu)
- cs support chat sangat tidak responsive
- loading slow
- flexi cash tidak tercatat di saldo, tapi dianggap sedang berjalan",3.1.3,1,2021-11-17T16:27:46-07:00,Jenius,jenius,app_store,1079340119
8027470359,jessica supartha,5,Nice app,"Great app, banyak promonya seputar nabung, tampilan interfacenya sangat user friendly dan sangat cocok untuk nabung millenials",3.1.3,1,2021-11-15T10:16:49-07:00,Jenius,jenius,app_store,1079340119
8025148349,Rahayuoct,5,Review Jenius,"Saya sudah pakai aplikasi jenius kurang lebih selama 2th lebih. Karena saya suka fitur free transfer yang sangat berguna untuk mengirimkan uang ke rek berbeda-beda yang selalu saya gunakan setiap bulan. Saya juga memakai flexi saver untuk menabung setiap bulannya. Perubahan UI yang sekarang juga sangat cantik, dan setiap membuka aplikasi selalu diingatkan untuk tidak memberikan password, OTP dll ke orang lain, sehingga itu jadi reminder setiap kali membuka aplikasi. Thanks Jenius",3.1.3,1,2021-11-14T18:22:50-07:00,Jenius,jenius,app_store,1079340119
8026070214,ngel97,1,seperti aplikasi penipuan,"tidak ada pemberitahuan apa"" tiba"" ditarik 110 ribu dan saat kontak ke help center seperti berbicara dengan robot dan tidak dapat solusi apa apa",3.1.3,1,2021-11-15T01:43:16-07:00,Jenius,jenius,app_store,1079340119
8007947105,pius samponu,5,Good,Verry easy 👍👍,3.1.2,1,2021-11-09T23:52:37-07:00,Jenius,jenius,app_store,1079340119
8018988292,Maple Designs,1,Feesible? Seriously?!,"Saya sudah lama pake jenius karna yang saya tau jenius adalah aplikasi sejenis ovo, gopay dll yang merupakan aplikasi e-money. Saya tau ini aplikasi yang dinaungi oleh bank btpn. 

Sudah lama tidak menggunakan aplikasi dikarenakan rumor dulu yang sempat dihack blablabla. Saya memberanikan lagi menggunakan jenius. Niat ingin menabung di flexisaver. Sudah berjalan seminggu, iseng cek saldo malah kepotong 110.000 (feesible). Saya tanya CS katanya kebijakan baru dari awal 2021 yang ada fee 10rb/bulan. 

Sebagai costumer saya kecewa. Ingat, jenius BUKAN bank, tapi aplikasi yang dinaungi oleh bank. Ovo, gopay, dana, dll tidak pernah saya tiba"" ada potongan ""feesible"" bulanan.

Alhasil saya kecewa dan langsung proses penutupan akun. Via telfon. Salah satu cs yang dihubungi terlalu berbelit"", nada bicara yang terlalu lambat sehingga pulsa saya keburu habis. Saya minta tolong sama cs di aplikasi jenius agar pihak jenius menelfon saya kembali, namun dari cs tidak bisa membantu.

""Aplikasi simpel"" tapi untuk perihal menutup akun dipersulit.

Terima kasih, saya kecewa. Mungkin merupakan kesalahan saya tidak mengecek notif atau pemberitaan mengenai feesible. Tapi ya, tetap saya kecewa. Terima kasih.",3.1.2,1,2021-11-13T02:19:22-07:00,Jenius,jenius,app_store,1079340119
8010949358,mbempow,1,CS nya parah!!!,"Kalau memang menyediakan jasa CS via chat di aplikasi, minimal dilatih dulu buat ngejawab pertanyaan konsumen, ditanggepin dengan baik, jangan cuma asal template konsumen disuruh nyoba terus 1x24 jam, ya kalau kaya gitu ngapain tanya CS.  Fitur chat juga jelek, kita gak tau pesan kita kekirim apa gak, kebaca apa gak, apalagi CS nya cuma diem ndomblong gak jawab pertanyaan, makin aja kaya chat sama batu malin kundang.  Ketika jawab, jawabnya template yang malah bikin kesel nyuruh dicoba terus.",3.1.2,1,2021-11-10T20:10:30-07:00,Jenius,jenius,app_store,1079340119
8008012125,qeertyuhgfd,1,Tutup Akun Aja Dipersulit,"Semakin maraknya berita miring tentang Jenius, saya berinisiasi untuk menutup rekeningnya saja (saldo udah dikosongkan).

Pulsa telepon abis Rp20ribu dan hasilnya NIHIL. Alasannya data perbankan tidak lengkap. Di bank lain aja gak segininya diminta data buat nutup rekening.

Tolong doain aja semoga akun saya tidak disalahgunakan dan tidak ada tagihan yang macam-macam. Sumpah nyesel tau Jenius bakal kayak gini, mending gak buka Jenius dari awal 2019 di Kokas.",3.1.2,1,2021-11-10T00:23:02-07:00,Jenius,jenius,app_store,1079340119
7984431687,uyunghasanah,5,Sangat baik dan berkualitas,"Aplikasinya bagus sangat membantu dan sangat mudah digunakan, fitur yg ditawarkan pun beragam keren. Semoga semakin berkembang",3.1.2,1,2021-11-03T06:07:22-07:00,Jenius,jenius,app_store,1079340119
8004371720,raysantos85,1,Balance stolen from M-Card,"Be careful of using this app! M-card is directly linked to saving account. I have never used M-Card at all ever since the first time I got it. And today (9 Nov 2021), my card was charged with 2 items which I have never bought. It is extremely unsafe, especially this is saving account breach. My advise: abandon ship!",3.1.2,1,2021-11-08T22:02:30-07:00,Jenius,jenius,app_store,1079340119
7980465725,sri well,5,Fitur modern,"Ini aplikasi yang sangat modern dan mudah diaplikasikan, banyak fitur modern yg cocok banget untuk anak anak milenial",3.1.2,1,2021-11-02T03:19:46-07:00,Jenius,jenius,app_store,1079340119
7976923923,Yuni Ferianto,5,Mantap 👍🏼👍🏼,Overall good👌🏼,3.1.2,1,2021-11-01T03:32:22-07:00,Jenius,jenius,app_store,1079340119
7890159464,my.cheezeee,5,sangat bagus,"apk jenius sangat membantu di era yang modern ini, mudah dimengerti dan di pahami
ayuk pakai jenius",3.1.0,1,2021-10-07T20:12:45-07:00,Jenius,jenius,app_store,1079340119
7922438884,indahkumala,1,SALDO TIBA2 HILANG,"Bulan September sisa saldo 2jt,
Baru buka pas sabtu 16 oktober tinggal 1.3jt, padahal ga ada transaksi apapun",3.1.1,1,2021-10-16T15:30:42-07:00,Jenius,jenius,app_store,1079340119
7841664712,ulfilatifah1,5,Aplikasinya Bagus Sekali!,Aplikasi ini sangat bermanfaat dan sangat mudah digunakan oleh usernya. Terimakasih jenius,3.1.0,1,2021-09-24T16:31:52-07:00,Jenius,jenius,app_store,1079340119
7857704796,stefio kurniadi,1,Performance Issue,"Udah 3 tahun terakhir aplikasi lemot terus. Dengan waktu yang sama saya bisa complete 3 transaksi di bca mobile, di apps jenius loading home page aja belum. + additional fee dimana2. Sorry, saatnya untuk pindah.",3.1.0,1,2021-09-29T04:49:09-07:00,Jenius,jenius,app_store,1079340119
7805065900,dwipayanabagus,5,Nice,Mobile bankinh paling simpel menurutku,3.0.3,1,2021-09-14T05:03:48-07:00,Jenius,jenius,app_store,1079340119
7804974759,diana fahira,5,Keren banget👍🏻,"Jenius suatu aplikasi yang memudahkan banyak orang untuk bertransaksi, bisa gratis transfer gratis tarik tunai, dan juga menabung banyak kegunaan lainnya didalam aplikasi jenius ini apalagi dijaman sekarang banyak yg make smartphone jadi bisa memuda
hkan juga untuk menggunakan jenius ini di era modern keren emang✨",3.0.3,1,2021-09-14T04:32:56-07:00,Jenius,jenius,app_store,1079340119
7802312810,Siti Humaira Hanun,5,Review aplikasi Jenius,"Aplikasinya berjalan dengan sangat baik, fiturnya pun sangat canggih, selain itu aplikasi ini bisa membantu saya dalam melakukan beberapa aktivitas finansial seperti menabung, melakukan transaksi, dan mengatur segala hal keuangan, intinya saya suka dengan aplikasi ini, semoga sukses selalu jenius",3.0.3,1,2021-09-13T08:32:27-07:00,Jenius,jenius,app_store,1079340119
7659994557,Diah Ayu Siwi,5,Keren,Aplikasi yang memudahkan pengguna untuk solusi keuanganmu,2.46.2,1,2021-08-05T19:39:26-07:00,Jenius,jenius,app_store,1079340119
7782940614,alkeyzha2244,1,Susah unlink device,"Ribet baget sudah nelpon ke call center nya masih tidak bisa unlink device
Parahh",3.0.2,1,2021-09-07T21:04:00-07:00,Jenius,jenius,app_store,1079340119
7774179093,Cocoas11,1,Gak bisa login,"Gak bisa login, setelah masukin kode OTP sama pass langsung time out",3.0.2,1,2021-09-05T07:18:52-07:00,Jenius,jenius,app_store,1079340119
7667692525,auamatlah,1,Kecewa,Kesal. Kenapa gabisa log in sih. Setiap log in malah otomatis keluar. Gatau masalahnya apa. Udh lapor ke cs katanya tunggu 2 hari udh bisa digunakan tapi sampai sekarang gabisa.,2.46.2,1,2021-08-07T21:08:59-07:00,Jenius,jenius,app_store,1079340119
7646144818,putripl0519,5,SUKAK ✨,Ngebantu banget jenius di saat” seperti ini suka lah pokokny 😭💜,2.46.2,1,2021-08-02T04:27:11-07:00,Jenius,jenius,app_store,1079340119
7576092420,Isrokhatun,5,Sangat recomended,Sangat memudahkan dalam bertransaksi. Keren sekali,2.46.1,1,2021-07-14T09:08:04-07:00,Jenius,jenius,app_store,1079340119
7571270887,lorisna lifesun,5,Review,Aplikasi ini sangat bagus dan cocok buat saya karna saya bisa dengan mudah menabung di sini dan bisa berdeposito sehingga uang saya bisa bertambah. Aplikasi ini juga bisa mentransfer uang ke berbagai bank dan tidak dikenakan biaya apapun.,2.46.1,1,2021-07-13T03:41:20-07:00,Jenius,jenius,app_store,1079340119
7559575920,ichaalisa,5,Good Job Jenius!,"Aplikasinya memiliki fitur dan pengoperasian yang mudah dipahami, dilengkapi dengan berbagai macam tawaran yang menarik untuk kalangan muda. Mau bayar-bayar mudah dengan satu aplikasi jenius tanpa perlu menggunakan transaksi kartu. Good job jenius!",2.46.1,1,2021-07-09T23:10:00-07:00,Jenius,jenius,app_store,1079340119
7557551972,elmamlfn,5,Bagus bgt,Apps nya membantu bgt buat aku yang suka nabung❤️,2.46.1,1,2021-07-09T09:22:44-07:00,Jenius,jenius,app_store,1079340119
7553780083,ramadhanest,5,Nice App❤️,"Aplikasi perbankan yang sangat membantu dalam setiap transaksi beda bank, tampilan yang fresh dan mudah dipahami",2.46.0,1,2021-07-08T09:12:16-07:00,Jenius,jenius,app_store,1079340119
7553177471,Dang Saga,5,Sangat membantu!,"Tidak heran banyak teman sarani buat download ini apps, ternyata sangat membantu jaman sekarang untuk transaksi yang makin canggih, senengnya lagi bisa buat nabung juga. Bikin manage pengeluaran dengan baik nich. Cinta~ ❤️",2.46.0,1,2021-07-08T06:07:01-07:00,Jenius,jenius,app_store,1079340119
7548868855,angelacaroline3,5,Aplikasi perbankan yang bagus,"Sangat memudahkan saya dalam bertransaksi dengan kolega, teman, dan keluarga. Saya tidak menyesal mendownload aplikasi ini karena tidak merepotkan, struktur yang rapih dan terstruktur, tidak lemot, dan memudahkan pelanggannya.",2.46.0,1,2021-07-07T03:18:13-07:00,Jenius,jenius,app_store,1079340119
7547393534,zefanya wagiu,5,Aplikasi yang sangat Membantu ❤️,Aplikasi ini sangat membantu bagi yang ingin menabung dan membayar menggunakan Smartphone. Fiturnya kekinian dan mudah digunakan bagi kalangan muda dan tua 😊,2.46.0,1,2021-07-06T17:19:29-07:00,Jenius,jenius,app_store,1079340119
7545049330,Reinanda Putra,5,Mantab,Aplikasi memudahkan untuk transaksi dan menabung virtual. Terimakasih jenius!,2.46.0,1,2021-07-06T03:22:51-07:00,Jenius,jenius,app_store,1079340119
