review_id,user_name,rating,title,review_text,app_version,vote_sum,review_date,app_name,app_slug,platform,store_id
14457576327,Arnitia Rahmatika,5,aplikasi keuangan,"aplikasi keuangan yg rekomendasi banget dan banyak kelebihannya, terutama untuk deposito bunganya besar banget, rekomen banget untuk pakai aplikasi ini yaa",1.52.0,0,2026-08-21T23:08:25-07:00,Superbank,superbank,app_store,6444720285
14454090002,Fifih Febriyani,5,Aplikasi bagus,Bagus banget aplikasinya,1.52.0,0,2026-08-21T02:18:09-07:00,Superbank,superbank,app_store,6444720285
14453483579,jeremy arvin,5,Superbank makin nyaman di IOS,"Animasi dan responsifnya aplikasi Superbank di iOS itu dapet banget. Enak dilihat, nyaman dipake, dan fungsinya dapet semua.",1.52.0,0,2026-08-20T21:58:58-07:00,Superbank,superbank,app_store,6444720285
14453464520,Mona Lica,5,Bank Digital yang ramah iOS,"Buat yang nyari bank digital yang ramah iOS, Superbank ini rekomendasi sih. Ringan, aman, dan fitur kelola uangnya kepake banget.",1.52.0,0,2026-08-20T21:50:32-07:00,Superbank,superbank,app_store,6444720285
14453438401,csputri,5,Bayar Harian Makin Praktis,"Iseng pakenya buat bayar-bayar harian, eh malah betah karena aplikasinya responsif banget di iPhone dan gak ribet sama sekali.",1.52.0,0,2026-08-20T21:38:57-07:00,Superbank,superbank,app_store,6444720285
14453420584,kecewa dengan mu JKN,5,superbank terasa modern,"dari sekian banyak app perbankan di iOS, superbank paling terasa modern. simpel, cepat, dan kembangan bunganya kerasa nyata",1.52.0,0,2026-08-20T21:31:06-07:00,Superbank,superbank,app_store,6444720285
14453315141,MinamiHelmi,5,Bikin Nagih di iPhone,"coba karena penasaran sama performanya di iPhone, ternyata bikin nagih. Fiturnya komplet tanpa bikin bingung.",1.52.0,0,2026-08-20T20:45:39-07:00,Superbank,superbank,app_store,6444720285
14453014660,Agdkale,1,Hemm,"Pin udah bener tapi nggak bisa bisa masukk, waktu di proses lupa pin selalu gagal ,malah suruh nunggu terus dan bikin laporan ini ituuu",1.52.0,0,2026-08-20T18:48:37-07:00,Superbank,superbank,app_store,6444720285
14450410068,Destiafahra,5,Nabung santai di superbank,"Siapa yang ngerasa aplikasi bank makin lama makin penuh iklan? Nah Superbank di iPhone ini beda, bersih banget dan fokus ke fitur inti.",1.52.0,0,2026-08-20T04:15:09-07:00,Superbank,superbank,app_store,6444720285
14450402435,hicalciferr,5,Superbank Bikin Nabung Seru,"Integrasi Face ID di Superbank iOS ini sat-set banget. Buka aplikasi cepet, transaksi aman, terus bunga harinya dapet terus.",1.52.0,0,2026-08-20T04:12:34-07:00,Superbank,superbank,app_store,6444720285
14450401188,gTatadf_,5,"Superbank, Ringan di iPhone","taro sisa gaji kemaren, pas dibuka aplikasinya makin rapi aja. Cocok banget buat yang nyari bank digital praktis di iOS.",1.52.0,0,2026-08-20T04:12:08-07:00,Superbank,superbank,app_store,6444720285
14450285342,Windiriani,5,Aplikasi Superbank Super Mulus,"Pengalaman transaksi pake Superbank di iphone tuh rasanya plong aja gitu. Bebas kendala, cepat, dan fiturnya kepake semua harian.",1.52.0,0,2026-08-20T03:31:00-07:00,Superbank,superbank,app_store,6444720285
14449399802,yanti1013,5,keren,"superbank mempermudah transaks,aplikasinya mudah digunakan,tidak ada biaya admin",1.52.0,0,2026-08-19T21:20:33-07:00,Superbank,superbank,app_store,6444720285
14447259066,bakbwan,4,aplikasi perbaikan,tolong dong ko aplikasinya gabisa ke buka yaa tolong bgt masi ada saldonya mau qris juga gbisa buka aplikasinya,1.52.0,0,2026-08-19T08:30:54-07:00,Superbank,superbank,app_store,6444720285
14445822546,Tinapujastuti,5,Transaksi Lancar Tanpa Error,"Pengalaman pake Superbank di iOS jujur puas banget. Gak pernah error pas mau transaksi, terus pertumbuhannya berasa terus.",1.52.0,0,2026-08-19T00:28:57-07:00,Superbank,superbank,app_store,6444720285
14445610271,kyoora3,5,Pisahkan Dana Jadi Lebih Mudah,"Iseng pisahin dana operasional di Superbank. Ternyata pakenya segampang itu, fiturnya jelas dan gak bikin pusing orang awam.",1.52.0,0,2026-08-18T22:57:19-07:00,Superbank,superbank,app_store,6444720285
14445547576,Nortvs,5,Sisa Gaji Jadi Lebih Terarah,"Awalnya ngetes performa app-nya di IPhone, eh keterusan pake. Ringan, praktis dan bikin sisa gaji gak menguap gitu aja.",1.52.0,0,2026-08-18T22:29:34-07:00,Superbank,superbank,app_store,6444720285
14445533235,Bintangg2357,5,Aplikasi iOS Simpel dan Fokus,"Aplikasi perbankan iOS ter-simpel yang pernah tak coba. Bebas ribet, fitur fokus, dan pengembangannya keliatan banget tiap pagi.",1.52.0,0,2026-08-18T22:23:14-07:00,Superbank,superbank,app_store,6444720285
14445307240,xGilsxxx,1,TF,Melakukan TF namun dana tidak sampai ke rek tujuan. Sudah buat laporan dari tanggal 13 tapi sampai tanggal 19 belum ada hasil. Lambat penanganannya,1.52.0,0,2026-08-18T20:45:02-07:00,Superbank,superbank,app_store,6444720285
14444913842,Yunameliakah n,1,Apk legal serasa ilegal,Apk g ngotak. Tagihan belum jatuh tempo sudah spam setiap waktu. Padahal jatuh tempo masih seminggu lagi. Ga lagi lagi pake apk ini!!!,1.52.0,0,2026-08-18T18:12:54-07:00,Superbank,superbank,app_store,6444720285
14443943071,hudriya,1,Pembayaran di grab,"Kenapa pembayaran sy tdk terdeteksi di grab, pdhl saldo sy ada",1.52.0,0,2026-08-18T12:07:39-07:00,Superbank,superbank,app_store,6444720285
14442474980,Rivldooo,5,Good,Sangat bagus dn membantu,1.52.0,0,2026-08-18T04:43:58-07:00,Superbank,superbank,app_store,6444720285
14441923923,IndiraAdinda,5,So far aman,"Sejauh ini pake Superbank aman. Kalau ada gangguan mengabari di tampilan aplikasinya. Pertahankan yg udah baik, tingkatin terus keamanannya.",1.52.0,0,2026-08-18T01:15:54-07:00,Superbank,superbank,app_store,6444720285
14441749544,peterparker004,5,Sat set!,"Iseng coba Superbank di iOS, eh ternyata aplikasinya stabil banget. Transfer sat-set dan bunga harinya cair tanpa drama.",1.51.0,0,2026-08-18T00:01:45-07:00,Superbank,superbank,app_store,6444720285
14438378340,zyoot,5,aman betul,"fleksibel banget buat dompet mahasiswa, bebas simpan saldo berapa aja tanpa potongan admin",1.51.0,0,2026-08-17T04:17:10-07:00,Superbank,superbank,app_store,6444720285
14438376670,ainkvlhs,1,PAS PINJAMAN ATUR SENDIRI,"Ada sistem yg pinjol namanya PAS (pinjaman atur sendiri), busett bunganya gak ngotak gede banget, udah gitu yg diterima gak sesuai sama yg dipinjam, misal minjam 5jt yg diterima cuma 4.6jt, GILAAA sihhh!!",1.51.0,0,2026-08-17T04:16:35-07:00,Superbank,superbank,app_store,6444720285
14437577043,Suaminya Nurul,5,Nabung untung,"Awalnya iseng doang nyoba bank digital baru. Eh super bank di IOS ini performanya oke banget sih, aplikasi gak berat dan fiturnya berguna semua.",1.51.0,0,2026-08-16T22:50:50-07:00,Superbank,superbank,app_store,6444720285
14437566951,Arinthwa,5,Praktis dan Transparan di IOS,"Iseng buka rekening pas gabut, gak nyangka Superbank bakal se-enjoy ini dipakenya di iPhone. Semuanya serba praktis dan transparan",1.51.0,0,2026-08-16T22:46:18-07:00,Superbank,superbank,app_store,6444720285
14437558171,Mekarrosii,5,Superbank Ringan di iPhone,"Awalnya iseng install Superbank di iPhone gara-gara penasaran, eh malah ketagihan. Aplikasinya enteng banget, gak ribet, terus seru liat saldo nambah mulu tiap pagi.",1.51.0,0,2026-08-16T22:42:28-07:00,Superbank,superbank,app_store,6444720285
14433538054,Naerlinu,1,gangguan,heran gangguan terus sudah 2 hari apk tidak bisa di buka. bahaya kalo ada yg simpan uang di apk ini.,1.51.0,0,2026-08-15T22:30:09-07:00,Superbank,superbank,app_store,6444720285
14432959288,Tsabit Abdul,5,Bunga Kompetitif,Menawarkan bunga tabungan utama yang menarik serta fitur celengan/deposito dengan tingkat pengembalian tinggi.,1.51.0,0,2026-08-15T18:34:58-07:00,Superbank,superbank,app_store,6444720285
14430299508,Zawilatul,5,Mudah dan aman,"Pakai aplikasi ini mudah sangat membantu sekali, bisa dipakai dimana aja kapanpun. Ada bunga jugaa sangat worth it🥰🥰",1.51.0,0,2026-08-15T03:45:55-07:00,Superbank,superbank,app_store,6444720285
14430156114,Istrinya Dika,5,Simpan uang aman,"Fitur pengunci saldo disuperbank beneran pahlawan pas tanggal tua, duit simpanan jadi aman gak gampang kepakai buat jajan online.",1.51.0,0,2026-08-15T02:50:10-07:00,Superbank,superbank,app_store,6444720285
14430057337,Lisayani,5,Verifikasi Cepat dan Mudah,"Verifikasi pendaftaran di Superbank gak pake penolakan sama sekali, dokumen terdeteksi cepat dan langsung disetujui dalam hitungan menit.",1.51.0,0,2026-08-15T02:10:30-07:00,Superbank,superbank,app_store,6444720285
14430033856,nortvs_,5,Kelola Tabungan Jadi Lebih Simpel,"Pokoknya mantap banget lah Superbank, bikin pengalaman mengelola tabungan pribadi jadi jauh lebih simpel dan menguntungkan.",1.51.0,0,2026-08-15T02:01:02-07:00,Superbank,superbank,app_store,6444720285
14429184567,Sinayo2022,5,Kode QN7X56,"Gunakan kode referral QN7X56 supaya kalian dapat banyak cuan, jangan ragu buat download aplikasi superbank dan buka tabungan superbank. Karna kelebihan superbank adalah gratis 200x transfer ke semua bank dan juga topup ewallet…",1.51.0,0,2026-08-14T20:07:21-07:00,Superbank,superbank,app_store,6444720285
14425904833,Giok123,4,Superbank,"Aplikasi sdh bagus, namun menurut saya sakunya bagusan ga dikelompokin seperti saat ini. Lebih baik seperti sebelumnya",1.51.0,0,2026-08-14T01:38:26-07:00,Superbank,superbank,app_store,6444720285
14421379783,jonnn19,5,sprbnk,sangat memudahkan untuk bertransaksi,1.51.0,0,2026-08-12T22:16:16-07:00,Superbank,superbank,app_store,6444720285
14421336171,rima majidah,5,Uang Jajan Jadi Lebih Aman,"Takut uang jajan kepakai? Langsung masukin ke fitur simpanannya Superbank aja, dijamin aman dari godaan diskon online shop.",1.51.0,0,2026-08-12T21:57:20-07:00,Superbank,superbank,app_store,6444720285
14421233233,Irwin Nathanael,5,Good apps,many helpful features,1.51.0,0,2026-08-12T21:13:30-07:00,Superbank,superbank,app_store,6444720285
14418166466,zuper dede,1,bad update,"tolong kasih tau ke developer android, kenapa gabisa di instal di profil selain profil bawaan , developernya aneh , bank lain aman aman saja",1.51.0,0,2026-08-12T03:50:59-07:00,Superbank,superbank,app_store,6444720285
14414153466,m adas a,1,gajelas ga bisa daftar,gabisa daftar yg ada cuma text “maaf lagi ada gangguan” pdhl udh 2 hari nunggu masih aja ttp gitu,1.51.0,0,2026-08-11T04:12:56-07:00,Superbank,superbank,app_store,6444720285
14413450763,Ichasalam,5,Dana Darurat Tetap Fleksibel,"Superbank sangat ngebantu buat nyiapin dana tak terduga, uangnya tetep fleksibel bisa diambil kapan aja tanpa ada denda.",1.51.0,0,2026-08-10T23:50:28-07:00,Superbank,superbank,app_store,6444720285
14413050793,Markzubg,2,Sistem keamanan,Tolong segera di buat lebih user frendly karna kebanyakan membuka rekening ini untuk tabungan jadi harus instal dan uninstal sistem verifikasi yang terlalu ribet ini menjadi kendala di saat kita benar butuh,1.51.0,0,2026-08-10T20:54:58-07:00,Superbank,superbank,app_store,6444720285
14412929214,coach nuel,5,hehe,mantap,1.51.0,0,2026-08-10T20:04:37-07:00,Superbank,superbank,app_store,6444720285
14409249525,RiniFi,5,Ketagihan Nabung di Superbank,"Awalnya cuma iseng bikin akun Superbank karena sering nemu iklannya, eh malah sekarang ketagihan simpen uang dingin di sini gara-gara bunganya lumayan berasa.",1.51.0,0,2026-08-09T22:08:20-07:00,Superbank,superbank,app_store,6444720285
14408908951,Gatau”,1,Apk ga bener,Setiap pecahin celengan harus nya nambah dong? Ko ini malah berkurang? Kmna uang nya?,1.51.0,0,2026-08-09T19:42:53-07:00,Superbank,superbank,app_store,6444720285
14402028977,Thiaratia,5,Siapkan Masa Depan,Langkah paling logis buat masa depan: pisahin dana darurat di Superbank sekarang.,1.51.0,0,2026-08-08T01:29:54-07:00,Superbank,superbank,app_store,6444720285
14401819608,Rikaurza,5,dana darurat aman👍🏻,"Mumpung baru gajian, jangan lupa amankan dana darurat di superbank ya.",1.51.0,0,2026-08-07T23:58:24-07:00,Superbank,superbank,app_store,6444720285
14401802431,firaaaa19,5,"Dana Aman, Hidup Tenang","Dana darurat aman, hidup jadi lebih tenang. Superbank ngebantu banget soal ini.",1.51.0,0,2026-08-07T23:50:40-07:00,Superbank,superbank,app_store,6444720285
14401588336,ppradanadavidriza,5,Membantu kenyamanan kebutuhan,Makin berah aplikasi superbank,1.51.0,0,2026-08-07T22:14:03-07:00,Superbank,superbank,app_store,6444720285
14401105697,SisiWahida,2,Saya komplain namun penanganannya lambat,"Saya ada transaksi pembelian paket data di aplikasi bima+ 3 pembayaran dg qris superbank, uang saldo saya sudah terpotong namun transaksi saya di aplikasi bima+ tidak terproses. Saya sudah email ke CS Superbank tapi gak ada balasan sampai saat ini.",1.51.0,0,2026-08-07T18:51:31-07:00,Superbank,superbank,app_store,6444720285
14397258979,einetan,5,Cara Simpel Biar Tabungan Tetap Aman,Jujur aplikasi ini ngebantu banget biar gue gak asal geser tabungan. Pilihan logis lah.,1.51.0,0,2026-08-06T19:27:06-07:00,Superbank,superbank,app_store,6444720285
14397256410,ATL897,5,Kode :  DPM2GM,Pakai kode DPM2GM agar kamu dapat hadiah ❤️❤️❤️,1.51.0,1,2026-08-06T19:26:05-07:00,Superbank,superbank,app_store,6444720285
14397256271,upoyupo,5,solusi praktis untuk amankan masa depan,Nyari yang simpel dan aman buat masa depan? Ya amankan dana darurat kamu di Superbank.,1.51.0,0,2026-08-06T19:26:02-07:00,Superbank,superbank,app_store,6444720285
14393762809,rizka sollina,5,Solusi Agar Dana Darurat Tidak Kepakai,Lu pusing uang sering kepakai? Coba deh pisahin dana darurat di Superbank. Pilihan paling logis.,1.51.0,0,2026-08-05T22:55:52-07:00,Superbank,superbank,app_store,6444720285
14393753419,Cherly05,5,Fitur Tempat Simpanan yang Praktis Banget,Dulu males banget misahin tabungan. Tapi pas nemu fitur tempat simpanan di Superbank ternyata praktis banget,1.51.0,0,2026-08-05T22:51:39-07:00,Superbank,superbank,app_store,6444720285
14390959257,Afdalni,5,Kode : WIWQ3MYD,Pakai kode WIWQ3MYD agar kamu dapat bonus ❤️❤️❤️,1.51.0,0,2026-08-05T06:32:28-07:00,Superbank,superbank,app_store,6444720285
14390913059,Supeler,1,Aneh,Jangan naro duit disini ilang nanti,1.51.0,0,2026-08-05T06:19:13-07:00,Superbank,superbank,app_store,6444720285
14390425129,ZSA46C,5,2RK39K,"Ayo gunakan kode 2RK39K , dapetin saldo superbank berkali-kali... 😁..",1.51.0,0,2026-08-05T03:44:21-07:00,Superbank,superbank,app_store,6444720285
14390010631,iniasyaaaalagiiuuu,5,Solusi Dana Darurat,"Daripada dana darurat kepotong biaya admin aneh-aneh, mending taruh di pos khusus Superbank. Langkah logis buat masa depan.",1.51.0,0,2026-08-05T01:03:17-07:00,Superbank,superbank,app_store,6444720285
14389981806,syavelliex,5,Praktis Atur Finansial,Ternyata bikin pos dana darurat di Superbank gak nyampe 5 menit. Praktis banget buat yang mau mulai rapiin finansial masa depan.,1.51.0,0,2026-08-05T00:51:25-07:00,Superbank,superbank,app_store,6444720285
14389972041,karinaprl,5,Siap Hadapi Masa Depan,Ngerasa lebih siap hadapi masa depan setelah amankan dana darurat di Superbank. Aplikasinya simpel tapi fungsional banget.,1.51.0,0,2026-08-05T00:47:24-07:00,Superbank,superbank,app_store,6444720285
14386466079,Nining Widyaningsih,5,Navigasi Jelas & Mudah,"Gak pernah nyesel mindahin alokasi tabungan ke pos dana darurat Superbank. Navigasinya jelas, gak bikin bingung pas lagi butuh.",1.51.0,0,2026-08-04T04:30:26-07:00,Superbank,superbank,app_store,6444720285
14386206330,directedbyswift,5,Simple dan Andal,Jujurly aplikasi Superbank ini gak neko-neko. Buat simpan dana darurat di pos khusus rasanya pas banget buat persiapan masa depan.,1.51.0,0,2026-08-04T02:57:06-07:00,Superbank,superbank,app_store,6444720285
14386195455,iklima azzita,5,Dana Darurat Lebih Praktis,Pilihan paling logis saat ini ya amankan dana darurat di pos khusus Superbank. Mau dipake kapan aja pas kepepet rasanya gampang.,1.51.0,0,2026-08-04T02:53:02-07:00,Superbank,superbank,app_store,6444720285
14385693544,Ilvia Aritonang,5,Very easy,Sangat sangat gampang jadi bisa cepatt bertx🥰👍! Sangat suka.. mohon ditambah fitur2 lain yg gampang juga please 🙏,1.51.0,0,2026-08-03T23:29:13-07:00,Superbank,superbank,app_store,6444720285
14385671618,jenippp,5,Ringan dan Responsif,"Berhasil juga bikin pos khusus dana darurat di Superbank. Aplikasinya enteng banget, gak bikin HP kerasa panas atau lemot.",1.51.0,0,2026-08-03T23:19:52-07:00,Superbank,superbank,app_store,6444720285
14385490781,avdroll,5,Privasi data terjamin,Suka banget sama privasi data di Superbank. Jadi ngerasa tenang pas amankan dana darurat di pos khusus mereka buat masa depan.,1.51.0,0,2026-08-03T22:02:14-07:00,Superbank,superbank,app_store,6444720285
14385464710,kaia jemima,5,Tabungan jadi lebih rapih,Kadang suka khilaf kalau tabungan digabung. Makanya pilihan paling logis ya dipisah ke pos khusus Superbank sekarang.,1.51.0,0,2026-08-03T21:51:14-07:00,Superbank,superbank,app_store,6444720285
14385446874,cacaeza,5,Rekomendasi Dana Darurat,"Rekomendasi tempat amankan dana darurat demi masa depan: Pos khusus Superbank. Kinerja aplikasinya sat-set, gak pake lama.",1.51.0,0,2026-08-03T21:43:49-07:00,Superbank,superbank,app_store,6444720285
14381774603,Arayann23,5,Dana Darurat Jadi Lebih Aman,"Gak muluk-muluk, yang penting dana darurat aman buat masa depan. Superbank sejauh ini udah memenuhi kebutuhan itu",1.51.0,0,2026-08-03T00:57:52-07:00,Superbank,superbank,app_store,6444720285
14381450376,Ibrahim0713,5,"UI Bersih, Nyaman Dipakai","Suka banget sama ui superbank yang clean. Buat yang lagi bingung amankan dana darurat buat masa depan,aplikasi worth it dicoba.",1.50.0,0,2026-08-02T22:40:23-07:00,Superbank,superbank,app_store,6444720285
14381432125,lunaazla,5,Solusi Cerdas Dana Darurat,Langkah paling logis buat masa depan: Pisah dana darurat di pos khusus Superbank sekarang juga sebelum makin mepet.,1.50.0,0,2026-08-02T22:32:31-07:00,Superbank,superbank,app_store,6444720285
14381286135,ashleyvsc,5,Bikin Lebih Disiplin Menabung,Nyari aplikasi yang gak ribet buat masa depan tuh susah. Untungnya pos dana darurat di Superbank ini bikin saya jadi lebih disiplin.,1.50.0,0,2026-08-02T21:29:16-07:00,Superbank,superbank,app_store,6444720285
14378512106,Milani interisti,2,saran,"kenapa tidak bisa ganti2 akun superbank,mohon di tambahkan fitur nya",1.50.0,0,2026-08-02T05:39:31-07:00,Superbank,superbank,app_store,6444720285
14374260226,bianca ellica,5,Pos Khusus Sudah Cukup,"Gak perlu aplikasi yang aneh-aneh, pos khusus Superbank udah lebih dari cukup buat jaga dana darurat.",1.50.0,0,2026-08-01T04:18:20-07:00,Superbank,superbank,app_store,6444720285
14374243881,salsa nada,5,Simpel untuk masa depan,"Nyiapin masa depan jadi jauh lebih fokus gara-gara fitur pos khusus Superbank. Aplikasinya ringan, aman, dan simpel.",1.50.0,0,2026-08-01T04:12:26-07:00,Superbank,superbank,app_store,6444720285
14374233576,dinnoyy,5,Keuangan Lebih Tertata,Manajemen dana darurat di Superbank rapi banget. Cocok buat yang mau masa depannya lebih tertata,1.50.0,0,2026-08-01T04:08:43-07:00,Superbank,superbank,app_store,6444720285
14369807267,aeltaurusgurl,5,bagus,Mempermudah transaksi,1.50.0,0,2026-07-31T02:02:30-07:00,Superbank,superbank,app_store,6444720285
14369659299,nanno ha,5,Best,"Pengalaman saya pakai aplikasi ini, mudah untuk proses pendaftaran ke aplikasi superbank gampang cepat dan lancar banget, langsung bisa dipakai tanpa ribet!",1.50.0,0,2026-07-31T01:03:17-07:00,Superbank,superbank,app_store,6444720285
14361679926,tresna ayu utari,1,sistem jelek banget,"udah isi saldo, pas mau dipake malah gabisa, login ke apk juga gagal mulu, alhasil saldonya ngendap disuperbank, jelekkk huhh",1.50.0,0,2026-07-29T01:57:37-07:00,Superbank,superbank,app_store,6444720285
14361599251,Kepoajasih,1,Aneh,Telpon mulu ngga ada kerjaan kah? Mana ganti ganti nomer risih bangett,1.50.0,0,2026-07-29T01:24:31-07:00,Superbank,superbank,app_store,6444720285
14360918399,Yaalaula,1,Sampah,"Sampah spam gajelas setiap menit,",1.50.0,0,2026-07-28T20:37:26-07:00,Superbank,superbank,app_store,6444720285
14360351854,nenuyyy,5,performa apss good,Nyimpan dana darurat buat masa depan jadi teratur gara-gara pos khusus Superbank. Performanya selalu oke.,1.50.0,0,2026-07-28T17:04:03-07:00,Superbank,superbank,app_store,6444720285
14359330013,Ary-SK,1,Worst CS - Uang Hilang,Hati2 uang hilang. Ga jelas,1.50.0,0,2026-07-28T10:57:56-07:00,Superbank,superbank,app_store,6444720285
14359292932,haiasa.01,5,ThankYouSooMuch,"terimakasi banyak buat kalian semua yg ada di balik layar SuperBank sempga tuhan memberimu pintu Surga Amiiin 🙏🏻🫶🏻🥰
sangat membantu sekali,pemakaiannya juga gampang best deh buat SuperBank 💖",1.50.0,0,2026-07-28T10:46:05-07:00,Superbank,superbank,app_store,6444720285
14357378201,kiaajaa,5,Wajib Punya Buat Masa Depan Aman,"Buat yang pengen masa depannya aman tanpa pusing, pos khusus Superbank wajib dicoba. Alurnya simpel banget.",1.50.0,0,2026-07-28T00:20:25-07:00,Superbank,superbank,app_store,6444720285
14357372738,stubiesh,5,"Desain simple, Gampang Dipahamj",Desain aplikasi Superbank itu gampang dipahami. Bikin pos khusus dana darurat cuma butuh berapa kali klik doang.,1.50.0,0,2026-07-28T00:18:08-07:00,Superbank,superbank,app_store,6444720285
14357192040,swaswa6,5,Kelola Dana Darurat Jadi Gampang Banget,"Gak perlu repot nyatat manual, pos khusus di Superbank udah bantu banget buat kelola dana darurat masa depan.",1.50.0,0,2026-07-27T23:01:48-07:00,Superbank,superbank,app_store,6444720285
14357166496,dianseptiyati,5,Aplikasi Ringan & Gak Ribet,"Pindahin dana darurat ke Superbank emang gak salah. Aplikasinya enteng, jarang banget tiba-tiba keluar sendiri.",1.50.0,0,2026-07-27T22:50:50-07:00,Superbank,superbank,app_store,6444720285
14357012977,reefkesind,1,ribet,top up ovo otomatis ke ovo nabung tapi saldo tidak muncul di ovo grab,1.50.0,0,2026-07-27T21:45:20-07:00,Superbank,superbank,app_store,6444720285
14357009483,shjshwhdhdjejejejeh,1,tai,"aplikasi apa ini, sudah top-up di ovo tabungan tapi saldonya gak cukup buat transaksi, gimana ni uang sayaa?????",1.50.0,0,2026-07-27T21:43:51-07:00,Superbank,superbank,app_store,6444720285
14356957996,issabelle menayang,1,LOL,apk aneh sa daftar gabisa” pdhl daftar di grab bisa,1.50.0,0,2026-07-27T21:22:19-07:00,Superbank,superbank,app_store,6444720285
14356465080,Idayuniiiii,5,Jelek,"Bunga yang terlalu tinggi, pemberitahuan pembayaran yang terlalu meneror, seminggu sebelum jatuh tempo sudah diteror sana sini 
Next time ini gabakal jadi solusi sih,",1.50.0,0,2026-07-27T18:13:43-07:00,Superbank,superbank,app_store,6444720285
14356365572,Babi98273,1,gajelas,saldo suka delay,1.50.0,0,2026-07-27T17:36:29-07:00,Superbank,superbank,app_store,6444720285
14355900468,Yaitusaja,5,Banyak keuntungan,Transaksi mudah dan aman dan banyak keuntungan lainnya terutama bunga yg di dapatkan gede jadi cuan terus,1.50.0,0,2026-07-27T14:37:14-07:00,Superbank,superbank,app_store,6444720285
14352654570,Matheaw leon,5,superbank tuh cepat dan aman,"Awalnya coba-coba, tapi fitur pos khusus superbank ternyata sangat membantu buat persiapan masa drpan. Cepat dan aman.",1.50.0,0,2026-07-26T19:42:44-07:00,Superbank,superbank,app_store,6444720285
14352514037,ARDIAN FAHRU ROJAB,5,tampilannya simpel gk ribet,Bikin pos dana darurat di Superbank itu emang keputusan paling pas. Tampilannya simpel dan gak bikin pusing pas digunain.,1.50.0,0,2026-07-26T18:49:32-07:00,Superbank,superbank,app_store,6444720285
14345496881,Santoso56,1,Aplikasi tidak bisa dibuka,Kenapa ini aplikasi tidak bisa dibuka sudah 2 minggu dan sudah update,1.50.0,0,2026-07-25T00:36:20-07:00,Superbank,superbank,app_store,6444720285
14344806210,Mndmei,5,gk ribet dan bikin aman,Gak perlu aplikasi yang ribet buat masa depan. Pos khusus Superbank ini udah logis banget buat amankan dana darurat.,1.50.0,0,2026-07-24T19:46:18-07:00,Superbank,superbank,app_store,6444720285
14344729222,fioren00,5,minim bug dan sangat best,"Nyari aman aja buat masa depan, makanya dana darurat saya taruh di pos khusus Superbank. Aplikasinya terasa matang dan minim bug.",1.50.0,0,2026-07-24T19:16:39-07:00,Superbank,superbank,app_store,6444720285
14344715081,humairoh humairoh,5,aman dan terstruktur,"Buat yang mau masa depannya tenang, amankan dana darurat dari sekarang di pos khusus Superbank. Rasanya nyaman dan terstruktur",1.50.0,0,2026-07-24T19:11:18-07:00,Superbank,superbank,app_store,6444720285
14344669102,kang reviewers,5,sangat memuaskan,"Menata masa depan lewat hal kecil, contohnya amankan dana darurat di pos khusus Superbank. Sangat memuaskan buat jangka panjang.",1.50.0,0,2026-07-24T18:53:32-07:00,Superbank,superbank,app_store,6444720285
14341726706,sitiaisyahfarha,5,paling rapi dan saya cocok bgt,Sistem alokasi dana di Superbank menurut saya salah satu yang paling rapi. Cocok buat yang mau fokus amanin dana darurat.,1.50.0,0,2026-07-24T02:08:11-07:00,Superbank,superbank,app_store,6444720285
14341627468,Asmaranitijani,5,Tabungan bantu bgt masa depan,Lagi cari tempat tabungan masa depan? Coba cek superbank. Pos khususnya ngebantu banget buat ngamanin dana darurat.,1.50.0,0,2026-07-24T01:27:51-07:00,Superbank,superbank,app_store,6444720285
14341309226,alifiaa.nd,5,tanpa ribet bikin dana darurat aman,"Buat yang butuh tempat amanin dana darurat tanpa ribet, pos khusus Superbank ini patut dipertimbangkan buat masa depan..",1.50.0,0,2026-07-23T23:14:03-07:00,Superbank,superbank,app_store,6444720285
14336977793,adilacantik98,5,Pos khusus Superbank ngebantu saya disiplin nabung dana darurat,"Pos khusus Superbank ngebantu saya disiplin nabung dana darurat. Di iPhone jalannya lancar, gak pernah crash.",1.50.0,0,2026-07-22T21:16:59-07:00,Superbank,superbank,app_store,6444720285
14336959069,adila698,5,Gak nyesel instal Superbank. Fitur pos khususnya ngebantu banget buat amankan dana darurat demi masa,Gak nyesel instal Superbank. Fitur pos khususnya ngebantu banget buat amankan dana darurat demi masa depan.,1.50.0,0,2026-07-22T21:09:22-07:00,Superbank,superbank,app_store,6444720285
14336843919,Bro Andot,5,Simple dan Bagus,Kode Referral : ZVZEN9XX jangan lupa masukin kodenya saat daftar ya kamu bisa dapet banyak manfaat dari kode ini.,1.50.0,0,2026-07-22T20:24:23-07:00,Superbank,superbank,app_store,6444720285
14333827800,mahes ganteng,5,SUPER BANK INI BIKIN KETAGIHAN,Pilihan paling logis buat misahin dana darurat sekarang ya pakai pos khusus Superbank. Versinya stabil banget.,1.50.0,0,2026-07-22T03:29:26-07:00,Superbank,superbank,app_store,6444720285
14333748730,halo nes,5,baguss sekali,Pilihan paling logis buat misahin dana darurat sekarang ya pakai pos khusus Superbank. Versinya stabil bangetttttt,1.50.0,0,2026-07-22T02:58:56-07:00,Superbank,superbank,app_store,6444720285
14333620297,Rehannor,5,josjis,"Awalnya ragu, tapi setelah coba pakai Superbank sendiri, amankan dana darurat di pos khusus mereka emang langkah yang logis.",1.50.0,0,2026-07-22T02:07:42-07:00,Superbank,superbank,app_store,6444720285
14333348509,Restu sidri ali,5,Nabung,"Bikin ""tembok Berlin"" antara duit operasional dan dana darurat di Superbank. Aman dan menghasilkan bunga harian.",1.50.0,0,2026-07-22T00:14:33-07:00,Superbank,superbank,app_store,6444720285
14333105121,Mirza Rama,5,Superbank,"Gunakan kode WIWQ3MYD saat daftar, tautkan dengan Grab, diskon 99% cuma bayar 1k aja, dapat bonus dan cashback juga. Bunga tabungan tinggi.",1.50.0,1,2026-07-21T22:29:25-07:00,Superbank,superbank,app_store,6444720285
14332812724,rbnnnnnn1,1,mainctane,updatenya lama banget,1.50.0,0,2026-07-21T20:25:56-07:00,Superbank,superbank,app_store,6444720285
14332509073,hajagwkalagwc,1,Jelek,"Tbtb ke blokir sndiri gbsa d buka mna ada saldo saya ke than ,  hubungi cs gajlas malah suruh kirm bukti riwayat transfer sdangkn rekening nya aja gbsa d buka gmna mau kirm bukti riwayat,,!!! sakit emng admin nya !",1.50.0,0,2026-07-21T18:30:50-07:00,Superbank,superbank,app_store,6444720285
14331217811,"Signnnnnn1727,",5,Eror,Tolong dong di perbaiki lama bangt mantenens,1.50.0,0,2026-07-21T10:41:59-07:00,Superbank,superbank,app_store,6444720285
14330952505,ndok ayam,1,eror,"sumpah tiba tiba gabisa dipakai dari pagi sampe malem pdhl uangnya mau dipakaiii, PERBAIKAN KOK LAMA BANGETTTTTTTTTTTTTT NYUSAHIN",1.50.0,0,2026-07-21T09:21:35-07:00,Superbank,superbank,app_store,6444720285
14330120922,Saraafadilla,5,Bagus,"Superbank ngebantu batesin ego belanja. Dana darurat aman di post tersendiri., terpisah dan tetap cuan.",1.50.0,0,2026-07-21T05:22:09-07:00,Superbank,superbank,app_store,6444720285
14330066840,cipaa03,5,baguss,Superbank bikin dana darurat aman dari serangan tanggal tua. Terpisah rapi dan bunganya cair tiap hari.,1.50.0,0,2026-07-21T05:05:00-07:00,Superbank,superbank,app_store,6444720285
14329966625,syalsa tata,5,superbank,"Bye drama """"tabungan kepakai buat jajan"""". Superbank sukses misahin dana darurat biar tetap utuh dan berbunga.",1.50.0,0,2026-07-21T04:31:48-07:00,Superbank,superbank,app_store,6444720285
14329067919,Reyxxdey15,5,Bagus,MASUKAN KODE REFFERAK KU YA MASIH FRESH > LCFXWVI7,1.50.0,0,2026-07-20T22:27:17-07:00,Superbank,superbank,app_store,6444720285
14325811522,Surya.psp,1,Bunga gede,Pembayaran 6.7jtan tp dana kembali 4.6jtan hampir 2jt dipotong waktu pencairan pun dikenakan potongan lg bener2 mencekik,1.50.0,0,2026-07-20T03:35:00-07:00,Superbank,superbank,app_store,6444720285
14325371116,Hazelnutoreo,5,Bagus,"Dana darurat aman, masa depan tenang. Aplikasi Superbank bener-bener ngebantu alokasi tabungan jadi lebih gampang",1.49.0,0,2026-07-20T00:32:13-07:00,Superbank,superbank,app_store,6444720285
14325363696,safiraptri,5,mantap,"Dana darurat di pos khusus superbank terbukti aman, bikin keuangan masa depan lebih teratur dan ga berantakan",1.49.0,0,2026-07-20T00:29:02-07:00,Superbank,superbank,app_store,6444720285
14325336491,adityaera,5,bagus,"Yang lagi nyiapin masa depan, coba deh amankan dana darurat di pos khusus Superbank. Di iOS aplikasinya smooth banget",1.49.0,0,2026-07-20T00:17:13-07:00,Superbank,superbank,app_store,6444720285
14324895442,novianasetia,5,mantap,"Awalnya ragu, tapi setelah coba pakai Superbank sendiri, amankan dana darurat di pos khusus mereka emang langkah yang logis",1.49.0,0,2026-07-19T21:01:50-07:00,Superbank,superbank,app_store,6444720285
14322073375,Izzam12345,1,Susah buat masuk ke menu,sayang banget buat masuk ke menu aja susahnya mintak ampun pdhl udh dapet limitnya loh,1.49.0,0,2026-07-19T04:53:49-07:00,Superbank,superbank,app_store,6444720285
14319104339,Berylian isamu,5,Pakai refferal 1WWLER untuk dapet bonus,"So far oke, pakai fitur deposit dan lumayan menguntungkan",1.49.0,0,2026-07-18T10:12:49-07:00,Superbank,superbank,app_store,6444720285
14316971299,Rosyid ibnu muhammad,5,Sukses terus buat Superbank,Sungguh sangat membatu,1.49.0,0,2026-07-17T21:53:49-07:00,Superbank,superbank,app_store,6444720285
14313103189,Wellysc,1,Penipu !!!,"Please siapapun jangan download apk ini, saya baru dftar bulan kemarin trus saya check BI tibatba ada dong pinjaman PT SUPER BANK INDONESIA, senilai 4 jtaan, padahal gw ga pinjem duit di di apk ini tbatba di BI check ada muncul dan gw bingung nyelesainnya gimana di di apk ini ga ada tagihan sama sekali, otomatis data gw rusak gragra download apk sampah ini, yg udah terlanjur download coba di check Bi nya yah..",1.49.0,0,2026-07-16T23:20:55-07:00,Superbank,superbank,app_store,6444720285
14312722648,Lintang Nurlita,5,Lice,"Banyak promoo bangett pake superbank, rekomen deh xixixi",1.49.0,0,2026-07-16T20:43:23-07:00,Superbank,superbank,app_store,6444720285
14309702237,risaaaa28,5,superbank,superbank mudah buat transaksi  dan enaknya lagi bisa bebas menyimpan saldo berapa aja rekomen bgt sih ini,1.49.0,0,2026-07-16T03:46:37-07:00,Superbank,superbank,app_store,6444720285
14308559732,Nananafff_,5,Bagus,Keseluruhan apk nya membantu aku transaksi banget,1.49.0,0,2026-07-15T19:54:01-07:00,Superbank,superbank,app_store,6444720285
14308138813,Renjiyutabane,1,Tagihan,"Padahal jatoh tempo masih 1 minggu lagi tapi spam telp kyak orang gila kalau memang telat wajar di telp ini belum jatoh tempo sudah di telp seperti orang gila, saran yang mau pinjol di apk ini jangan nanti di spam telp",1.49.0,0,2026-07-15T17:13:31-07:00,Superbank,superbank,app_store,6444720285
14306554735,naapr,5,proses sign in lancar,"proses pendaftaran di aplikasi superbank gampang cepat dan lancar, tidak ada gangguan sedikitpun. topp dehhh",1.49.0,0,2026-07-15T08:17:11-07:00,Superbank,superbank,app_store,6444720285
14306012668,amirah lunia,5,ulasannya,"Suka banget sama konsep Superbank karena bebas simpan saldo berapa aja sesuai kebutuhan. Aplikasinya mudah digunakan, tampilannya juga rapi dan semua menu tersusun dengan jelas sehingga nyaman dipakai setiap hari",1.49.0,0,2026-07-15T05:44:07-07:00,Superbank,superbank,app_store,6444720285
14304550705,Narullitaep,5,Banyak promo,"Sukak banget pakek superbank karna banyak promo dan cashback di khususnya saat digunakan sebagai metode pembayaran di layanan Grab (seperti GrabFood, GrabCar, dan GrabBike)",1.49.0,0,2026-07-14T20:09:07-07:00,Superbank,superbank,app_store,6444720285
14303254000,penggunasetia_bcas,1,Penutupan akun,Mau tutup akun aja respon lama,1.49.0,0,2026-07-14T12:06:29-07:00,Superbank,superbank,app_store,6444720285
14298269076,adirubian,5,Deposit mantab,200x transfer sampe bingung ngabisinya,1.49.0,0,2026-07-13T07:20:15-07:00,Superbank,superbank,app_store,6444720285
14297741530,Talithasafa,5,Proses Sign In Cepat dan Mudah,"Proses sign in ke aplikasi Superbank berjalan dengan lancar dan cepat. Tampilan aplikasi juga mudah dipahami sehingga proses masuk ke akun menjadi praktis tanpa kendala. Secara keseluruhan, pengalaman menggunakan aplikasi ini sangat baik dan nyaman.",1.49.0,0,2026-07-13T04:40:32-07:00,Superbank,superbank,app_store,6444720285
14297260450,Sevinara,5,👍,"Jujur, fitur pos khusus di Superbank ini kepake banget buat ngamanin dana darurat. Integrasi Face ID-nya juga responsif banget.",1.49.0,0,2026-07-13T01:37:49-07:00,Superbank,superbank,app_store,6444720285
14297247858,viendenaa00,5,Privasi Data,Suka banget sama privasi data di Superbank. Jadi ngerasa tenang pas amankan dana darurat di pos khusus mereka buat masa depan.,1.49.0,0,2026-07-13T01:32:32-07:00,Superbank,superbank,app_store,6444720285
14297224409,Alfast03,5,Superbank,"Dompet digital serasa brankas premium. Dana darurat aman terpisah, siap pakai saat badai datang.",1.49.0,0,2026-07-13T01:22:52-07:00,Superbank,superbank,app_store,6444720285
14297215893,mardinaretiana,5,bagus aplikasinya,"Gak muluk-muluk, yang penting dana darurat aman buat masa depan. Superbank sejauh ini udah memenuhi kebutuhan itu.",1.49.0,0,2026-07-13T01:19:20-07:00,Superbank,superbank,app_store,6444720285
14297133933,dwi sukmaningtyas,5,toppp bgt,"Nyari aplikasi yang garibettt buatt masa depan tuhh susah, Untungnya dana darurat di superbank ini bikin saya jadi lebih disiplin❤️",1.49.0,0,2026-07-13T00:44:53-07:00,Superbank,superbank,app_store,6444720285
14294213200,Yuvianyudef,5,Pengalaman,"Baru sebulan mindahin dana darurat ke Superbank. Sejauh ini aplikasinya stabil di iPhone, gak pernah nemu bug aneh pas transfer.",1.49.0,0,2026-07-12T06:54:52-07:00,Superbank,superbank,app_store,6444720285
14285197978,godhef,5,Superbank,Aplikasi bank digital terbaik,1.49.0,0,2026-07-10T01:05:24-07:00,Superbank,superbank,app_store,6444720285
14284893954,anindiaaav,5,sangaatt bermanfaat,"Biarkan duit operasional yang capek kerja, dana darurat di Superbank tinggal duduk manis nikmatin bunga.",1.49.0,0,2026-07-09T22:54:35-07:00,Superbank,superbank,app_store,6444720285
14282546092,Nonamessys13,5,Membantu,"Awalnya ragu, tpi ternyata oke buat nabung dan dana darurat !! Semoga aman terus dan kasi bunga yg masuk akal",1.49.0,0,2026-07-09T08:48:55-07:00,Superbank,superbank,app_store,6444720285
14281088717,Abqiyy,5,Bagus,"Gak ada lagi cerita dana darurat “pindah jalur” jadi baju baru. 
Di Superbank, posnya sakral gak tersentuh",1.49.0,0,2026-07-09T00:46:02-07:00,Superbank,superbank,app_store,6444720285
14281042091,Ntooon,5,Superbank,"Pisah post keuangan di Superbank itu kepuasan sendiri. Dana darurat aman, bunga mengalir real time",1.49.0,0,2026-07-09T00:26:08-07:00,Superbank,superbank,app_store,6444720285
14280974143,chika rasya,5,superbank,mudah banget untuk proses pendaftaran nya ke aplikasi,1.49.0,0,2026-07-08T23:57:19-07:00,Superbank,superbank,app_store,6444720285
14280871878,Enggehdek,5,Top,"Gak ada lagi cerita dana darurat ""pindah jalur"" jadi baju baru. Di Superbank, posnya sakral gak tersentuh.",1.49.0,0,2026-07-08T23:13:13-07:00,Superbank,superbank,app_store,6444720285
14279051174,Dwi Rahma Safitri,1,jgn di dwnld,"pinjaman ga di acc,ga ada fitur hapus data,G BGT",1.49.0,0,2026-07-08T11:37:28-07:00,Superbank,superbank,app_store,6444720285
14278857888,incsx,1,gk ngotak,nyoba pinjem 2.5 bunga sampai 1.8 gk ngotak emang scamer gk pernah telat byar telat sekali doang itupun cuma sehari,1.49.0,0,2026-07-08T10:34:34-07:00,Superbank,superbank,app_store,6444720285
14278140632,amukanjay111,5,Terbaik,"Praktis, aman, dan cuan. Tiga kata buat fitur dana darurat di Superbank yang terpisah dari saldo harian.",1.49.0,0,2026-07-08T07:02:16-07:00,Superbank,superbank,app_store,6444720285
14277412844,Lindapuss11,5,Aplikasi,Aplikasi yang sangat membantu. Pendaftarannya juga cepat dan mudah tentunya bebas mau simpan saldo berapa saja,1.49.0,0,2026-07-08T03:04:12-07:00,Superbank,superbank,app_store,6444720285
14277394112,imeldasssttt,5,Solusi yang pas 🙌🏻,Solusi buat yang hobi co tapi pengen punya tabungan. Dana darurat aman terisolasi di pos khusus Superbank.,1.49.0,0,2026-07-08T02:56:50-07:00,Superbank,superbank,app_store,6444720285
14277388095,ikaaaaa123,5,baguss aplikasinya,Cara pinter amankan dana darurat dari diri sendiri yang impulsif: Masukin pos khusus Superbank,1.49.0,0,2026-07-08T02:54:25-07:00,Superbank,superbank,app_store,6444720285
14277387243,imyourgf,5,-,"Superbank ngebantu batesin ego belanja. Dana darurat aman di pos tersendiri, terpisah dan tetap cuan.",1.49.0,0,2026-07-08T02:54:04-07:00,Superbank,superbank,app_store,6444720285
14277386352,Si31ka,5,Superbank the best,"Sukses mengurung dana darurat di Superbank biar gak jalan-jalan ke keranjang belanjaan. Plus, dapet bunga harian",1.49.0,0,2026-07-08T02:53:43-07:00,Superbank,superbank,app_store,6444720285
14277291180,roselialiaa90,5,-,Superbank itu jembatan terbaik buat misahin duit harian yang berisik dan dana darurat yang tenang berbunga,1.49.0,0,2026-07-08T02:14:28-07:00,Superbank,superbank,app_store,6444720285
14277246507,Bitaaa579,4,Bagus,"Penyelamat dari tangan sendiri yang suka khilaf. Dana darurat aman di Superbank, gak bakal ketukar duit kopi!",1.49.0,0,2026-07-08T01:55:39-07:00,Superbank,superbank,app_store,6444720285
14277221756,nuristii,5,nurulisti,"Berkat Superbank, dana darurat gak lagi menyamar jadi duit operasional. Aman terkendali di kandangnya sendiri",1.49.0,0,2026-07-08T01:45:08-07:00,Superbank,superbank,app_store,6444720285
14277214287,bellasonia,5,App nabung terpraktiss,"Bye drama ""tabungan kepakai buat jajan"". Superbank sukses misahin dana darurat biar tetap utuh dan berbunga.",1.49.0,0,2026-07-08T01:41:55-07:00,Superbank,superbank,app_store,6444720285
14277003465,Joeee Taslim,5,Superbank,Suka banget! Superbank bikin dana darurat gak statis tapi dinamis menghasilkan bunga tiap hari.,1.49.0,0,2026-07-08T00:09:30-07:00,Superbank,superbank,app_store,6444720285
14276974312,Fafa1890,5,Superbank,"Duit harian buat senang senang, dana darurat di superbank biar tenang. Bunganya nambah terus",1.49.0,0,2026-07-07T23:56:51-07:00,Superbank,superbank,app_store,6444720285
14276800349,Danti apriliani wijaya,5,Rekomend banget,"Pisah pos keuangan di superbank itu kepuasan tersendiri. Dana darurat aman, bunga mengalir real-time",1.49.0,0,2026-07-07T22:40:15-07:00,Superbank,superbank,app_store,6444720285
14274977655,Vcyiaaa,5,Nabung untung,"Jadikan Superbank markas besar dana daruratmu. Aman dari radar operasional harian, subur berkat bunga.",1.49.0,0,2026-07-07T11:09:46-07:00,Superbank,superbank,app_store,6444720285
14273880395,keisaprra,5,Good rekomended,nyaman bgt si bikin ngatur keuangan jadi anti-ribet sekaligus makin cuan karena bunganya cair tiap hari.,1.49.0,0,2026-07-07T05:48:22-07:00,Superbank,superbank,app_store,6444720285
14272134486,Iiillfije,1,Mending jangan deh,Download ini setelahnya sering banget ditelpon spam pdhl udh lngsung hapus akun,1.49.0,0,2026-07-06T18:16:17-07:00,Superbank,superbank,app_store,6444720285
14270046756,Jackasssssssssssssss,3,Total Bunga Lebih dari 50% 🔥,Bunganya bikin WOW,1.49.0,0,2026-07-06T06:47:13-07:00,Superbank,superbank,app_store,6444720285
14266964540,izabelle1156,1,Can’t log in,"Udh daftar bbrp kali stuck di face verification, the app sucks lama bgt loading nya",1.48.0,0,2026-07-05T11:14:25-07:00,Superbank,superbank,app_store,6444720285
14262919941,Putriiiiiiiiiiiiiiiiippppp,5,Rekomen,Rekomen,1.48.0,0,2026-07-04T10:34:13-07:00,Superbank,superbank,app_store,6444720285
14262010410,jejeliciouss,1,jelek,aplikasi jelek,1.48.0,0,2026-07-04T06:08:38-07:00,Superbank,superbank,app_store,6444720285
14261981950,dethania muckti,5,good aplikasi,Membuka Superbank itu kayak nemu jalan ninja buat ngamanin dana darurat biar tetep produktif.,1.48.0,0,2026-07-04T06:00:07-07:00,Superbank,superbank,app_store,6444720285
14261785862,Eja nala,5,Keluh Kesah,"Jujur bang nya bagus , tapi agak risih sering di surh masuk ulang trus , jdi capek rasanya , seminggu bisa 2 3 x di surh masuk ulang , tolong di perbaiki , saya tau demi keamanan tapi agak gak enak aja kalau kita butuhnya cepat",1.48.0,0,2026-07-04T04:57:55-07:00,Superbank,superbank,app_store,6444720285
14261270305,Awalul Fathonah,5,Superbank,"Uang operasional boleh habis, tapi dana darurat di Superbank tetap kokoh dan produktif beranak pinak",1.48.0,0,2026-07-04T01:45:22-07:00,Superbank,superbank,app_store,6444720285
14260706515,diyike,5,Superbank,"Di Superbank, dana darurat dikarantina biar gak kecampur duit operasional. Aman dari godaan, produktif nyari bunga.",1.48.0,0,2026-07-03T21:56:43-07:00,Superbank,superbank,app_store,6444720285
14260028358,diantarkemana,1,Akun di blokir dan tidak ada penyelesaian,"Akun di blokir udah berapa hari tapi sampai hari ini belum ada penyelesaian juga, disuruh nunggu verifikasi mulu, ga ada penyelesaian sama sekaliiii. Bener-bener ga ada tanggung jawab nya, kita udah usaha spam spam telpon dan emaill tapi respon nya ga jelasss!!!",1.48.0,0,2026-07-03T17:38:13-07:00,Superbank,superbank,app_store,6444720285
14259335426,Siti Hidayatul rohmah,5,Mantep,Obat manjur buat dompet yang suka bocor halus: Pisahin dana darurat di kantong Superbank!,1.48.0,0,2026-07-03T13:14:34-07:00,Superbank,superbank,app_store,6444720285
14258788427,Cutipieyy,5,Aman,Superbank mengamankan dana darurat di tempat tersembunyi yang tetap produktif menghasilkan bunga,1.48.0,0,2026-07-03T10:18:08-07:00,Superbank,superbank,app_store,6444720285
14258742716,Ulfa ramadhani,5,Penolong aku!,"Bikin ""tembok Berlin"" antara duit operasional dan dana darurat di Superbank. Aman dan menghasilkan bunga harian.",1.48.0,0,2026-07-03T10:04:37-07:00,Superbank,superbank,app_store,6444720285
14258202710,elisaflorida17,5,Good apk,"Berhasil tobat boros berkat fitur pos tabungan Superbank. Dana darurat aman, gak kegerus biaya harian.",1.48.0,0,2026-07-03T07:35:36-07:00,Superbank,superbank,app_store,6444720285
14256299374,syawalludinzzz,1,kenapa saya sudah daftar kok disuruh daftar lagiii,kenapa sayaaa sudh daftar malah disuruh daftar lagiii,1.48.0,0,2026-07-02T20:17:48-07:00,Superbank,superbank,app_store,6444720285
14252915842,qebrbv,1,potongan lu gede,najis minjem sejuta potongm admin 30 rb dongo anj tolol,1.48.0,0,2026-07-02T02:00:46-07:00,Superbank,superbank,app_store,6444720285
14252739967,Inwijsss,1,Belum jatuh tempo selalu di spam telp tiap hari tiap menit,"Setiap hari di spam telp, seminggu blm jatuh tenpo spam teros mengganggu",1.48.0,0,2026-07-02T00:49:28-07:00,Superbank,superbank,app_store,6444720285
14252340256,Frans X,1,Ada keanehan,Lagi buru2 mau transfer cepet malah tiba2 disuru selfie dulu. Aneh banget ini,1.48.0,0,2026-07-01T22:07:02-07:00,Superbank,superbank,app_store,6444720285
14244975075,adelia putri rahmadani,5,SUPERBANK INI SANGAT BERGUNA,"Tadinya malas pakai bank digital baru, tapi pas dengar spek bunga Superbank langsung goyah. Pas banget ternyata untuk wadah dana darurat yang sewaktu-waktu bisa ditarik.",1.48.0,0,2026-06-30T05:48:59-07:00,Superbank,superbank,app_store,6444720285
14244899702,RafioHa,5,bunganya mantap,"Siapa yang dompetnya gampang jebol karena khilaf belanja online? Sudah, mending amankan dana daruratmu di Superbank. Bunganya mantap, uangnya juga aman tidak gampang terpakai untuk jajan.",1.48.0,0,2026-06-30T05:27:59-07:00,Superbank,superbank,app_store,6444720285
14244648751,Zhendral,5,SUPERBANK INI BIKIN KETAGIHAN,"Iseng memindahkan sisa uang belanja ke sini, ternyata fitur Celengan Superbank ini bikin ketagihan. Cocok untuk yang ingin punya dana darurat tanpa terasa kepotong besar.",1.48.0,0,2026-06-30T04:10:01-07:00,Superbank,superbank,app_store,6444720285
14244645642,Permata/anthn,5,Bunga juara,"Solusi buat yang pengen dana daruratnya tetep menghasilkan. Superbank bunganya juara, aplikasinya anti ribet.",1.48.0,0,2026-06-30T04:09:01-07:00,Superbank,superbank,app_store,6444720285
14244641480,skhovivah,5,Good App,Fix bakal langganan nabung di Superbank. Fitur dan bunganya beneran ramah buat kantong yang lagi bangun dana darurat dari nol.,1.48.0,0,2026-06-30T04:07:38-07:00,Superbank,superbank,app_store,6444720285
14242176590,BasriDarwis,1,Mau pinjam tapi bungaya mahal,"Jangan terlalu mahal dong,",1.48.0,0,2026-06-29T12:29:30-07:00,Superbank,superbank,app_store,6444720285
14240417348,arnyiu,5,bintang 5,Aplikasi wajib punya buat yang mau pisahin uang jajan sama uang darurat. Superbank top banget bunganya!,1.48.0,0,2026-06-29T04:07:08-07:00,Superbank,superbank,app_store,6444720285
14239950407,Cdgvath,2,Cara berhenti,Cara berhenti agar tidak di telepon in sama pihak superbank gimana ya? Risih banget tiap menit detik di telepon in padahal ga ada pinjaman,1.48.0,0,2026-06-29T01:09:31-07:00,Superbank,superbank,app_store,6444720285
14236039065,frd1122,5,Review Superbank,"Paling suka dengan tampilannya yang bersih dan ramah pengguna. Membuat akun di Superbank untuk menyisihkan dana darurat jadi cepat, tanpa pakai ribet sama sekali.",1.48.0,0,2026-06-28T01:35:32-07:00,Superbank,superbank,app_store,6444720285
14235825115,hancough,5,Mantap,Rekomendasi banget buat yang mau memisahkan duit operasional harian dengan pos darurat. Fitur di Superbank bikin dana darurat aman terkendali dan tetap produktif menghasilkan bunga.,1.48.0,0,2026-06-28T00:11:04-07:00,Superbank,superbank,app_store,6444720285
14235589887,shobahulkaromah,5,riview,"Buat pemula yang bingung masalah digital banking, Superbank ini paling ramah. Spek bunganya jelas dan cocok buat tabungan darurat pemula.",1.48.0,0,2026-06-27T22:35:24-07:00,Superbank,superbank,app_store,6444720285
14232182054,jandakur,4,Pake xl ganguan terus ntah kenapa,"Saya pake jaringan xl ntah kenapa terjadi gangguan terus dr seminggu lalu, error message gagal di load",1.48.0,0,2026-06-27T03:02:03-07:00,Superbank,superbank,app_store,6444720285
14231881102,Theonesky,1,Tukang SPAM,Jatuh tempo masih lama tapi nomor kita langsung di spam telpon gila ya dipikir kita orang bodoh apa? Yg mau download mending gk usah! Klo gk mau di spam!!!,1.48.0,0,2026-06-27T01:08:23-07:00,Superbank,superbank,app_store,6444720285
14230081271,Azka azkia arya,5,Superbank,"Suka dengan aplikasi ini sangat berguna,gak ribet,pokoknya 
Sangat sangat recommended",1.48.0,0,2026-06-26T13:39:54-07:00,Superbank,superbank,app_store,6444720285
14229555683,rashidajar,5,dana bermasa,"Superbank ini praktis pol. Daftarnya cepet, gak ribet, pas banget buat kaum sat-set yang mau nyimpen dana darurat tanpa pusing.",1.48.0,0,2026-06-26T10:43:51-07:00,Superbank,superbank,app_store,6444720285
14229489227,Deken14,5,dana bermasa,"Gak muluk-muluk, nyari bank yang bunganya oke dan aman ya Superbank. Dana darurat tak taruh sini semua sekarang.",1.48.0,0,2026-06-26T10:23:02-07:00,Superbank,superbank,app_store,6444720285
14229306365,Christina siwi,5,Nyimpen dana darurat di Superbank itu win-win solution.,"Nyimpen dana darurat di Superbank itu win-win solution. Uang tetep likuid alias gampang diambil, tapi bunganya tetep kompetitif banget.",1.48.0,0,2026-06-26T09:28:42-07:00,Superbank,superbank,app_store,6444720285
14229301534,nandokoccc,5,mantap,"Buat yang susah nabung, coba deh pake Superbank. Fitur celengannya ngebantu banget misahin duit jajan sama duit darurat biar gak kecampur",1.48.0,0,2026-06-26T09:27:18-07:00,Superbank,superbank,app_store,6444720285
14228999003,nerdxy,5,ramah kantong,"Lagi nyari bank digital yang bunganya gak pelit buat dana darurat, ketemulah Superbank. Spek bunganya beneran ramah kantong pencari cuan",1.48.0,0,2026-06-26T08:03:01-07:00,Superbank,superbank,app_store,6444720285
14228957229,Gheysar Dzaky,5,SUPERBANK,"Tadinya duit darurat selalu kepake buat beli kopi, pas dipindah ke Celengan Superbank, untungnya jadi rada 'mager' buat ditarik. Sangat membantu!",1.48.0,0,2026-06-26T07:51:44-07:00,Superbank,superbank,app_store,6444720285
14228910710,nugrohomugi,5,Nyaman,Akhirnya punya tempat aman buat nyembunyiin uang dari diri sendiri. Fitur Celengan Superbank bikin dana darurat aman terkendali.,1.48.0,0,2026-06-26T07:39:14-07:00,Superbank,superbank,app_store,6444720285
14228636437,Jecaxxx,5,The best SuperBank!,"Berawal dari coba-coba mindahin uang kembalian ke Superbank, sekarang malah jadi akun utama buat numpukin dana darurat. Bunganya itu loh, juara!!!",1.48.0,0,2026-06-26T06:24:47-07:00,Superbank,superbank,app_store,6444720285
14228595820,Raya Comunity,5,Aplikasi bagus,Gak perlu nunggu punya uang jutaan buat nabung di Superbank. Dari recehan aja bisa berkembang berkat bunga tingginya. Pas buat dana darurat mikro.,1.48.0,0,2026-06-26T06:13:29-07:00,Superbank,superbank,app_store,6444720285
14227730405,Fung6688,5,Pinjaman,"Pinjaman paling cepat cair , bisa pinjam berulang tp tolong dong bunganya jangan gede lah , bagi yg pinjaman berulang kasih promo diskon lah , masa gak ada spesial buat customer sih .",1.48.0,0,2026-06-26T01:16:18-07:00,Superbank,superbank,app_store,6444720285
14227652945,Lulaaayyyy,1,Ga bisa masuk ke aplikasi,"Ini kenapa susah sekali masuk, dan disuruh hubungi nomornya cs tapi tidak bisa. Kami inbox di email ga ada balasan. Di sosmed kalian komentar dibatasi maksudnya apa",1.48.0,0,2026-06-26T00:42:53-07:00,Superbank,superbank,app_store,6444720285
14226820430,DianLestari40,5,fitur mudah digunakan,aplikasi mudah digunakan. proses transfer antar bank cepat. cocok buat pemula yang mau nyimpan di bank digital,1.48.0,0,2026-06-25T18:53:00-07:00,Superbank,superbank,app_store,6444720285
14225934100,alxghr,5,Aplikasi paling simpel dan gk makan banyak memori,Aplikasi perbankan paling simpel dan nyaman dipakai.. gk makan banyak memori dan gk banyak yg ribet2 sampai terlalu banyak loading seperti apk bank lainnya..aku belum lama pakai ini tpi malah jadi favorit ku.. yang penting tetap jaga keamanan nya dengan baik yaa dan selalu menjaga amanah para nasabah..🙏🏻😊😊,1.48.0,0,2026-06-25T13:14:36-07:00,Superbank,superbank,app_store,6444720285
14225624743,miciaprilia,1,GA MASUK AKAL,"minjem uang 4jt dipotong admin segala macem cair 3,8 bayar 7 jt lebih GILAAAAA!! bunganya gede bgt malah besaran bunga",1.48.0,0,2026-06-25T11:28:45-07:00,Superbank,superbank,app_store,6444720285
14223741340,Dafijngjm,5,Superbank,Mantap,1.48.0,0,2026-06-25T01:18:47-07:00,Superbank,superbank,app_store,6444720285
14219395632,Rimoyyy,5,Moyin,"Proses sign in lancar ke aplikasi Superbank, tampilannya juga mudah dipahami dan sangat nyaman digunakan setiap hari.",1.48.0,0,2026-06-23T22:32:40-07:00,Superbank,superbank,app_store,6444720285
14219097348,kiaaakia,1,Jelek menurut gue .,Jatuh tempo 25 dia tagih 3 hari sebelum nerorr mulu kayak ketakutan bgt. Sedangkn shoppe/ kredivo ga bawel menurut gue sangat mengganggu ya .  Mending gausah minjemin kalau emang ketakutan,1.48.0,0,2026-06-23T20:27:20-07:00,Superbank,superbank,app_store,6444720285
14218725511,Matahari menyinari,1,Penipuan,Bunga deposito gak sesuai dengan yang di janjiin rugi banget jangan mau deposito uang di sini,1.48.0,0,2026-06-23T17:55:49-07:00,Superbank,superbank,app_store,6444720285
14218479153,SelviaRF,1,SCAM KARTU UNTUNG,"Jangan mau kalo ditawari kartu untung ya, apaan janjinya modal 50rb gak bakal rugi pasti untung. Katakan pretttt!!! Sehari buka kartu dapatnya paling tinggi cuma 9 perak, kekmana sampe kapan mau untungnya? Wong balik modal aja masih jauhhhh. Edan, fix scam!",1.48.0,0,2026-06-23T16:15:20-07:00,Superbank,superbank,app_store,6444720285
14216488565,Imeliatorie,5,Banyak Benefit,"Gara2 liat review superbank d ios seliweran d tl, td lgsg mutusin bkin akun. Emg bneran dpt benefit bnyk pas order grabcar pas tdi mau brgkt kntor",1.48.0,0,2026-06-23T05:19:10-07:00,Superbank,superbank,app_store,6444720285
14216046957,piyaarch,5,"Gara2 liat review superbank d ios seliweran d tl, td lgsg mutusin bkin akun. Emg bneran dpt benefit","Gara2 liat review superbank d ios seliweran d tl, td lgsg mutusin bkin akun. Emg bneran dpt benefit bnyk pas order grabcar pas tdi mau brgkt kntor",1.48.0,0,2026-06-23T02:30:26-07:00,Superbank,superbank,app_store,6444720285
14215958810,Syawali50,5,Good,"Kemurnian dark modenya pas di mata, ga bkin silau klo cek saldo subuh2",1.48.0,0,2026-06-23T01:50:06-07:00,Superbank,superbank,app_store,6444720285
14215911898,Fanny Vatricia,5,Hemat naik Grab,"Untung udh download superbank, naik grab jd bsa hmat bnyk",1.48.0,0,2026-06-23T01:28:11-07:00,Superbank,superbank,app_store,6444720285
14215891259,Urbandecay1,5,potongan lumayan,Potongan grabcar nya lumayan bgt bwat brgkt kntor tiap pagi,1.48.0,0,2026-06-23T01:18:18-07:00,Superbank,superbank,app_store,6444720285
14215870865,annthemoon,5,Ini hemat banget,Pokoknya yg pgn furgal living ato hemat wajib bgt punya superbank ini,1.48.0,0,2026-06-23T01:08:30-07:00,Superbank,superbank,app_store,6444720285
14215666335,Winda sl,5,Honest review,"Udh lama download ini dpt disc juga pake grab pake promo kerjaaama superbank jdi 1k waaw bgt jarak jauh lgi, skrg juga saldo ovo berbunga 5% banyak promonya deh mantapp",1.48.0,0,2026-06-22T23:29:14-07:00,Superbank,superbank,app_store,6444720285
14212186067,Hyklsp,5,Banyak diskon grab,"Untung udh download superbank, naik grab jd bsa hmat bnyk",1.47.0,0,2026-06-22T02:24:49-07:00,Superbank,superbank,app_store,6444720285
14212136394,Ninaagww,1,K,Gak bisa daftar udah berkali kali coba ga tau knapa,1.47.0,0,2026-06-22T02:02:32-07:00,Superbank,superbank,app_store,6444720285
14211846313,ovienda,5,Penggunaan mudah cepat,"Notif pengeluaran superbank d ios instan bgt, jd gampang tracking duit",1.47.0,0,2026-06-21T23:45:10-07:00,Superbank,superbank,app_store,6444720285
14211819246,Arpramana,1,Aplikasi aneh,"Bertahun” pakai bank digital kalau ada kendala selalu ada solusinya. Cuma di bank digital ini aja ketika aplikasinya sendiri yang bug, customer yang disalahkan, ujung”nya customer ga bisa akses uangnya sendiri dibank ini dan disuruh tunggu bulan depan untuk bisa akses kembali

Serem sih, baru kali ini punya uang ga bisa diakses di bank, walaupun mereka sudah verifikasi data diri pengguna

Lebih baik uninstall cari yang bunga lebih rendah tp worry free",1.47.0,0,2026-06-21T23:31:56-07:00,Superbank,superbank,app_store,6444720285
14211478289,narandomo,1,Stuck at loading screen,Gak bisa proceed ke selfie krn stuck di loading screen terus,1.47.0,0,2026-06-21T20:48:54-07:00,Superbank,superbank,app_store,6444720285
14210374256,ichsan ichan,1,top up,Top Up 2 kali duit kaga masuk,1.47.0,0,2026-06-21T13:17:18-07:00,Superbank,superbank,app_store,6444720285
14209115383,Siska dp,5,Mantul,Barusan nyoba transfer bca ke superbank instant bgt lgsg masuk,1.47.0,0,2026-06-21T06:39:57-07:00,Superbank,superbank,app_store,6444720285
14207595818,davidharianto,1,OVO Nabung di topup dan tidak langsung masuk,"Saya topup ovo dan dari ovo ditransfer ke ovo nabung dan dananya tidak langsung masuk, harus menunggu 1x24 jam. Bank macam apa lah ini",1.47.0,0,2026-06-20T20:25:57-07:00,Superbank,superbank,app_store,6444720285
14204277827,dhimas pradana,5,gabikin mata sakit,dark modenya cakep bgt pas dibuka malem2 ga bikin mata sakit,1.47.0,0,2026-06-20T00:23:29-07:00,Superbank,superbank,app_store,6444720285
14203355159,kkkeiko1,5,recommended,Bunganya lumayan bgt buat naro dana darurat tipis2 d superbank,1.47.0,0,2026-06-19T18:07:13-07:00,Superbank,superbank,app_store,6444720285
14202966333,JORAFELAL,5,Pendaftaran dan pengajuannya,Cepet banget prosesnya,1.47.0,0,2026-06-19T15:33:15-07:00,Superbank,superbank,app_store,6444720285
14202040007,fatimahtujahra,5,recomended bangett,gas nyoba superbank d iphone 12 lancar jaya no lag lag club,1.47.0,0,2026-06-19T10:10:14-07:00,Superbank,superbank,app_store,6444720285
14201945216,Habanksmmeks,5,good,"aplikasinya enteng ya ga bikin hp anget pas buka, sip bgt nih dev nya",1.47.0,0,2026-06-19T09:40:57-07:00,Superbank,superbank,app_store,6444720285
14200475139,Sa23255,1,APLIKASI BANK TERNAJIS,"SUMPAH YAH GW SEMPET PUNYA SUPERBANK DAN LUPA NOMOR GW DAN RENCANA NELPON CS LAAH DIKASIH PERTANYAAN YG NANYA SALDO TERAKHIR GW. YAAA MANA GW INGET DAN GW UDAH 3x gagal ya karna gw gak inget kocak justru nlp cs untuk
Minta solusi malah goblok suruh nelpon berulang kali ke cs nya harus sampe verifikasi bener!! KALO GITU GW GAPERNAH BISA BUKA AKUN SUPERBANK TOLOL",1.47.0,0,2026-06-19T01:29:53-07:00,Superbank,superbank,app_store,6444720285
14199847165,Arsyaka dikara,1,Dcnya gk bisa bedain udah bayar apa belum,Ditelfon terus. Padahal udah bayar h-3 sebelum jatuh tempo,1.47.0,0,2026-06-18T20:49:38-07:00,Superbank,superbank,app_store,6444720285
14198208449,Indo1311,5,Good,Gara2 tmen pamer diskon grab td lgsg cuss bkin akun superbank jg wkwk,1.47.0,0,2026-06-18T10:40:28-07:00,Superbank,superbank,app_store,6444720285
14197578004,Nasriholup,3,Saku Bersama,Tolong buatin saku bersama dong !,1.47.0,0,2026-06-18T07:35:12-07:00,Superbank,superbank,app_store,6444720285
14195220446,iamamrullah,5,Bagus bgt,"tegrasi grab sm superbank bneran dpt jempol lima sih, ga prlu ribet top up ovo lg skrg",1.47.0,0,2026-06-17T16:01:41-07:00,Superbank,superbank,app_store,6444720285
14193563343,jiikojiiik,5,Recommended,Rekening digital baru lg wkwk tp yg ini mayan kepake bgt buat gojekan eh grab mksdnya,1.47.0,0,2026-06-17T07:05:01-07:00,Superbank,superbank,app_store,6444720285
14192346164,nabsh10,5,superbank,anyep banget dompet tgl tua pas liat promo superbank langsung sumringah lagi,1.47.0,0,2026-06-16T23:23:24-07:00,Superbank,superbank,app_store,6444720285
14191878174,Bzgaha,5,Superbank,anyep bgt dompet tgl tua pas liat promo superbak lgsg sumringah lg wkwkwk,1.47.0,0,2026-06-16T19:56:18-07:00,Superbank,superbank,app_store,6444720285
14190984658,PAS penipuan,1,PAS tidak bisa cair,"sudah setengah tahun status PAS sedang di verifikasi, sangat kecewa dengan aplikasi ini",1.47.0,0,2026-06-16T14:16:40-07:00,Superbank,superbank,app_store,6444720285
14188639614,Fathi Yakan,5,Superbank,"Suka banget sama fitur celengan di superbank, bikin nabung jadi gampang, ga ribet",1.47.0,0,2026-06-16T01:00:50-07:00,Superbank,superbank,app_store,6444720285
14188303588,elyzabeth carolina,5,good,"Akhirnya bsa misahin uang jajan sm uang tabungan pke fitur celengan d superbank, rapih bgt jadinya.",1.47.0,0,2026-06-15T22:18:34-07:00,Superbank,superbank,app_store,6444720285
14187974810,usr000,5,Portfolio Deposito,"Halo Superbank, tolong tambahkan name tag untuk portfolio deposito",1.47.0,0,2026-06-15T19:49:38-07:00,Superbank,superbank,app_store,6444720285
14186401492,suzgiwz,5,Dari segimanapun udah oke banget,"Nyobain cs-nya superbank lewat aplikasi, responnya ramah n cepet jg pas nanya soal promo kemaren",1.47.0,0,2026-06-15T10:18:32-07:00,Superbank,superbank,app_store,6444720285
14185764444,Indriyana Dewi Bachdar,5,superbank,Td nyoba transfer dr bank lain ke superbank real time bgt lgsg masuk ga pke nunggu lama,1.47.0,0,2026-06-15T07:11:49-07:00,Superbank,superbank,app_store,6444720285
14185526720,Riamaniah,5,Sangat membantu,"Sumpah ya ini aplikasi superbank d ios smooth bgt, ga ky bank sblah yg srg mt",1.47.0,0,2026-06-15T06:00:26-07:00,Superbank,superbank,app_store,6444720285
14185322612,frgriadltna,5,review,"solusi bgt bwt yg males bayar biaya admin bulanan yg gede, disini transparan",1.47.0,0,2026-06-15T04:53:53-07:00,Superbank,superbank,app_store,6444720285
14185284604,neyaneyo,5,superbank,"Fitur keamanan superbank oke bgt d ios, bsa pke face id ato touch id jd ttep merasa aman naroh duit dsitu",1.47.0,0,2026-06-15T04:40:47-07:00,Superbank,superbank,app_store,6444720285
14185267705,Jihansec,5,Review,"Sinyalnya td agak ilang tp pas buka superbank ttp bsa masuk, top lah aplikasinya",1.47.0,0,2026-06-15T04:34:50-07:00,Superbank,superbank,app_store,6444720285
14185265705,anindraapw,5,superbank,agak typo pas ngisi bbrp data tdi tp untung bsa d benerin lg wkwk untung superbank sistemnya ga ribet,1.47.0,0,2026-06-15T04:34:07-07:00,Superbank,superbank,app_store,6444720285
14185265484,calysm,5,superbank,"yg punya iphone storage mepet gausah khawatir, aplikasi superbank ini sizenya lumayan kecil kok ga bkin penuh",1.47.0,0,2026-06-15T04:34:03-07:00,Superbank,superbank,app_store,6444720285
14185158631,goorich,5,Tampilan oke bgtt,"Suka bgt sama dark mode-nya superbank di ios, bikin mata ga sakit kl lagi cek saldo malem” haha",1.47.0,0,2026-06-15T03:55:12-07:00,Superbank,superbank,app_store,6444720285
14184923994,Cinuur,1,Parah sih,Aplikasi keuangan terparah sih.. bunga nya gede banget.. masih kurang 5hari dr tgl bayar  udah di teror telf terus ky penjahat.. bunganya parh nyekek banget.. kupikir OVO bisa dipercaya ternyata tidak..,1.47.0,0,2026-06-15T02:16:41-07:00,Superbank,superbank,app_store,6444720285
14182606573,Nabungyuk,5,Comeon open,Very good and simple to login,1.47.0,0,2026-06-14T10:43:40-07:00,Superbank,superbank,app_store,6444720285
14179701949,Albarrulinanta,5,FREE s/d 300K : 9DOVV1RE,"No ribet, cuan berlimpah, yg butuh pinjaman jg cepat, gampang
Jgn lupa 9DOVV1RE free cash back s/d 300K!!",1.47.0,0,2026-06-13T16:42:08-07:00,Superbank,superbank,app_store,6444720285
14173610764,asral143,2,Ngkk bisa,"Ini maksudnya gimana,, awal nya sudah aman verifikasi, mau narik PAS katanya tunggu verifikasi lagi dah seminggu, chat SC ngk bisa harus update apps padahal ngk ada update",1.47.0,0,2026-06-12T05:19:14-07:00,Superbank,superbank,app_store,6444720285
14171961361,Tawon ganteng,1,Gampang keblokir,"Jgn taro uang disini gampang keblokir, dah hubungi cs gak bisa menjelaskan juga, kenyamanan 0",1.47.0,0,2026-06-11T17:44:11-07:00,Superbank,superbank,app_store,6444720285
14170428887,ameliawijaya,5,love banget sama apknya🫰🏻,"Awalnya ragu tp pas nyoba emg sekeren itu, ui-nya cakep pol",1.47.0,0,2026-06-11T09:00:23-07:00,Superbank,superbank,app_store,6444720285
14170419895,kingtopmedan,1,Gagal,Tidak bisa daftar,1.47.0,0,2026-06-11T08:57:45-07:00,Superbank,superbank,app_store,6444720285
14169574017,Sabilrraa,5,Nabung,"Ga khawatir lagi soal biaya admin hidden, disini semuaa transparan",1.47.0,0,2026-06-11T04:42:14-07:00,Superbank,superbank,app_store,6444720285
14169553145,Meliya18,5,Goodjob,"Verifikasi instan, ga mpe nunggu berjam jam lgsg aktif",1.47.0,0,2026-06-11T04:34:59-07:00,Superbank,superbank,app_store,6444720285
14169249260,ayaaaye,5,keren,"Sangat membantu buat atur keuangan bulanan, fiturnya oke.",1.47.0,0,2026-06-11T02:36:25-07:00,Superbank,superbank,app_store,6444720285
14169115050,kuahsotolima,5,bgus,"Tampilan g neko2, tp keamanannya ttp kerasa trusted bgt…",1.47.0,0,2026-06-11T01:35:59-07:00,Superbank,superbank,app_store,6444720285
14169078547,fgfhjhhhhhhh,5,Good,Fitur autodebetnya berguna bgt buat yang suka lupa bayar tagihan kaya gue,1.47.0,0,2026-06-11T01:19:03-07:00,Superbank,superbank,app_store,6444720285
14168828255,aisyah laras,5,mntapp,"sejauh ini performanya top bgt, blm nemu bug samsek.",1.47.0,0,2026-06-10T23:20:30-07:00,Superbank,superbank,app_store,6444720285
14168408427,ca.olin,5,😍,"Ga khawatir lagi soal biaya admin hidden, disini smua transparan",1.47.0,0,2026-06-10T20:08:15-07:00,Superbank,superbank,app_store,6444720285
14166611802,akurajin,5,super jelasss,"pertama kali nyoba langsung sreg sm ui nya, ga bikin bingung sm sekali",1.47.0,0,2026-06-10T09:12:21-07:00,Superbank,superbank,app_store,6444720285
14166036618,fawahchu,5,good recommend,"solusi cerdas bwt yg mau punya
tabungan digital aman dan anti ribet",1.47.0,0,2026-06-10T06:23:33-07:00,Superbank,superbank,app_store,6444720285
14165872415,kylfd,5,good recommend,"promo e-wallet nya lumayan bgt buat jajan harian, mantap",1.47.0,0,2026-06-10T05:32:57-07:00,Superbank,superbank,app_store,6444720285
14165504268,shafakhadijah,5,good recommend,"top up kesini gampang, transfer keluar jg gratisss",1.47.0,0,2026-06-10T03:23:18-07:00,Superbank,superbank,app_store,6444720285
14165424144,widear9,5,Good recommend,"Gampang bgt dipake buat transfer
harian, sat set bgt",1.47.0,0,2026-06-10T02:49:38-07:00,Superbank,superbank,app_store,6444720285
14165365411,Ramadhantii,5,Good recommend,"Bagus aplikasinya, daftarnya cepet bgt ga ribet.",1.47.0,0,2026-06-10T02:23:58-07:00,Superbank,superbank,app_store,6444720285
14165363854,dila pramudita,5,good recommend,"Aplikasinya bneran smooth di ios, transakasi satset gapake lama",1.47.0,0,2026-06-10T02:23:17-07:00,Superbank,superbank,app_store,6444720285
14165287107,iohCK,5,Superbank,"Tabungan masa kini bgt, praktis bwt anak kosan kyk gw",1.47.0,0,2026-06-10T01:48:23-07:00,Superbank,superbank,app_store,6444720285
14165219950,Arydinat,5,Fitur,"Desain app-nya beneran modern, ga bosenin liat dashboard nya",1.47.0,0,2026-06-10T01:16:57-07:00,Superbank,superbank,app_store,6444720285
14165215859,mranditn,4,E-statement in english,Tolong buatkan e-statement dalam bahasa inggris,1.47.0,0,2026-06-10T01:15:03-07:00,Superbank,superbank,app_store,6444720285
14165134621,Tuek_,5,Good Recommend,Worth it bwt yg mau punya seccond account ato tabungan utama,1.47.0,0,2026-06-10T00:36:39-07:00,Superbank,superbank,app_store,6444720285
14165122308,Darsaaa,5,Good recommend,Rekening digital paling aman & nyaman bwt simpen dana darurat,1.47.0,0,2026-06-10T00:30:51-07:00,Superbank,superbank,app_store,6444720285
14165057332,Issabllah,5,Good recommend,"Jauh lebih hemat pakai ini buat transfer antar bank, ga kepotong biaya macem2",1.47.0,0,2026-06-10T00:00:00-07:00,Superbank,superbank,app_store,6444720285
14164544389,Crystalbeadss,5,Mantapp,"Cocok bwt kaum mendang mending kyk gw, bunganya menguntungkan",1.47.0,0,2026-06-09T20:05:16-07:00,Superbank,superbank,app_store,6444720285
14164404931,anggita ketlin bella p,5,superbank,"Verifikasinya kilat bgt pas daftar, lgsg bsa dipake transaksi.",1.47.0,0,2026-06-09T19:07:24-07:00,Superbank,superbank,app_store,6444720285
14164179545,Vistya mira,5,Praktis,"Gak ribet, gak lemot, pokoknya mantap abis superbank.",1.47.0,0,2026-06-09T17:37:15-07:00,Superbank,superbank,app_store,6444720285
14162865045,nasywaaazd,5,gokilll,"Aplikasi terpercaya, transaksi selalu aman dan tercatat rapih",1.47.0,0,2026-06-09T09:45:12-07:00,Superbank,superbank,app_store,6444720285
14162781795,Iyahibo,5,Good recommend,"Ternyata beneran enteng apps nya, ga kyk aplikasi bank lain yg suka berat",1.47.0,0,2026-06-09T09:19:49-07:00,Superbank,superbank,app_store,6444720285
14162346409,angnkrp,5,best banget,"verifikasinya cepet banget pas daftar, langsung bisa dipake transaksi",1.47.0,0,2026-06-09T07:10:52-07:00,Superbank,superbank,app_store,6444720285
14162142039,ceuceuelma,1,Gaperlu donlot,"Gausah pake ini guys, proses segala2nya lama bgt. Saldo ovo aku 800k beku gabisa dipake",1.47.0,0,2026-06-09T06:09:52-07:00,Superbank,superbank,app_store,6444720285
14161957405,amel rizka,5,⭐️⭐️⭐️⭐️⭐️,"Ga ribet samsek pas registrasi, satset langsung kelar",1.47.0,0,2026-06-09T05:10:56-07:00,Superbank,superbank,app_store,6444720285
14161924791,yaaain,5,bagus,"pas banget di iphone, tampilannya responsif dan estetik",1.47.0,0,2026-06-09T05:00:03-07:00,Superbank,superbank,app_store,6444720285
14161877377,User mengeluh,1,Pelayanan CS kurang,Mana ini Call Center di telfon gak nyambung keburu pulsa habis. Ada kendala lewat email juga lama respons nya. Jam berapa sih jam kerja cs nya masa susah di hubungi..,1.47.0,0,2026-06-09T04:43:43-07:00,Superbank,superbank,app_store,6444720285
14161632396,ysyydhe,5,best aplikasi,"tampilanya kekinian bangt,enk dilihat di pake harian",1.47.0,0,2026-06-09T03:11:46-07:00,Superbank,superbank,app_store,6444720285
14161573014,Qwrta_12,5,Best,"Suka banget ga ribet, loginnya jg aman pake face id ios",1.47.0,0,2026-06-09T02:46:59-07:00,Superbank,superbank,app_store,6444720285
14161524601,Dkakrnwnn,5,Top,"Promo e-wallet nya lumayan bgt bwt jajan harian, mantap.",1.47.0,0,2026-06-09T02:25:44-07:00,Superbank,superbank,app_store,6444720285
14161483492,djulerna,5,Aplikasi bermanfaat,"Aplikasinya bneran smooth di ios, transakasi satset gapake lama",1.47.0,0,2026-06-09T02:07:28-07:00,Superbank,superbank,app_store,6444720285
14160851772,Monstrx777,1,Saham Superbank Jatuh,Sahamnya tolong dijaga Arb berjilid2,1.47.0,0,2026-06-08T21:13:19-07:00,Superbank,superbank,app_store,6444720285
14157787447,michaelim7,5,review ni bos,"Verifikasinya kilat bgt pas daftar, lgsg bsa dipake transaksi.",1.47.0,0,2026-06-08T03:08:11-07:00,Superbank,superbank,app_store,6444720285
14157432045,Hally Sungkar,5,Good,"Fitur tabungannya oke bgt, bunga jg bersaing lah ya.",1.47.0,0,2026-06-08T00:22:46-07:00,Superbank,superbank,app_store,6444720285
14157138506,EKA PRIDHI,5,Review pemakaian superbank,"Mantap dengan menggunakan superbank transfer kemana aaja free, dan dapat bunga setiap bulannya. Dan masih banyak lagi keuntungan dengan fitur"" tabungan yang telah disediakan di superbank. Jangan ragukan lg yuk download 🌟🌟🌟🌟🌟",1.46.0,0,2026-06-07T21:59:58-07:00,Superbank,superbank,app_store,6444720285
14153042302,Sari nor,1,penipuan kah?,"rencana donwload krn grgr grab biar bayar lgsg lewat superbank krn klo lewat ovo kena admin trs. pas download dsruh masukan ktp, oke aja, pas udh di isi ktp gabisa masuk dong?? aneh bgt untuk apa disuruh isi ktp ujung""nya gabisa masuk bajingan, ambil data orang aja kah?",1.46.0,0,2026-06-06T20:15:14-07:00,Superbank,superbank,app_store,6444720285
14149644821,alifa.sskiaa,1,merugikan 😡❗️❗️,"gmna si saya udah cba berkali kali masuk ke superbank tapi gabisa semuanya data yg saya daftarkan padahal masih aktif, di dalam superbank ada uang saya yg dari ovo tba tba tanpa persetujuan uang saya di pindahkan ke superbank, tapi pas saya mau loging atau daftar ke super bank gabisa, tolong di tindak lanjutin😡❗️❗️❗️😡",1.46.0,0,2026-06-05T23:49:08-07:00,Superbank,superbank,app_store,6444720285
14147088211,ghawer,1,Bukti Transaksi,"Knp bukti transaksi gak ada keterangan id transaksi, perasaan dulu ada dah. sekarang harus manual liat history terus ss. Dulu begitu transaksi terus share langsung ada id transaksi jelas. Sekarang cuman transaksi berhasil dan nominal, kesannya kaya gak asli soapnya gak ada id transaksi. Aneh banget lu",1.46.0,0,2026-06-05T08:00:55-07:00,Superbank,superbank,app_store,6444720285
14145508874,cbmkh,5,Superbank,"Awalnya cuma coba karena penasaran, ternyata malah nyaman dipakai buat kebutuhan sehari-hari.",1.46.0,0,2026-06-04T22:04:37-07:00,Superbank,superbank,app_store,6444720285
14145217925,Someone who got badluck,1,WORST APP EVER !!,"A few months ago i decided to borrow some money from them. The interest is totally different from the ads ive seen. Its almost 100% a year. Crazy. But i needed it at that time so i had no choice. But what makes me feel unsatisfied and angry is, they ( the sales or debt collector or maybe loan shark ) called me like 10-20times a day asking me to pay the debt although the due date is still in a week away. Its been months, and i never paid the bill late. I think superbank is a big company, is that really their SOP? If you guys are thinking about borrowing the money from them, DONT!! Trust me, just dont !",1.46.0,0,2026-06-04T19:52:24-07:00,Superbank,superbank,app_store,6444720285
14142016197,zackysyah,5,bagus,Salah satu aplikasi yang bikin urusan finansial jadi terasa lebih praktis dan simple.,1.46.0,0,2026-06-04T00:36:02-07:00,Superbank,superbank,app_store,6444720285
14142010469,ecahha,5,review superbank,Sejauh ini pengalaman transfer dan pembayaran lancar semua. Semoga makin berkembang fiturnya.,1.46.0,0,2026-06-04T00:33:23-07:00,Superbank,superbank,app_store,6444720285
14141545626,kinprncss,5,performa lancar,"Yang paling kerasa tuh performanya konsisten. Dipakai pagi, siang, malam tetap lancar.",1.46.0,0,2026-06-03T20:54:01-07:00,Superbank,superbank,app_store,6444720285
14138221678,batbabat,1,Bunga Ketinggian,"parah, bandingin sama kredivo sama gopay, jauh banget superbank sedot darah",1.46.0,0,2026-06-03T00:58:21-07:00,Superbank,superbank,app_store,6444720285
14137862613,Meizhar,5,Aplikasi Ringan,Aplikasi banking yang nggak bikin capek dipakai. Semua terasa ringan dan straightforward.,1.46.0,0,2026-06-02T22:11:59-07:00,Superbank,superbank,app_store,6444720285
14137768760,tiwi afridini,5,praktis,Suka karena nggak banyak step yang nggak perlu. Semua dibuat praktis.,1.46.0,0,2026-06-02T21:29:34-07:00,Superbank,superbank,app_store,6444720285
14137760947,elyasiska,5,Proses Cepat,Buat transfer cepet banget prosesnya. Kadang belum sempet keluar aplikasi udah masuk notif berhasil 😄,1.46.0,0,2026-06-02T21:26:03-07:00,Superbank,superbank,app_store,6444720285
14137541336,andre adriansyah,5,bagus dan simpel,Baru beberapa hari pakai tapi impression pertamanya bagus banget. Responsif dan simpel.,1.46.0,0,2026-06-02T19:51:27-07:00,Superbank,superbank,app_store,6444720285
14137418908,khansa virya,5,GOOD,"Aku lumayan sering multitasking pas buka aplikasi, dan ini tetap lancar tanpa ngelag.",1.46.0,0,2026-06-02T19:02:26-07:00,Superbank,superbank,app_store,6444720285
14137384941,Nadirah balqis,5,Bagus,Salah satu digital banking app yang paling stabil di HP aku sejauh ini.,1.46.0,0,2026-06-02T18:49:03-07:00,Superbank,superbank,app_store,6444720285
14135627992,Nrjana,4,Pertanyaan!,Pinjam di tgl 2 bulan ini pilih tenor yg 1 bulan di tgl 25. Lha kok tenornya dibulan ini jga tgl 25.. brrti ga satu bulan itu,1.46.0,0,2026-06-02T08:32:39-07:00,Superbank,superbank,app_store,6444720285
14134126141,baby zhaf,5,tidak ngelag,"biasanya aku males buka aplikasi bank karna lemot, tapi yg ini beda. Ringan banget rasanya",1.46.0,0,2026-06-01T23:29:10-07:00,Superbank,superbank,app_store,6444720285
14134073039,Gibrel622,1,Sistem cacat,"Transfer uang saja bisa sangkut disuruh tunggu sampe seminggu cuma uang 600rb doang. Jaman sekarang tapi penyelesaian lambat hingga sekarang belum selesai

Tutup aja bank lu ga becus ga professional. Mana berani nyimpen duit disini",1.46.0,0,2026-06-01T23:04:17-07:00,Superbank,superbank,app_store,6444720285
14133766660,riswanda sekar,5,mudah digunakan,Fitur-fiturnya cukup lengkap tapi tetap gampang dipahami. Nggak overcomplicated.,1.46.0,0,2026-06-01T20:45:33-07:00,Superbank,superbank,app_store,6444720285
14133750608,tataazz,5,rapi,Pertama kali coba langsung suka sama navigasinya. Semua menu tersusun rapi.,1.46.0,0,2026-06-01T20:38:36-07:00,Superbank,superbank,app_store,6444720285
14133723286,dzuanda,5,mantep,Aku suka karena tampilannya nggak norak dan gampang dibaca. Clean banget overall.,1.46.0,0,2026-06-01T20:26:56-07:00,Superbank,superbank,app_store,6444720285
14133707064,Indra2122,5,Aplikasi bagus dan recomended,Cukup impressed sama performanya. Pindah menu cepat dan transaksi juga responsif.,1.46.0,0,2026-06-01T20:20:02-07:00,Superbank,superbank,app_store,6444720285
14133696179,Sri Puji Paramitha,5,Nyaman,Pengalaman pakainya sejauh ini nyaman. Nggak ada drama error mendadak atau aplikasi freeze.,1.46.0,0,2026-06-01T20:15:30-07:00,Superbank,superbank,app_store,6444720285
14133668051,abroryyy,5,Mantapp,Buat kebutuhan transfer dan simpan uang sehari-hari udah lebih dari cukup sih,1.46.0,0,2026-06-01T20:03:47-07:00,Superbank,superbank,app_store,6444720285
14130436696,aniq kay,5,"Transfer cepat, gak ribet",Proses transfernya cepat dan sejauh ini belum pernah ada kendala berarti. Semoga tetap konsisten.,1.46.0,0,2026-06-01T01:49:51-07:00,Superbank,superbank,app_store,6444720285
14129909051,KejujurN,1,SEMUA GAJELAS,"Promo ga bisa di pake, cs lemot banget ga ngasi solusi sama sekali kapok baget tf bolak"" rugi waktu",1.46.0,0,2026-05-31T21:54:13-07:00,Superbank,superbank,app_store,6444720285
14129695816,Reignheart13,1,Repot banget,"Tiap kali login, minta kode OTP & selfie
Buang waktu
Auto uninstall",1.46.0,0,2026-05-31T20:21:17-07:00,Superbank,superbank,app_store,6444720285
14129611053,nadilla f,5,sederhana namun lengkap,Suka sama tampilannya yang minimalis tapi tetap lengkap informasinya. Nggak bikin mata capek.,1.46.0,0,2026-05-31T19:46:18-07:00,Superbank,superbank,app_store,6444720285
14129559364,anjannay,5,Pemakaian,Pas pertama kali pakai langsung ngerti harus klik apa. User experience-nya oke sih,1.46.0,0,2026-05-31T19:25:32-07:00,Superbank,superbank,app_store,6444720285
14129507576,Vicky Ellyanny,5,Apk superbank,"Setelah beberapa minggu pakai, overall experience-nya stabil banget. Jarang ada bug aneh.",1.46.0,0,2026-05-31T19:05:04-07:00,Superbank,superbank,app_store,6444720285
14129478050,Bangbit.,5,Keren,Buat orang yang nggak terlalu ngerti aplikasi banking juga pasti gampang adaptasinya.,1.46.0,0,2026-05-31T18:53:31-07:00,Superbank,superbank,app_store,6444720285
14129452261,nommiiiiiiiiiiii,5,works,Aku notice aplikasi ini jarang maintenance pas lagi butuh-butuhnya. Jadi lebih reliable.,1.46.0,0,2026-05-31T18:43:27-07:00,Superbank,superbank,app_store,6444720285
14129452033,Rkjln,5,Lancarr,Dipakai di HP lama pun masih lancar. Nggak berat dan nggak sering force close.,1.46.0,0,2026-05-31T18:43:22-07:00,Superbank,superbank,app_store,6444720285
14127905793,minimal perbaiki,5,Kode cuan,Pake kode 5NOLDK buat nambah saldo kamu🫶🏻🤍🤍🤍🤍🤍,1.46.0,0,2026-05-31T09:32:49-07:00,Superbank,superbank,app_store,6444720285
14126898666,rahma fitriani,5,praktis dan solutif❗️,"Dipakai tiap hari buat bayar-bayar dan top up, sejauh ini aman dan responsif terus",1.46.0,0,2026-05-31T04:23:40-07:00,Superbank,superbank,app_store,6444720285
14126110197,Acacsca,5,Mantap deh,Safety number 1,1.46.0,0,2026-05-30T22:53:45-07:00,Superbank,superbank,app_store,6444720285
14125817336,nonanabella,5,app smooth,"Biasanya app banking suka ada lag kecil pas pindah menu, tapi yang ini smooth terus.",1.46.0,0,2026-05-30T20:42:53-07:00,Superbank,superbank,app_store,6444720285
14125724451,iraairaa,5,Bikin tenangg,Udah beberapa kali transfer nominal lumayan dan prosesnya cepet banget. Bikin tenang.,1.46.0,0,2026-05-30T20:04:36-07:00,Superbank,superbank,app_store,6444720285
14125704621,Naominomnomm,5,simple,Cocok buat yang suka aplikasi simpel tanpa ribet. Semua fitur penting langsung keliatan.,1.46.0,0,2026-05-30T19:56:42-07:00,Superbank,superbank,app_store,6444720285
14125699699,Elita Xuxi,5,okee bangettt,Bantu banget buat atur uang harian karena aksesnya gampang dan fiturnya straightforward.,1.46.0,0,2026-05-30T19:54:45-07:00,Superbank,superbank,app_store,6444720285
14125688106,xenovialim,5,aplikasi terbaik,Salah satu aplikasi bank yang menurutku flow-nya paling enak. Semua terasa natural dipakai.,1.46.0,0,2026-05-30T19:50:07-07:00,Superbank,superbank,app_store,6444720285
14122563985,Angeliciaaa,5,Praktis,"Awalnya cuma iseng install, sekarang malah jadi app yang paling sering dibuka tiap hari. Praktis banget buat transfer dan cek saldo.",1.46.0,0,2026-05-30T01:35:29-07:00,Superbank,superbank,app_store,6444720285
14122469392,Vanda Anggraini,5,Aplikasi bagus,Tampilannya clean dan nggak rame. Jadi enak dipakai walaupun sering buka tutup aplikasi.,1.46.0,0,2026-05-30T00:55:13-07:00,Superbank,superbank,app_store,6444720285
14122387413,frtaekookie,5,bagus,Dipakai buat transaksi harian nyaman banget. Semua menu gampang dipahami dari awal.,1.46.0,0,2026-05-30T00:19:54-07:00,Superbank,superbank,app_store,6444720285
14121621679,chintyaaa putriii,5,SUPERBANK APK FAVORITKU,"Yang paling aku suka tuh loading-nya cepat. Baru buka aplikasi langsung masuk, nggak pake nunggu lama.",1.46.0,0,2026-05-29T18:51:18-07:00,Superbank,superbank,app_store,6444720285
14118419952,Ottsiko,1,Belom jatuh tenpo terus teruss gila gila gila,"Ga deh cukup awal coba coba pinjem sejuta, belom jatuh tempo di tlp nin terus udah di jawab masih ngulang pertanyaan yg sama wkwkkw woy gua belom pikun .. beda sama yg lain yg ini bawel guys kaya pjnjem ratusan juta aja sop sih sop ga sampe sehari 3 atau 4x juga kan cape jawab nya",1.46.0,0,2026-05-28T23:44:16-07:00,Superbank,superbank,app_store,6444720285
14117549685,vrgoboy,5,Superbank,"pinjam,nabung mudan dan aman di superbank, terpercaya bahkan banyak promo menarik lainnya.",1.46.0,0,2026-05-28T17:21:13-07:00,Superbank,superbank,app_store,6444720285
14116977838,Ibu ibu ngidam !!!,5,Bagus aplikasi,"Banyak Promo , dan transaksi dimana saja !! Mempermudah transaksi",1.46.0,0,2026-05-28T13:37:06-07:00,Superbank,superbank,app_store,6444720285
14111422569,Hui goreng,1,Ga aman,"Saya sempet uninsatall aplikasi,pas mau instal lg malah hrs daftar ulg dan ga bisa masuk padahal ada saldo saya disitu",1.46.0,0,2026-05-27T03:59:28-07:00,Superbank,superbank,app_store,6444720285
14103364484,BIBILNALA,5,Membantu,"UI-nya bikin nyaman lama-lama scroll, jarang lag, deposito praktis dengan bunga yang kompetitif.",1.46.0,0,2026-05-24T23:56:02-07:00,Superbank,superbank,app_store,6444720285
14103342867,Naela Septiani,5,oke banget,Dipakai sehari-hari masih lancar.,1.46.0,0,2026-05-24T23:45:36-07:00,Superbank,superbank,app_store,6444720285
14103326518,Liya Maria,5,transaksi nyaman,"UI Superbank bikin nyaman seharian, transaksi cepat, bunga oke tanpa syarat aneh.",1.46.0,0,2026-05-24T23:37:41-07:00,Superbank,superbank,app_store,6444720285
14103085842,tiaarls,5,Gak ribet,Proses transaksi terasa jelas dan stepnya nggak ribet.,1.46.0,0,2026-05-24T21:39:02-07:00,Superbank,superbank,app_store,6444720285
14103052458,swlndari6,5,Buat Nabung,buat nabung bulanan lumayan membantu sih,1.46.0,0,2026-05-24T21:22:47-07:00,Superbank,superbank,app_store,6444720285
14102320724,AppReviewer.id,5,Logic Auto Isi perlu diperbaiki,"Perlu ada button isi manual, tadi nanya CS auto isi aktif jam 7-12, kalo udah isi saku sebelum jam 7 dan ada dana cukup nanti auto isi aktif jadi terasa 2x ngisi saku. Logicnya agak ga nyaman ya",1.46.0,0,2026-05-24T16:10:33-07:00,Superbank,superbank,app_store,6444720285
14098983111,nazwatul,5,FITUR MUDAH,Fitur-fiturnya gampang diakses langsung dari halaman depan.,1.46.0,0,2026-05-23T19:26:55-07:00,Superbank,superbank,app_store,6444720285
14098979981,shila amalia,5,aplikasinya rapi,tampilannya rapi jadi enak dipakai tiap hari,1.46.0,0,2026-05-23T19:25:40-07:00,Superbank,superbank,app_store,6444720285
14098976446,Dinda Nisrina,5,Simpel tapi lengkap,Aplikasinya simpel tapi tetap lengkap buat kebutuhan dasar.,1.46.0,0,2026-05-23T19:24:14-07:00,Superbank,superbank,app_store,6444720285
14098966168,Eunike karundeng,5,mudah untuk dimengerti,Menurutku ini salah satu aplikasi bank digital yang gampang dipahami,1.46.0,0,2026-05-23T19:20:08-07:00,Superbank,superbank,app_store,6444720285
14098609627,Mz**00,1,Pemerasan,"Minjem 6jt bunga nya 4,5jt gilaa mao coba meres ini mah, mending juga galbay",1.46.0,0,2026-05-23T16:59:41-07:00,Superbank,superbank,app_store,6444720285
14096418983,Alfandi Taufan,1,Aplikasi paling rusak,"Sumpah aplikasinya jelek banget, akunya tidak bisa masuk, harus hubungi csnya, mana makan pulsa banyak terus tetap ga bisa login",1.46.0,0,2026-05-23T04:39:11-07:00,Superbank,superbank,app_store,6444720285
14096377348,Topbaw,1,Banyak embel”,Tolong hapus data”saya,1.46.0,0,2026-05-23T04:23:54-07:00,Superbank,superbank,app_store,6444720285
14096091150,kalarsw3,5,Jelas,Aku suka karena semua informasi penting dijelasin dengan jelas.,1.46.0,0,2026-05-23T02:27:49-07:00,Superbank,superbank,app_store,6444720285
14095332017,Cantika maheswari,5,Cepat,Daftarnya cepet dan verifikasinya juga nggak ribet.,1.46.0,0,2026-05-22T20:53:08-07:00,Superbank,superbank,app_store,6444720285
14095239219,Shofia Eka,5,nyaman dilihat,Yang aku suka itu tampilannya nggak bikin pusing lihatnya.,1.46.0,0,2026-05-22T20:14:01-07:00,Superbank,superbank,app_store,6444720285
14091848118,Sandi feb,1,Hapus akun,Cara hapus akun bagaimana ?,1.46.0,0,2026-05-21T22:54:42-07:00,Superbank,superbank,app_store,6444720285
14091587524,iaacamell,5,Bunganya oke,Bunganya cukup bersaing dibanding aplikasi lainyang pernah dicoba.,1.46.0,0,2026-05-21T20:45:13-07:00,Superbank,superbank,app_store,6444720285
14091424139,Anggi Novita,5,Deposito,Buat yang baru mulai deposito menurutku cocok sih,1.46.0,0,2026-05-21T19:30:09-07:00,Superbank,superbank,app_store,6444720285
14091419257,Aulia rikaliny,5,Aplikasi mantep,Superbank jadi salah satu aplikasi yang rutin aku buka sekarang.,1.46.0,0,2026-05-21T19:28:03-07:00,Superbank,superbank,app_store,6444720285
14091417096,Andi Rizal Akbar,5,Cek saldo gampang,Sekarang cek saldo jadi lebih gampang tanpa harus ke ATM.,1.46.0,0,2026-05-21T19:27:08-07:00,Superbank,superbank,app_store,6444720285
14091413925,Kadek Devita,5,aman,Aku pakai buat nabung dan sejauh ini aman-aman aja.,1.46.0,0,2026-05-21T19:25:45-07:00,Superbank,superbank,app_store,6444720285
14091413254,Zikri098,5,Aplikasinya ringan,Aplikasinya ringan dan loadingnya masih cepet di HP aku.,1.46.0,0,2026-05-21T19:25:26-07:00,Superbank,superbank,app_store,6444720285
14090779698,Apagahha,5,aa,sudah di setujui tpi gak bisa di tarik,1.46.0,0,2026-05-21T15:00:00-07:00,Superbank,superbank,app_store,6444720285
14088950050,Sansi setia permana,5,Penyelamat dikala mendesak,"Pencairan cepat , tenor lama dan bungal flat. Recommend bangett",1.46.0,0,2026-05-21T04:32:34-07:00,Superbank,superbank,app_store,6444720285
14087934771,Panggil saja mirna,1,APK TIDAK GUNA,Log in muter muter aja hampir 1 jam 🤣,1.46.0,0,2026-05-20T20:31:26-07:00,Superbank,superbank,app_store,6444720285
14087836986,Medina Dn,5,Aman,Belum pernah ngalamin error aneh selama pemakaian,1.46.0,0,2026-05-20T19:46:58-07:00,Superbank,superbank,app_store,6444720285
14087836924,nblh aa,5,kebutuhan harian,Untuk kebutuhan finansial harian menurutku udah cukup banget.,1.46.0,0,2026-05-20T19:46:57-07:00,Superbank,superbank,app_store,6444720285
14087816061,ameliasuri,5,👍🏻,Buka deposito bisa langsung lewat HP jadi lebih praktis.,1.46.0,0,2026-05-20T19:37:43-07:00,Superbank,superbank,app_store,6444720285
14087792980,Ushi san,5,Responsif!,Aku suka karena pindah menu terasa cepat dan responsif.,1.46.0,0,2026-05-20T19:27:45-07:00,Superbank,superbank,app_store,6444720285
14084723491,SUCI APRIANTI,1,BANK PALING RIBET MAU DAFTAR AJA SUSAH BANGET,WOI SISTEM KAU ERROR BARU MAU DAFTAR ERROR.... YANG BERLAKU APA... HADEWH DEMN ALANGKE RIBET KAMU INI...,1.46.0,0,2026-05-20T00:16:38-07:00,Superbank,superbank,app_store,6444720285
14084662422,halosblla,5,best,Praktis karena semua kebutuhan dasar udah ada di aplikasinya.,1.46.0,0,2026-05-19T23:46:00-07:00,Superbank,superbank,app_store,6444720285
14084635968,Alpin09,5,Cepat dan simple,"Daftar akun nggak makan waktu lama, prosesnya juga jelas.",1.46.0,0,2026-05-19T23:32:33-07:00,Superbank,superbank,app_store,6444720285
14084627601,Wlnprc,5,Gratis ratusan transfer,Superbank cukup membantu buat atur keuangan sehari-hari.,1.46.0,0,2026-05-19T23:28:19-07:00,Superbank,superbank,app_store,6444720285
14084540977,nurrhmh,5,TERBAIK,Aplikasinya cocok buat yang nggak suka tampilan terlalu rame.,1.46.0,0,2026-05-19T22:44:23-07:00,Superbank,superbank,app_store,6444720285
14084528947,imamprw,5,Aman untuk transaksi,Dipakai buat transaksi rutin masih aman dan normal sejauh ini.,1.46.0,0,2026-05-19T22:38:18-07:00,Superbank,superbank,app_store,6444720285
14081990605,hildaoktavianty,5,Bunganya lumayan,Bunganya lumayan menarik buat tambahan nabung harian.,1.46.0,0,2026-05-19T06:19:13-07:00,Superbank,superbank,app_store,6444720285
14081700653,alan emploek,5,Login error,Kenapa akhir akhir ini aplikasi sering error untuk masuk,1.46.0,0,2026-05-19T04:40:57-07:00,Superbank,superbank,app_store,6444720285
14081463911,shofafafafaaaaaaaa,1,aplikasi gak bisa dibuka,"dari kemarin gak bisa kebuka selalu ada tulisan “sepertinya ada masalah, coba lagi nanti ya” pdhl jaringan bagus, hp udh di restart, gak di mode pesawat, udh di update, dari kemarin gelisah bgt karna ada uang yg nominalnya gak sedikit menurut saya, mohon diperbaiki!!!",1.46.0,0,2026-05-19T03:06:11-07:00,Superbank,superbank,app_store,6444720285
14081396180,Nabilla_Sara,1,Bikin kesel!!,"Sudah top-up untuk pesanan Grab Food, malah ujung2nya aplikasi crash!! gak bisa dibuka! jadi terpaksa harus bayar / top-up lagi via aplikasi lain!!",1.46.0,0,2026-05-19T02:34:42-07:00,Superbank,superbank,app_store,6444720285
14079156627,D. Sr,5,6YBMAIOV,Yang mau gabung buruan pakai kode 6YBMAIOV gampang kok daftarnya.,1.46.0,0,2026-05-18T10:20:01-07:00,Superbank,superbank,app_store,6444720285
14079080279,Yesica farhana,4,Tidak jadi,"Mungkin nanti aja kalo sudah membutuhkan,jadi tolong data saya untuk dijaga jangan disalah gunakan",1.46.0,0,2026-05-18T09:54:19-07:00,Superbank,superbank,app_store,6444720285
14077769577,azizaq,1,Sering tiba2 gak bisa di akses,Ga bisa diakses,1.45.0,0,2026-05-18T02:17:29-07:00,Superbank,superbank,app_store,6444720285
14072860644,TOLONG YA APLIKASINYA,1,EROR 04,Ini kenapa ya saya mau buka gak bisa dibuka tolong dong uangnya saya mau gunakan lo ini gak bisa dibuka dsri tadi malam erorr04 katanya. Ada apa sih akun kalian tiba ada uang seperti ini. KACAU KALI SISTEMNYA,1.45.0,0,2026-05-16T17:25:48-07:00,Superbank,superbank,app_store,6444720285
14067316739,Nisahasanahhhh,3,JANGAN PAKAI BANK GAJELAS INI,Sumpah gajelas,1.45.0,0,2026-05-15T07:10:31-07:00,Superbank,superbank,app_store,6444720285
14066630363,dheaa ayu aulia putrii,5,sangat aman,bebas simpan saldo berapa,1.45.0,0,2026-05-15T03:22:58-07:00,Superbank,superbank,app_store,6444720285
14066388889,OkAyyhhs,5,fitur canggih,"Sekarang hanya tinggal upgrade ga perlu download bar, jadi lebih praktis dan hemat waktu. Aplikasi Superbank juga tampilannya nyaman dipakai",1.45.0,0,2026-05-15T01:37:07-07:00,Superbank,superbank,app_store,6444720285
14066306988,wiliastina,5,apk superbank ku,superbank ini sangat praktis mudah cepat dan mudah prosesnya apalagi bebas simpan sldo berpa aja,1.45.0,0,2026-05-15T00:58:17-07:00,Superbank,superbank,app_store,6444720285
14064538939,faqihmuw,4,Bug Biometrik,"Hai min! Mohon perbaikan untuk fitur login/transfer menggunakan biometrik seperti face id di iOS, di awal bisa namun setelah beberapa kali kembali error, dan tidak bisa dipakai fiturnya, terimakasih.",1.45.0,0,2026-05-14T12:03:03-07:00,Superbank,superbank,app_store,6444720285
14058824544,Fadlis burger,1,Gajelas,"Udah install promo di grab ilang semua, what a scam",1.45.0,0,2026-05-12T23:10:08-07:00,Superbank,superbank,app_store,6444720285
14058527161,Mawar1997c,2,gak jelas,"transaksi 1x24 jam status masih proses tidak ada kejelasan, saldo tidak balik , Cs lama respon nya gajelas .",1.45.0,0,2026-05-12T20:41:02-07:00,Superbank,superbank,app_store,6444720285
14058492406,azka slsbila,5,aman transfer,"bebas simpan disini, aplikasi nya mudah di gunakan dan tidak sulit di jalankan",1.45.0,0,2026-05-12T20:24:41-07:00,Superbank,superbank,app_store,6444720285
14058070146,HAK1688,5,Bank Sangat SUPER,TOP TOP TOP aja komen nya..,1.45.0,0,2026-05-12T17:23:18-07:00,Superbank,superbank,app_store,6444720285
14056926121,anggnp,1,gaguna,yg masi mau dwonload mending gausah ketimbang nyesel,1.45.0,0,2026-05-12T10:06:09-07:00,Superbank,superbank,app_store,6444720285
14055207139,tlg direspon,1,gajelss,"tolong direspon ya chat sy, sy ketarik 450rb tp gaada riwayat transaksi",1.45.0,0,2026-05-11T23:17:53-07:00,Superbank,superbank,app_store,6444720285
14054793626,KONTOL 8,1,APLIKASI ANJING,2X transaksi lebih 1 jam tidak berhasil,1.45.0,0,2026-05-11T19:52:10-07:00,Superbank,superbank,app_store,6444720285
14047621643,aphrogytha,5,pinjam untung,"saya ud apake aplikasi ini, mudah untuk proses pendaftarannya apalagi banyak promo juga di bank ini pokoknya bisa tranksaksi dimana saja",1.45.0,0,2026-05-09T21:18:08-07:00,Superbank,superbank,app_store,6444720285
14040721148,jekwbiwivugw,3,Bunga pinjaman 9%,"Bunga gede ditambah ada potongan admin, gak recomend",1.45.0,0,2026-05-08T00:59:05-07:00,Superbank,superbank,app_store,6444720285
14039838900,Anggita Maharani,5,Sangat mudah untuk proses pendaftarannya tidak perlu waktu yang lama,Sangat mudah untuk proses pendaftarannya tidak perlu waktu yang lama,1.45.0,0,2026-05-07T17:51:31-07:00,Superbank,superbank,app_store,6444720285
14039771346,oktolim,4,Celengan,Halo superbank diupgrade lagi donk auto celengan nya berupa nominal rp.100.000 terima kasih,1.45.0,0,2026-05-07T17:22:22-07:00,Superbank,superbank,app_store,6444720285
14039671035,pengunaim30858,2,"sering pemeliharaan sistem,deposito suka lama cairnya",masa  pemeliharaan sistem setiap hari,1.45.0,0,2026-05-07T16:38:36-07:00,Superbank,superbank,app_store,6444720285
14036367500,Kris23828,2,Pendaftaran Gagal Tanpa Penjelasan yang Jelas,"Pendaftaran gagal terus dan harus nunggu sampai hari berikutnya. Masalahnya, keterangannya kurang jelas. Di bank digital lain biasanya kalau gagal ada alasan yang detail, misalnya alamat tidak sesuai, verifikasi wajah belum valid, atau data tertentu bermasalah. Tapi di sini sama sekali tidak ada penjelasan, jadi pengguna bingung harus memperbaiki bagian yang mana.",1.45.0,0,2026-05-06T18:06:45-07:00,Superbank,superbank,app_store,6444720285
14035501154,lyne_03,5,EM5V9N,apk ini sangat membantu👍 kalian jangan lupa pakai kode referral ini yaa EM5V9N,1.45.0,0,2026-05-06T12:10:32-07:00,Superbank,superbank,app_store,6444720285
14035272628,Raafi Rizky Widjaya,5,superbank review/ ulasan,"hanya tinggal upgrade ga perlu donwload baru , sangat mudah proses verifikasi untuk memudahkan pengguna baru cepat dan praktis sekali",1.45.0,0,2026-05-06T10:48:58-07:00,Superbank,superbank,app_store,6444720285
14033214132,Devichrist,1,Muak,"Pemblokiran secara tiba2 udh mengajukan laporan tpi msi sma saja statusnya ""sepertinya ada salah"" sda 1bln bgtu laporan terus ke email tpi tetap aj, maybe saldonya diambil sma superbanknya kali ya mkanya ga diproses",1.45.0,0,2026-05-05T21:14:56-07:00,Superbank,superbank,app_store,6444720285
14032947634,MonzzmonzMonzzzzzzzmonzzz,5,Referal : LUQEQYBG,"Kali aja ada yg mau pake kode referal ku 
LUQEQYBG",1.45.0,0,2026-05-05T19:11:12-07:00,Superbank,superbank,app_store,6444720285
14032934788,Awang Beleza,5,Bagus,"Udah beberapa minggu pakai, so far smooth banget. Transfer cepet, ga pernah ngalamin lag atau crash. Notifikasi juga real-time, jadi lebih tenang ngecek transaksi.",1.45.0,0,2026-05-05T19:05:41-07:00,Superbank,superbank,app_store,6444720285
14031703800,rainrh0,5,🫶,"•⁠ ⁠proses sign in lancar
•⁠ ⁠⁠mudah untuk proses pendaftaran
•⁠ ⁠⁠saldo OVO berbunga 5%
•⁠ ⁠⁠bebas simpan saldo
•⁠ ⁠⁠transaksi dimana saja
•⁠ ⁠⁠banyak promo
•⁠ ⁠⁠hanya tinggal upgrade ga perlu download baru",1.45.0,0,2026-05-05T10:47:30-07:00,Superbank,superbank,app_store,6444720285
14031678576,muhammad al fikri ramadhan,5,ulasan super bank,bagus sih apk nya deposito bunga nya bagus sekali nabung 500ribu selama 14hari bisa dapat 3juta itu saya udh ngerasain sabar aja yang penting ayok kwn kwn saya sendiri udah mencoba superbank bagus sekali apk nya dan jangan lupa pakai kode saya teman teman agar dapat vocher50ribu ni kode nya. (XWMRW576) jangan lupa kode undangan ini bisa dapat voucher 50ribu,1.45.0,0,2026-05-05T10:38:34-07:00,Superbank,superbank,app_store,6444720285
14029990633,Ka.kartika5318,5,Pendaftaran mudah,Daftarnya cepet banget cuma pake ktp aja udah langsung nyambung juga sama grab,1.45.0,0,2026-05-04T23:49:20-07:00,Superbank,superbank,app_store,6444720285
14029429579,Dian Irmayanti,5,rekomen bangeet,Pas pertama pakai langsung ngerti. Nggak bingung.,1.45.0,0,2026-05-04T19:18:27-07:00,Superbank,superbank,app_store,6444720285
14027639986,bank mumet,1,qris,qris pending suruh nunggu 7 hari kerja wkwk,1.44.0,0,2026-05-04T07:50:38-07:00,Superbank,superbank,app_store,6444720285
14018495562,putrrriayu,1,GABISA LOGIN,"tbtb bgt gabisa login, ada uang disini 8jt. udh coba segala macem cara, masih ae tetep gabisa login. udh email jg responya gada solusi, cmn suruh screenrecord. yg padahal dia ga ngasih akses screenrecord krna terdeteksi sm sistem kl lg screensharing. TOLONG BGTTT aku udh pake superbank setahun lebih, tbtb bgt dibikin kecewa kek gini.",1.44.0,0,2026-05-01T19:14:06-07:00,Superbank,superbank,app_store,6444720285
14015011558,Sandy_Gunawan,5,Bagus,Prosesnya jelas dari awal sampai akhir.,1.44.0,0,2026-04-30T20:50:41-07:00,Superbank,superbank,app_store,6444720285
14014846668,Reka.hamdalah,5,Bagus,Tidak ada kendala berarti selama ini.,1.44.0,0,2026-04-30T19:37:28-07:00,Superbank,superbank,app_store,6444720285
14011529607,Icang Songoli,5,Bagus,Cocok buat kebutuhan finansial sehari-hari.,1.44.0,0,2026-04-29T21:29:32-07:00,Superbank,superbank,app_store,6444720285
14008043180,Rizqifaisal,5,Bagus,Buat pemula aplikasi nya friendly banget.,1.44.0,0,2026-04-28T21:26:41-07:00,Superbank,superbank,app_store,6444720285
14004874456,Siapa wehhh,5,Top,"Pinjaman paling enakkk no admin 0% jatuh tempo juga bisa sampe 45 hari

Pake referral :  1R4Y84D",1.44.0,0,2026-04-27T23:34:00-07:00,Superbank,superbank,app_store,6444720285
14004613728,Aysel Ghaziy,5,Simple,Proses daftarnya simpel dan nggak ribet.,1.44.0,0,2026-04-27T21:12:22-07:00,Superbank,superbank,app_store,6444720285
14001646915,molldn,1,NOT RECOMMENDED,"saya sangat kecewa ketika saya tiba-tiba tidak bisa login akun superbank, dan ketika meminta arahan ke supercare pelayanannya sangat lama, sampai saat inipun belum ada yg menghubungi untuk mengarahkan bagaimana pemecahan masalah tidak bisa login ini, saldo saya ada disana dan pihak superbank seolah-seolah mengganggap remeh hal ini dgn merespon saya supaya bersabar",1.44.0,0,2026-04-27T01:03:32-07:00,Superbank,superbank,app_store,6444720285
14001201593,iniopop,5,banyak diskon,"seneng bgt pake superbank banyak bgt promonya, buat anak kos sangat membantu bgt xixixi",1.44.0,0,2026-04-26T21:02:41-07:00,Superbank,superbank,app_store,6444720285
14000874119,hanaidung,1,bunganya kegedean,berisik banget nelponin mulu suruh ngajuin limit pinjaman. Udah dibilang blm butuh. Mana gede bgt lagi bunganya. Udah gitu juga ada biaya potongan lagi pas ngajuin pinjaman. Alias nerimanya ga bersih sesuai nominal pinjaman,1.44.0,0,2026-04-26T18:26:46-07:00,Superbank,superbank,app_store,6444720285
13997283579,Mlscaaa,1,Transaksi gagal,Saya abis tf ke superbank paa mau tf lgi ke bank lain transaksi gagal terus yg katanya saldo ngk cukup lah no rek salah lah padahal semua udah bener saldo saya juga ada tapi gagal  terus mau chat pengduan katanya harus perbarui padahal udah versi baru duit saya nyangkut apk gajelas gmna saya ambil duit saya itu kalo gajelas,1.44.0,0,2026-04-25T18:02:50-07:00,Superbank,superbank,app_store,6444720285
13996695228,sangrasang,1,proses,"lama banget cairnya, ga satset",1.44.0,0,2026-04-25T13:43:32-07:00,Superbank,superbank,app_store,6444720285
13995855917,doooommmmmmsss,1,Pas,"Temen aing bisa pas, tapi aing gabisa, hapus apk tdk berguna",1.44.0,0,2026-04-25T08:43:02-07:00,Superbank,superbank,app_store,6444720285
13988138463,Aghni rasyiqah,5,Ringan,"App ringan, navigasi mudah, promo sering muncul, bunga depo fantastis.",1.44.0,0,2026-04-23T03:59:15-07:00,Superbank,superbank,app_store,6444720285
13983302296,gbrbydi12340,5,oke banget,"pengajuan di berbagai aplikasi ditolak semua,pdhal lagi butuh bgt buat anaku lg sakit,tapi disini langsng dikasih limit besar,baru pertama kali pinjam,terimakasih superbank",1.44.0,0,2026-04-21T17:00:54-07:00,Superbank,superbank,app_store,6444720285
13980202193,ebiot,5,keren,mantap,1.44.0,0,2026-04-20T19:08:04-07:00,Superbank,superbank,app_store,6444720285
13978754869,sir_arvin,1,bank digital berisi pelaku pelecehan seksual women to women cuih,cuih,1.44.0,0,2026-04-20T09:11:15-07:00,Superbank,superbank,app_store,6444720285
13975492239,SanSJ..,5,Banyak bonus nabing di superbank,"OKCAC379   
Masukin referral ini saat mendaftar dapat bonus 300 ribu priode 1 april / 30 april 2026
 Saya sudah dapat tinggal giliran teman-teman lain",1.43.0,0,2026-04-19T10:30:15-07:00,Superbank,superbank,app_store,6444720285
13973648534,Feykiyowo,5,Sangat rekomen,Puasss,1.43.0,0,2026-04-18T23:07:46-07:00,Superbank,superbank,app_store,6444720285
13970237470,Khafiv,5,keren apk nya,Sangat membantu saat butuh transfer mendadak.,1.43.0,0,2026-04-18T01:16:14-07:00,Superbank,superbank,app_store,6444720285
13969906584,fjflfjsb,5,simple,Tampilannya simpel jadi nggak perlu adaptasi lama. Sekali lihat langsung ngerti alurnya.,1.43.0,0,2026-04-17T22:43:49-07:00,Superbank,superbank,app_store,6444720285
13969786797,haninurhayani,5,keren,Saya cukup puas dengan stabilitasnya.,1.43.0,0,2026-04-17T21:46:48-07:00,Superbank,superbank,app_store,6444720285
13964844816,Ryandofw,1,Aplikasi Tidak Beres,"Uang besar tidak bisa diambil harus nunggu berbulan bulan, cuma gara gara instal aplikasi beberapa kali lalu diblokir padahal untuk data dan identitas udah sama",1.43.0,0,2026-04-16T11:58:30-07:00,Superbank,superbank,app_store,6444720285
13959881631,Sundari Sunshine,5,Bagus aplikasinya,"Respons aplikasinya cepat tiap pindah menu, nggak perlu nunggu lama",1.43.0,0,2026-04-15T02:49:38-07:00,Superbank,superbank,app_store,6444720285
13958886341,Yumas1128,5,Semoga aman,Semoga aman untuk tabungan haji dan umroh soalnya,1.43.0,0,2026-04-14T18:24:41-07:00,Superbank,superbank,app_store,6444720285
13955744441,Syailaaaadarmadi,2,Superbank,"Waduh saya punya pak error tidak bisa masuk,,,,,Deg deg an banget kalo gabisa di buka di dalam masih ada deposito",1.43.0,0,2026-04-13T20:35:37-07:00,Superbank,superbank,app_store,6444720285
13954623163,King Ezekiel99,1,Proses tidak stabil,"Waktu awal cepet buat cairin deposito, sekarang lama. Bikin 2 deposito, yang pertama lagi diproses mulu, yang kedua malah udah jadi. Jadi takut pake jangka panjang, aman atau gk",1.43.0,0,2026-04-13T12:25:23-07:00,Superbank,superbank,app_store,6444720285
13952471561,imel cangtip,1,CS tidak membantu,Komplain ke CS sudah satu jam dan kirim bukti lampiran tapi berbelit dan tidak mebantu,1.42.0,0,2026-04-12T21:53:41-07:00,Superbank,superbank,app_store,6444720285
13948969678,Ranywww,5,Oke,"Selama aku pakai sih belum pernah ada masalah, semuanya masih oke banget",1.42.0,0,2026-04-11T22:31:35-07:00,Superbank,superbank,app_store,6444720285
13948556154,Faisha Widjaya,5,Superbank,Dipakai untuk transaksi rutin dan semuanya berjalan normal.,1.42.0,0,2026-04-11T19:22:06-07:00,Superbank,superbank,app_store,6444720285
13942438128,ffaxdararradaafqraxdadqd,1,"Mohon bersabar, akunmu dalam proses verifikasi",Hoax,1.42.0,0,2026-04-10T04:15:44-07:00,Superbank,superbank,app_store,6444720285
13935796372,Gogo Rheza,1,"Bagusan Jago, BNC, Krom Bank",Dari sisi manajemen sih,1.42.0,0,2026-04-08T06:52:55-07:00,Superbank,superbank,app_store,6444720285
13929582130,arahan…:23,1,gimana,"limit saya 10juta dan dipemberitahuan sdh bisa dicairkan, tapi setelah saya coba tarik ada bacaan dalam verifikasi , jd gimna",1.42.0,0,2026-04-06T11:21:00-07:00,Superbank,superbank,app_store,6444720285
13924215606,LinggaAP,1,Bunga nya gede,Mending gua pake Shopeepaylater,1.42.0,0,2026-04-04T23:42:35-07:00,Superbank,superbank,app_store,6444720285
13924080959,AverageIndonesian,2,Duit besar jangan disini,"Oke aja pake ini app, bunga gede free bifast/realtime limit besar dll.. pas taro duit besar (300jt) di deposito pas baru transfer keluar sekali akunny malah ke lock katanya buat keamanan.. jadi itu duit nyangkut di dalem mana saya lg di luar negri gbs urus 😅",1.42.0,0,2026-04-04T22:36:46-07:00,Superbank,superbank,app_store,6444720285
13920230575,Mulyaniis,4,Kode ref,"Guys, cepet pake kode ini biar dapet promo JE923N",1.42.0,0,2026-04-03T21:00:37-07:00,Superbank,superbank,app_store,6444720285
13916445432,Pandanihya,5,Rating,"Aplikasi ini sangat membantu saat akan menabung, meminjam uang juga. Jadi gak kebingungan ketika membutuhkan uang",1.42.0,0,2026-04-02T20:16:43-07:00,Superbank,superbank,app_store,6444720285
13909787383,kuki meoww,5,superbank,suka sama superbank proses daftarnya cepet gak ribet dan mudah,1.42.0,0,2026-04-01T00:58:14-07:00,Superbank,superbank,app_store,6444720285
13908704046,amarta11,5,bagus,di tingkatkan laginpelayanany,1.42.0,0,2026-03-31T16:59:24-07:00,Superbank,superbank,app_store,6444720285
13908162525,Cak iminnn,5,Kode referal PFJ7KIR6,"Baru download, semoga bermanfaat buat kita semua

PFJ7KIR6",1.42.0,0,2026-03-31T13:18:29-07:00,Superbank,superbank,app_store,6444720285
13907800810,Baimkun,5,Sangat bagus,"Halo teman teman,,
Buat para user baru bank digital ini sangat rekomendasi banget.
Jangan lupa pake kode referral ini ya
K8YFH8QN

Terimakasih",1.42.0,0,2026-03-31T11:09:45-07:00,Superbank,superbank,app_store,6444720285
13903653357,pinjol abadi,1,gak jelas,"apasih pas pengambilan foto gak bisa bisa
ujung ujungnya malah apk terkunci. gak jelas bangt lapeeeet",1.42.0,0,2026-03-30T07:45:41-07:00,Superbank,superbank,app_store,6444720285
13903519155,Muhajrin iksan,5,Hp sy hilang,Kak gimn caranya kasih masuk akun kembali? Hp sy hilang terus nmr yg sy daftarkan ada di hp hilang?,1.42.0,0,2026-03-30T07:03:09-07:00,Superbank,superbank,app_store,6444720285
13901974645,Sabaria MS.,5,Good,Aplikasinya sangat bagus dan rekomendasi utk di pakai transaksi setiap hari nya,1.42.0,0,2026-03-29T19:19:16-07:00,Superbank,superbank,app_store,6444720285
13901742868,goez2878,1,Jngan pinjam d sini,Mau lunasin kena denda maksudnya gmna si. Orang klu lunasin d awal ngk kena denda. Yg kena denda yg  bayar telat jingg...logika lu masih waras ngak ??,1.42.0,0,2026-03-29T17:36:29-07:00,Superbank,superbank,app_store,6444720285
13900913091,Irfan eka saputra,5,Keren,Tambahan fitur auto debit/transfer berkala,1.42.0,0,2026-03-29T11:59:13-07:00,Superbank,superbank,app_store,6444720285
13895455595,Tikaaa98,3,Aplikasi tidak bisa dibuka,Ini kenapa ya? Sudah berhari2 tidak bisa login,1.42.0,0,2026-03-28T01:33:39-07:00,Superbank,superbank,app_store,6444720285
13895338166,E.cls,5,Bagus,"Baru berapa hari pake superbank, tapi sejauh ini oke sih, bunga tabungan/deposito besar dan minimal depositnya ga terlalu besar pilihan jangka waktunya juga ada yg singkat, ada fitur nabung, menarik buat dipake sih.

Referal L5OKZDVN",1.42.0,0,2026-03-28T00:38:28-07:00,Superbank,superbank,app_store,6444720285
13894159979,RM anugerah,5,Terbaik,Terbaik,1.42.0,0,2026-03-27T15:51:41-07:00,Superbank,superbank,app_store,6444720285
13893884905,ADMIN NEOBANK,5,KODE 45DKL3N,"GUNAKAN KODE : 45DKL3N

Agar dapat kejutannn🤩",1.42.0,0,2026-03-27T14:01:19-07:00,Superbank,superbank,app_store,6444720285
13891560346,rstianaspt,1,lemot,"verifikasi wajahnya lamaaaaaaaa banget, cuma nunggu di halaman yang muter muter berjam jam",1.42.0,0,2026-03-26T23:19:22-07:00,Superbank,superbank,app_store,6444720285
13888767325,Ajengggggygg,5,Membantu,"Buat yang baru mulai investasi, aplikasi ini cukup membantu.",1.42.0,0,2026-03-26T05:26:20-07:00,Superbank,superbank,app_store,6444720285
13888257383,lajimaaal,5,Superbank,Mau nabung atau investasi jadi lebih praktis cukup lewat satu aplikasi aja.,1.42.0,0,2026-03-26T01:57:36-07:00,Superbank,superbank,app_store,6444720285
13888252424,Nabcxx,5,GRAM640X kode referral,"Pengajuan pinjaman cepat sekali sangat membantu, pakai kode referralku GRAM640X 🤗",1.42.0,0,2026-03-26T01:55:08-07:00,Superbank,superbank,app_store,6444720285
13888247819,nomnommmmm,5,bagus dan jelas,Menu-menunya jelas jadi gampang navigasinya.,1.42.0,0,2026-03-26T01:52:55-07:00,Superbank,superbank,app_store,6444720285
13874862782,Vey0000,1,Susah log in,"Udh punya akun, coba berulang2 buat log in doang susah banget! Udh coba selfie 3 kali, dan selalu gagal mana harus 24 jam nunggunya. Mau minta otp buat ngatur ulang pin juga tulisannya “sepertinya ada yang salah” terus. Mohon dibenerin ya aplikasinya, kalau gini terus jd malas. Padahal dulu pas dipake bagus2 aja aplikasinya.",1.42.0,0,2026-03-22T05:14:33-07:00,Superbank,superbank,app_store,6444720285
13857123251,ghumaisa,5,Mudah digunakan,"Navigasi aplikasinya enak banget dipakai, semua menu tertata rapi jadi nggak bikin bingung.",1.42.0,0,2026-03-17T03:10:43-07:00,Superbank,superbank,app_store,6444720285
13856593389,Vindy Wondal,1,APLIKASI NIPU JGN DOWNLOAD!!,"Kecewa banget, sebelumnya pake superbank buat pembayaran di grab kok semalam tiba tiba ga bisa dipake, uang saya ketahan donggggg
Tiap mau masuk akun harus foto ktp, selfie tapi habis itu ga bisa masuk selalu tulisannya kembali besok kembali besok😩",1.42.0,0,2026-03-16T22:15:48-07:00,Superbank,superbank,app_store,6444720285
13856290047,Sarah Angela Dharma,2,Error incompatible device,"Kemarin siang saya daftar akun, dan setelahnya top up saldo dan link ke grab, tiap mau dipakai transaksi di grab selalu muncul error 'your device is incompatible', sedangkan device saya Ip15 dan iOS 18.5, dan sampai saat ini juga mau unlink to relink account error ckck. Tolong perbaiki API dan feedback return nya untuk sync data nya yaa",1.42.0,0,2026-03-16T19:38:50-07:00,Superbank,superbank,app_store,6444720285
13856273824,badgirll3,1,0,"ga jelas ni apk, uda punya akun trs login ulang gabisa. udah ngulang berkali” mana harus nunggu 24 jam. gabisa login lagi mana didalemnya masi ada duitnya lagi. ini kalo bisa bintang 0 sih",1.42.0,0,2026-03-16T19:31:27-07:00,Superbank,superbank,app_store,6444720285
13854693012,Antony monserrat,5,Nyimpen dana aman dan gampang,"Saya pakai Superbank buat simpan dana dan coba deposito, ternyata prosesnya gampang banget. Navigasinya jelas dan respons aplikasinya cepat. Menurut saya cocok juga buat yang baru mulai belajar nabung digital karena gak ribet. Ditambah lagi bunganya cukup menarik dibanding beberapa opsi lain yang pernah saya coba. ini baru namanya nabung masa depan,,, keren sih",1.42.0,0,2026-03-16T09:12:13-07:00,Superbank,superbank,app_store,6444720285
13853810552,Sulthan A S,5,Mantap Superbank,"Awalnya ragu, tapi setelah pakai ternyata user friendly banget. Nggak bikin bingung.",1.42.0,0,2026-03-16T03:57:33-07:00,Superbank,superbank,app_store,6444720285
13848800197,tiarawnd,5,Praktis,"semenjak pake SuperBank sering bgt nabung nih karna emang praktis bgt, selain itu dari segi tampilan oke menarik banget,  sering ngadain promo lagi, cocok deh buat pemula",1.41.0,0,2026-03-14T16:08:03-07:00,Superbank,superbank,app_store,6444720285
13846996870,Lee Zaki,5,Aman,Proses verifikasinya cepat sehingga bisa langsung mulai nabung atau investasi.,1.41.0,0,2026-03-14T05:31:13-07:00,Superbank,superbank,app_store,6444720285
13844199455,chacasyaa,5,pemula friendly,"cocok bgt buat pemula kyak aku, suka karna banyak promonya juga",1.41.0,0,2026-03-13T09:38:34-07:00,Superbank,superbank,app_store,6444720285
13843641939,Desrina n,5,Aplikasi anti ribet,"Aplikasi yang gak bikin memo hp penuh, praktis buat nabung dan transaksi. Dalam 1 genggaman, banyak manfaat.",1.41.0,0,2026-03-13T06:33:03-07:00,Superbank,superbank,app_store,6444720285
13843213502,Yuni anggi,5,Tf ke superbank mudah,"Transfer di superbank cepet karena menunya rapi dan gampang dicari, rekomended banget",1.41.0,0,2026-03-13T03:51:09-07:00,Superbank,superbank,app_store,6444720285
13842640809,kecewa superbank,1,buruk,"saya transfer dri seminggu yang lalu saldo dipotong,tapi saldonya engga masuk ke rekening tujuan . 
udah hubungin cs tapi engga ada kejelasan !! cs juga penanganan lama sekali kecewa sekali sama apk ini 
jgn simpan uang disini",1.41.0,0,2026-03-12T22:44:39-07:00,Superbank,superbank,app_store,6444720285
13842132637,Pilatdin,1,Gk respect,Tidak kompeten,1.41.0,0,2026-03-12T18:31:18-07:00,Superbank,superbank,app_store,6444720285
13839376173,Jaka Legawa,1,Aplikasi muter2 terus sesudah selfie,"Daftar oke. Kemudian aplikasi arahkan untuk selfie. Setelah selfie, aplikasi muter2 tak berkesudahan. Saya hapus saja aplikasi tak berguna ini.",1.41.0,0,2026-03-12T00:05:09-07:00,Superbank,superbank,app_store,6444720285
11798047133,clemmonix,4,Saku by Superbank,"Halo Superbank, tolong buat tambahan pilihan Ubah Nama Saku dan Hapus Saku. Terima kasih.",1.11.0,10,2024-10-04T16:49:36-07:00,Superbank,superbank,app_store,6444720285
11806162528,ATRBollinger,5,Kode :  DPM2GM,Gunakan kode :    DPM2GM agar dapat kejutan  😍😍,1.12.0,7,2024-10-06T20:39:27-07:00,Superbank,superbank,app_store,6444720285
11334440136,melati sofi,1,PENIPUAN,"Jelek banget, gw sengajak isi superbank karena udah terlanjur nyantol di grab, eh pas gw instal ulang pas masuk gabisa gadikasih kode, mana ada saldo nya, ini superbank mau ngambil saldo yg bagi kalian ga seberapa?",1.6.0,4,2024-06-02T03:21:13-07:00,Superbank,superbank,app_store,6444720285
12287223847,Vionagab,5,Sangat aman,"superbank itu aplikasi perbankan digital yang super aman dan gampang dipakai. semua data dan transaksi dijaga ketat dengan sistem keamanan canggih. ada enkripsi tingkat tinggi, jadi nggak perlu khawatir soal kebocoran data. selain itu, ada verifikasi biometrik biar cuma kamu yang bisa akses akunmu. tampilannya simpel dan enak dilihat, jadi nggak ribet pas dipakai. transaksi juga cepat, bebas hambatan, plus ada layanan pelanggan yang siap bantu kapan aja. pokoknya, kalau cari aplikasi bank yang aman dan nyaman, superbank jawabannya!",1.16.0,3,2025-02-08T11:49:01-07:00,Superbank,superbank,app_store,6444720285
11525595583,Oranglidi_,1,Perbaiki lagi sistemnya,Percuma gandeng grab kalo ujung2nya bikin sakit grab cuman gara2 unlink. Tiap promo grab gak ada vocernya.,1.8.0,3,2024-07-23T06:07:56-07:00,Superbank,superbank,app_store,6444720285
11338614095,nama panggilan naon wae,1,tidak bisa masuk,"tidak bisa masuk ke apk keterangan ""sepertinya ada yang salah, coba lagi"" gitu aja sudah berhari hari",1.6.0,3,2024-06-03T06:08:13-07:00,Superbank,superbank,app_store,6444720285
11858224483,Amartianis,1,opening account aja ga bisa,"tlp call center ga bisa. gaada wa juga. pas di email masa harus penginian data ganti ktp, yang benar saja.

malah nge jawab di email di suruhnya ke call center, saya tlp 1500 333 ga bisa heloww. di email bnr bnr ga nemu win solution",1.12.0,2,2024-10-21T04:18:11-07:00,Superbank,superbank,app_store,6444720285
13822000035,Leniiesem,5,Nabung aman pake aplikasi ini,"Satu aplikasi udah bisa nabung, deposito, sampai transaksi harian juga lancar.",1.41.0,1,2026-03-06T21:01:08-07:00,Superbank,superbank,app_store,6444720285
13583438898,E’mbh,2,Eror,Adakah yg sama harini gabisa login???,1.38.0,1,2026-01-01T18:50:04-07:00,Superbank,superbank,app_store,6444720285
12087437251,norikadwight,5,KODE: 1X5QDO untuk kejutan hadiah,Pakai kode 1X5QDO untuk dapatkan kejutan hadiah untuk kamu semua. Mari nabung di Superbank dan nikmati keuntungannya,1.15.1,1,2024-12-20T21:23:28-07:00,Superbank,superbank,app_store,6444720285
11423844976,515ines,5,superbank,"Mantap sekali ini aplikasi superbank, jaman modern sat set jadi deh",1.7.0,1,2024-06-25T21:17:33-07:00,Superbank,superbank,app_store,6444720285
11344464663,mber27,1,can’t read e-ktp,the apps cant read e-ktp verification,1.6.0,1,2024-06-04T18:57:50-07:00,Superbank,superbank,app_store,6444720285
11322569804,delle's Lullaby,1,Perbaiki!,"Sepertinya masih harus di perbaiki lagi yaa, gak jelas bgt molai kmaren masih stuck di pin gak bisa masuk. Gak jelassssz",1.6.0,1,2024-05-29T22:25:09-07:00,Superbank,superbank,app_store,6444720285
11320644859,baguzzzzz,1,PROMO GRAB NYA KOK DIGANTI??,"WAHH SAYANGG BANGET UDH SENENG ADA PROMO YG DISC 50k, SAYA SEBAGAI ANAK KOST NGRASA SENENG ADA INFORMASI DEMIKIAN, KARENA SAYA UDH TAU DRI HARI SENIN TPI SAYA MUTUSIN BUAT PAKE DI NANTI” KLO UDH GAPUNYA UANG/MENIPIS, TPI PAS SAYA MAU PAKE MALAH SEMPET ILANG?? TRUS ADA LGI TPI DIGANTI JDI MAKSIMUM 25K???? ITU PUN GA PASTI 25K KAYA YANG 50K KEMARIN??, SANGATT SANGATT KECEWAAAAAAA, PDHL UDH SAYA PUJI” BANGET SUPERBANK. KECEWA.",1.6.0,1,2024-05-29T09:22:57-07:00,Superbank,superbank,app_store,6444720285
11320302396,kederyut,1,Aplikasi nipu gausah didownload,"Aplikasi nipu gausah didownload
Dikit“ error kalo gabisa mending gausah bikin apk sesat",1.6.0,1,2024-05-29T07:36:02-07:00,Superbank,superbank,app_store,6444720285
11320026788,kittendust55,1,apk aneh,apk ga jelas. verifikasi data sampe lewat hari belum selesai juga. bank digital lain ga nyampe 5 menit selesai lah ini ga jelas. mana udah terlanjur submit data diri sama ktp lagi jangan jangan malah disalah gunakan,1.6.0,1,2024-05-29T06:12:24-07:00,Superbank,superbank,app_store,6444720285
11319879263,Ihsan1qqwheu,1,Penipuan,"Daftar susah2 , menjajikan voucher ternyata vouchernya hoax aja , agar org mau download ni apk",1.6.0,1,2024-05-29T05:25:37-07:00,Superbank,superbank,app_store,6444720285
11318972402,Zneirat,1,Aplikasi rusak,"Aplikasi rusak, verif email otp masuknya 12 jam, belum lagi kendala pembayarn motong 2x.",1.6.0,1,2024-05-28T23:27:56-07:00,Superbank,superbank,app_store,6444720285
11809679395,rohmad 2,1,Nipu,Agak laen g ad fitur pinjaman tpi iklan mya pinjaman,1.12.0,1,2024-10-07T20:19:32-07:00,Superbank,superbank,app_store,6444720285
11338995706,Hafizhyh20,1,Aneh,"ya elah baru juga daftar, dikatain ga lengkap dan ga sesuai, data yg mana coba🥲🥲",1.6.0,1,2024-06-03T07:59:12-07:00,Superbank,superbank,app_store,6444720285
11325669329,chaviesa,1,apk ga jelas,"ga jelas bat anjir ga bisa login buat link ke grab, eror mulu. laporin lewat email udah 3 hari ga dibales malah di bales template aja. kocak ni bank",1.6.0,1,2024-05-30T18:26:29-07:00,Superbank,superbank,app_store,6444720285
11201322577,dedycahyo,5,mantab JOXXLL,"mantab euy, buka akun satset pakai kode referral JOXXLL",1.5.0,1,2024-04-25T22:52:57-07:00,Superbank,superbank,app_store,6444720285
